ets Jun  8 2016 00:22:57

rst:0x1 (POWERON_RESET),boot:0x13 (SPI_FAST_FLASH_BOOT)
configsip: 0, SPIWP:0xee
clk_drv:0x00,q_drv:0x00,d_drv:0x00,cs0_drv:0x00,hd_drv:0x00,wp_drv:0x00
mode:DIO, clock div:1
load:0x3fff0030,len:6592
load:0x40078000,len:16676
ho 0 tail 12 room 4
load:0x40080400,len:4
load:0x40080404,len:4272
entry 0x40080658
[0;32mI (30) boot: ESP-IDF v5.4-dev-3602-ga97a7b0962-dirty 2nd stage bootloader[0m
[0;32mI (30) boot: compile time Oct 26 2024 20:39:10[0m
[0;32mI (30) boot: Multicore bootloader[0m
[0;32mI (34) boot: chip revision: v1.0[0m
[0;32mI (36) qio_mode: Enabling default flash chip QIO[0m
[0;32mI (41) boot.esp32: SPI Speed      : 80MHz[0m
[0;32mI (45) boot.esp32: SPI Mode       : QIO[0m
[0;32mI (48) boot.esp32: SPI Flash Size : 4MB[0m
[0;32mI (52) boot: Enabling RNG early entropy source...[0m
[0;32mI (56) boot: Partition Table:[0m
[0;32mI (59) boot: ## Label            Usage          Type ST Offset   Length[0m
[0;32mI (65) boot:  0 nvs              WiFi data        01 02 00009000 00006000[0m
[0;32mI (72) boot:  1 phy_init         RF data          01 01 0000f000 00001000[0m
[0;32mI (78) boot:  2 factory          factory app      00 00 00010000 00300000[0m
[0;32mI (85) boot: End of partition table[0m
[0;32mI (88) esp_image: segment 0: paddr=00010020 vaddr=3f400020 size=1b30e0h (1781984) map[0m
[0;32mI (550) esp_image: segment 1: paddr=001c3108 vaddr=3ff80000 size=00018h (    24) load[0m
[0;32mI (551) esp_image: segment 2: paddr=001c3128 vaddr=3ffb0000 size=03514h ( 13588) load[0m
[0;32mI (558) esp_image: segment 3: paddr=001c6644 vaddr=40080000 size=099d4h ( 39380) load[0m
[0;32mI (574) esp_image: segment 4: paddr=001d0020 vaddr=400d0020 size=2f360h (193376) map[0m
[0;32mI (623) esp_image: segment 5: paddr=001ff388 vaddr=400899d4 size=06d14h ( 27924) load[0m
[0;32mI (640) boot: Loaded app from partition at offset 0x10000[0m
[0;32mI (640) boot: Disabling RNG early entropy source...[0m
[0;32mI (650) quad_psram: This chip is ESP32-D0WD[0m
[0;32mI (650) esp_psram: Found 8MB PSRAM device[0m
[0;32mI (651) esp_psram: Speed: 80MHz[0m
[0;32mI (654) esp_psram: PSRAM initialized, cache is in low/high (2-core) mode.[0m
[0;33mW (662) esp_psram: Virtual address not enough for PSRAM, map as much as we can. 4MB is mapped[0m
[0;32mI (671) cpu_start: Multicore app[0m
[0;32mI (1138) esp_psram: SPI SRAM memory test OK[0m
[0;32mI (1147) cpu_start: Pro cpu start user code[0m
[0;32mI (1147) cpu_start: cpu freq: 240000000 Hz[0m
[0;32mI (1147) app_init: Application information:[0m
[0;32mI (1150) app_init: Project name:     person_detection[0m
[0;32mI (1156) app_init: App version:      4c474cc-dirty[0m
[0;32mI (1162) app_init: Compile time:     Oct 28 2024 20:10:37[0m
[0;32mI (1168) app_init: ELF file SHA256:  d00c2d190...[0m
[0;32mI (1173) app_init: ESP-IDF:          v5.4-dev-3602-ga97a7b0962-dirty[0m
[0;32mI (1180) efuse_init: Min chip rev:     v0.0[0m
[0;32mI (1185) efuse_init: Max chip rev:     v3.99 [0m
[0;32mI (1190) efuse_init: Chip rev:         v1.0[0m
[0;32mI (1195) heap_init: Initializing. RAM available for dynamic allocation:[0m
[0;32mI (1202) heap_init: At 3FFAE6E0 len 00001920 (6 KiB): DRAM[0m
[0;32mI (1208) heap_init: At 3FFB41B0 len 0002BE50 (175 KiB): DRAM[0m
[0;32mI (1215) heap_init: At 3FFE0440 len 00003AE0 (14 KiB): D/IRAM[0m
[0;32mI (1221) heap_init: At 3FFE4350 len 0001BCB0 (111 KiB): D/IRAM[0m
[0;32mI (1228) heap_init: At 400906E8 len 0000F918 (62 KiB): IRAM[0m
[0;32mI (1234) esp_psram: Adding pool of 4096K of PSRAM memory to heap allocator[0m
[0;32mI (1242) spi_flash: detected chip: generic[0m
[0;32mI (1246) spi_flash: flash io: qio[0m
[0;33mW (1250) i2c: This driver is an old driver, please migrate your application code to adapt `driver/i2c_master.h`[0m
[0;32mI (1261) main_task: Started on CPU0[0m
[0;32mI (1271) main_task: Calling app_main()[0m
Total heap size: 4509440
Free heap size: 4486564
Total PSRAM size: 8388608
Free PSRAM size: 4191548
Free heap size after allocation: 4306336
Free PSRAM size after allocation: 4011320
[0;32mI (1281) gpio: GPIO[25]| InputEn: 1| OutputEn: 0| OpenDrain: 0| Pullup: 1| Pulldown: 0| Intr:2 [0m
[0;32mI (1291) cam_hal: cam init ok[0m
[0;32mI (1291) sccb: pin_sda 26 pin_scl 27[0m
[0;32mI (1301) sccb: sccb_i2c_port=1[0m
[0;32mI (1301) gpio: GPIO[32]| InputEn: 0| OutputEn: 1| OpenDrain: 0| Pullup: 0| Pulldown: 0| Intr:0 [0m
[0;32mI (1341) camera: Detected camera at address=0x30[0m
[0;32mI (1341) camera: Detected OV2640 camera[0m
[0;32mI (1341) camera: Camera PID=0x26 VER=0x42 MIDL=0x7f MIDH=0xa2[0m
[0;32mI (1411) esp32 ll_cam: node_size: 3072, nodes_per_line: 1, lines_per_node: 4, dma_half_buffer_min:  3072, dma_half_buffer: 12288,lines_per_half_buffer: 16, dma_buffer_size: 24576, image_size: 18432[0m
[0;32mI (1421) cam_hal: buffer_size: 24576, half_buffer_size: 12288, node_buffer_size: 3072, node_cnt: 8, total_cnt: 1[0m
[0;32mI (1431) cam_hal: Allocating 9216 Byte frame buffer in PSRAM[0m
[0;32mI (1441) cam_hal: Allocating 9216 Byte frame buffer in PSRAM[0m
[0;32mI (1441) cam_hal: cam config ok[0m
[0;32mI (1451) ov2640: Set PLL: clk_2x: 0, clk_div: 3, pclk_auto: 1, pclk_div: 8[0m
Modificando los sensores...
PID: 0x26
Camera Initialized

Press 'a' to capture an image and run inference...
[0;32mI (1691) cam_hal: Buffer cleaned for frame position 0[0m
[0;32mI (1801) cam_hal: Buffer cleaned for frame position 1[0m

0.219608, 0.235294, 0.239216, 0.227451, 0.235294, 0.231373, 0.227451, 0.235294, 0.219608, 0.223529, 0.219608, 0.211765, 0.215686, 0.239216, 0.227451, 0.203922, 0.200000, 0.207843, 0.203922, 0.196078, 0.196078, 0.192157, 0.203922, 0.196078, 0.203922, 0.192157, 0.215686, 0.215686, 0.180392, 0.180392, 0.211765, 0.192157, 0.203922, 0.227451, 0.215686, 0.301961, 0.435294, 0.466667, 0.474510, 0.474510, 0.494118, 0.509804, 0.592157, 0.615686, 0.537255, 0.537255, 0.537255, 0.545098, 0.549020, 0.533333, 0.556863, 0.549020, 0.552941, 0.549020, 0.545098, 0.545098, 0.545098, 0.545098, 0.533333, 0.537255, 0.533333, 0.533333, 0.529412, 0.525490, 0.529412, 0.525490, 0.525490, 0.517647, 0.509804, 0.513726, 0.501961, 0.501961, 0.513726, 0.501961, 0.505882, 0.486275, 0.482353, 0.490196, 0.482353, 0.490196, 0.498039, 0.486275, 0.474510, 0.482353, 0.470588, 0.482353, 0.478431, 0.478431, 0.478431, 0.466667, 0.462745, 0.474510, 0.478431, 0.474510, 0.454902, 0.462745, 0.235294, 0.196078, 0.239216, 0.235294, 0.235294, 0.235294, 0.278431, 0.231373, 0.278431, 0.215686, 0.223529, 0.231373, 0.223529, 0.215686, 0.235294, 0.184314, 0.200000, 0.247059, 0.227451, 0.215686, 0.192157, 0.192157, 0.235294, 0.203922, 0.196078, 0.141176, 0.176471, 0.203922, 0.188235, 0.207843, 0.203922, 0.203922, 0.203922, 0.196078, 0.207843, 0.211765, 0.380392, 0.462745, 0.470588, 0.478431, 0.490196, 0.454902, 0.572549, 0.525490, 0.556863, 0.545098, 0.545098, 0.545098, 0.552941, 0.549020, 0.556863, 0.552941, 0.556863, 0.556863, 0.556863, 0.552941, 0.549020, 0.545098, 0.545098, 0.545098, 0.545098, 0.541176, 0.541176, 0.533333, 0.533333, 0.533333, 0.529412, 0.521569, 0.521569, 0.509804, 0.513726, 0.509804, 0.509804, 0.505882, 0.498039, 0.498039, 0.498039, 0.494118, 0.494118, 0.486275, 0.482353, 0.482353, 0.486275, 0.482353, 0.478431, 0.474510, 0.474510, 0.474510, 0.470588, 0.470588, 0.474510, 0.470588, 0.474510, 0.478431, 0.474510, 0.466667, 0.247059, 0.239216, 0.243137, 0.243137, 0.200000, 0.219608, 0.223529, 0.203922, 0.227451, 0.254902, 0.219608, 0.215686, 0.274510, 0.215686, 0.211765, 0.223529, 0.223529, 0.219608, 0.207843, 0.207843, 0.164706, 0.207843, 0.192157, 0.227451, 0.200000, 0.172549, 0.215686, 0.219608, 0.203922, 0.176471, 0.203922, 0.203922, 0.207843, 0.203922, 0.203922, 0.207843, 0.321569, 0.458824, 0.470588, 0.486275, 0.494118, 0.549020, 0.580392, 0.490196, 0.545098, 0.549020, 0.549020, 0.549020, 0.556863, 0.556863, 0.549020, 0.552941, 0.556863, 0.556863, 0.556863, 0.549020, 0.545098, 0.545098, 0.549020, 0.549020, 0.545098, 0.537255, 0.541176, 0.541176, 0.533333, 0.529412, 0.533333, 0.517647, 0.517647, 0.517647, 0.509804, 0.505882, 0.509804, 0.509804, 0.498039, 0.498039, 0.490196, 0.494118, 0.498039, 0.494118, 0.486275, 0.486275, 0.486275, 0.478431, 0.474510, 0.474510, 0.478431, 0.470588, 0.462745, 0.466667, 0.474510, 0.470588, 0.466667, 0.474510, 0.470588, 0.474510, 0.239216, 0.254902, 0.243137, 0.239216, 0.254902, 0.239216, 0.239216, 0.247059, 0.278431, 0.239216, 0.227451, 0.219608, 0.278431, 0.231373, 0.266667, 0.219608, 0.211765, 0.227451, 0.203922, 0.203922, 0.207843, 0.200000, 0.207843, 0.290196, 0.203922, 0.200000, 0.200000, 0.196078, 0.247059, 0.207843, 0.192157, 0.231373, 0.203922, 0.203922, 0.200000, 0.207843, 0.309804, 0.486275, 0.478431, 0.486275, 0.501961, 0.619608, 0.584314, 0.501961, 0.541176, 0.549020, 0.545098, 0.552941, 0.556863, 0.556863, 0.560784, 0.556863, 0.560784, 0.556863, 0.556863, 0.560784, 0.556863, 0.552941, 0.549020, 0.556863, 0.545098, 0.545098, 0.541176, 0.533333, 0.533333, 0.533333, 0.533333, 0.521569, 0.521569, 0.521569, 0.517647, 0.517647, 0.509804, 0.509804, 0.505882, 0.501961, 0.494118, 0.498039, 0.494118, 0.490196, 0.486275, 0.482353, 0.474510, 0.474510, 0.474510, 0.478431, 0.474510, 0.470588, 0.474510, 0.470588, 0.462745, 0.470588, 0.462745, 0.462745, 0.474510, 0.466667, 0.250980, 0.262745, 0.215686, 0.247059, 0.243137, 0.243137, 0.254902, 0.254902, 0.250980, 0.247059, 0.235294, 0.227451, 0.231373, 0.227451, 0.200000, 0.235294, 0.239216, 0.227451, 0.211765, 0.223529, 0.203922, 0.243137, 0.192157, 0.203922, 0.196078, 0.203922, 0.196078, 0.211765, 0.196078, 0.203922, 0.203922, 0.196078, 0.200000, 0.203922, 0.192157, 0.227451, 0.235294, 0.450980, 0.486275, 0.486275, 0.431373, 0.619608, 0.639216, 0.537255, 0.545098, 0.545098, 0.545098, 0.552941, 0.552941, 0.556863, 0.552941, 0.556863, 0.556863, 0.556863, 0.556863, 0.556863, 0.556863, 0.552941, 0.552941, 0.552941, 0.541176, 0.537255, 0.537255, 0.541176, 0.533333, 0.533333, 0.533333, 0.521569, 0.509804, 0.517647, 0.509804, 0.513726, 0.509804, 0.509804, 0.505882, 0.494118, 0.498039, 0.494118, 0.490196, 0.486275, 0.490196, 0.478431, 0.478431, 0.478431, 0.474510, 0.474510, 0.474510, 0.470588, 0.470588, 0.466667, 0.462745, 0.462745, 0.462745, 0.462745, 0.462745, 0.462745, 0.250980, 0.223529, 0.254902, 0.235294, 0.250980, 0.243137, 0.262745, 0.243137, 0.235294, 0.250980, 0.231373, 0.231373, 0.254902, 0.223529, 0.247059, 0.235294, 0.231373, 0.223529, 0.227451, 0.200000, 0.176471, 0.188235, 0.196078, 0.196078, 0.203922, 0.203922, 0.243137, 0.192157, 0.207843, 0.207843, 0.211765, 0.203922, 0.203922, 0.196078, 0.196078, 0.211765, 0.156863, 0.498039, 0.474510, 0.490196, 0.462745, 0.627451, 0.537255, 0.537255, 0.545098, 0.549020, 0.549020, 0.552941, 0.556863, 0.556863, 0.556863, 0.560784, 0.564706, 0.560784, 0.560784, 0.560784, 0.556863, 0.552941, 0.556863, 0.545098, 0.545098, 0.549020, 0.545098, 0.541176, 0.533333, 0.525490, 0.533333, 0.529412, 0.521569, 0.517647, 0.517647, 0.513726, 0.509804, 0.505882, 0.501961, 0.498039, 0.498039, 0.498039, 0.490196, 0.490196, 0.490196, 0.486275, 0.482353, 0.478431, 0.474510, 0.474510, 0.474510, 0.466667, 0.462745, 0.462745, 0.466667, 0.466667, 0.462745, 0.462745, 0.458824, 0.450980, 0.243137, 0.282353, 0.254902, 0.227451, 0.250980, 0.223529, 0.200000, 0.235294, 0.266667, 0.258824, 0.231373, 0.235294, 0.247059, 0.270588, 0.231373, 0.227451, 0.235294, 0.243137, 0.235294, 0.227451, 0.211765, 0.203922, 0.203922, 0.192157, 0.180392, 0.200000, 0.192157, 0.203922, 0.188235, 0.203922, 0.192157, 0.196078, 0.196078, 0.196078, 0.180392, 0.196078, 0.207843, 0.474510, 0.474510, 0.486275, 0.662745, 0.674510, 0.450980, 0.545098, 0.545098, 0.549020, 0.549020, 0.556863, 0.560784, 0.560784, 0.564706, 0.568627, 0.564706, 0.560784, 0.556863, 0.556863, 0.556863, 0.556863, 0.552941, 0.549020, 0.549020, 0.545098, 0.545098, 0.541176, 0.533333, 0.533333, 0.533333, 0.533333, 0.529412, 0.521569, 0.513726, 0.521569, 0.505882, 0.509804, 0.498039, 0.498039, 0.498039, 0.498039, 0.498039, 0.494118, 0.486275, 0.486275, 0.486275, 0.474510, 0.474510, 0.474510, 0.470588, 0.462745, 0.462745, 0.462745, 0.450980, 0.462745, 0.450980, 0.458824, 0.462745, 0.458824, 0.254902, 0.243137, 0.247059, 0.227451, 0.227451, 0.215686, 0.239216, 0.227451, 0.215686, 0.223529, 0.235294, 0.247059, 0.200000, 0.235294, 0.262745, 0.227451, 0.235294, 0.235294, 0.247059, 0.223529, 0.196078, 0.258824, 0.207843, 0.200000, 0.180392, 0.211765, 0.200000, 0.196078, 0.192157, 0.207843, 0.188235, 0.192157, 0.203922, 0.172549, 0.200000, 0.235294, 0.203922, 0.427451, 0.478431, 0.478431, 0.647059, 0.686275, 0.545098, 0.545098, 0.549020, 0.552941, 0.556863, 0.560784, 0.560784, 0.564706, 0.560784, 0.560784, 0.560784, 0.560784, 0.560784, 0.556863, 0.556863, 0.556863, 0.552941, 0.549020, 0.545098, 0.549020, 0.545098, 0.545098, 0.541176, 0.537255, 0.529412, 0.529412, 0.521569, 0.521569, 0.517647, 0.513726, 0.509804, 0.501961, 0.501961, 0.498039, 0.498039, 0.498039, 0.490196, 0.494118, 0.486275, 0.478431, 0.474510, 0.478431, 0.474510, 0.470588, 0.462745, 0.462745, 0.462745, 0.462745, 0.458824, 0.458824, 0.454902, 0.443137, 0.458824, 0.454902, 0.247059, 0.219608, 0.250980, 0.250980, 0.239216, 0.243137, 0.235294, 0.231373, 0.207843, 0.231373, 0.247059, 0.243137, 0.243137, 0.227451, 0.243137, 0.270588, 0.250980, 0.239216, 0.223529, 0.227451, 0.219608, 0.203922, 0.200000, 0.203922, 0.203922, 0.196078, 0.188235, 0.200000, 0.200000, 0.184314, 0.211765, 0.196078, 0.211765, 0.196078, 0.211765, 0.254902, 0.215686, 0.411765, 0.478431, 0.498039, 0.662745, 0.537255, 0.545098, 0.545098, 0.552941, 0.556863, 0.556863, 0.556863, 0.560784, 0.564706, 0.564706, 0.564706, 0.568627, 0.560784, 0.560784, 0.564706, 0.560784, 0.556863, 0.556863, 0.552941, 0.549020, 0.549020, 0.549020, 0.545098, 0.545098, 0.545098, 0.533333, 0.529412, 0.525490, 0.521569, 0.517647, 0.517647, 0.509804, 0.513726, 0.501961, 0.498039, 0.501961, 0.498039, 0.494118, 0.482353, 0.486275, 0.486275, 0.482353, 0.474510, 0.478431, 0.470588, 0.466667, 0.458824, 0.462745, 0.462745, 0.454902, 0.450980, 0.450980, 0.454902, 0.443137, 0.450980, 0.254902, 0.247059, 0.239216, 0.219608, 0.254902, 0.231373, 0.247059, 0.258824, 0.270588, 0.250980, 0.247059, 0.219608, 0.227451, 0.215686, 0.227451, 0.231373, 0.258824, 0.239216, 0.239216, 0.235294, 0.250980, 0.231373, 0.207843, 0.192157, 0.211765, 0.192157, 0.207843, 0.207843, 0.152941, 0.180392, 0.196078, 0.188235, 0.180392, 0.200000, 0.168627, 0.211765, 0.203922, 0.258824, 0.533333, 0.607843, 0.650980, 0.474510, 0.541176, 0.545098, 0.545098, 0.556863, 0.556863, 0.556863, 0.568627, 0.568627, 0.568627, 0.564706, 0.564706, 0.564706, 0.564706, 0.564706, 0.564706, 0.556863, 0.556863, 0.556863, 0.556863, 0.552941, 0.549020, 0.545098, 0.545098, 0.537255, 0.533333, 0.533333, 0.533333, 0.525490, 0.521569, 0.513726, 0.509804, 0.509804, 0.509804, 0.501961, 0.498039, 0.494118, 0.494118, 0.490196, 0.486275, 0.486275, 0.478431, 0.474510, 0.462745, 0.474510, 0.466667, 0.458824, 0.462745, 0.450980, 0.454902, 0.454902, 0.450980, 0.447059, 0.447059, 0.4431[0;31mE (6521) task_wdt: Task watchdog got triggered. The following tasks/users did not reset the watchdog in time:[0m
[0;31mE (6521) task_wdt:  - IDLE0 (CPU 0)[0m
[0;31mE (6521) task_wdt: Tasks currently running:[0m
[0;31mE (6521) task_wdt: CPU 0: tf_main[0m
[0;31mE (6521) task_wdt: CPU 1: IDLE1[0m
[0;31mE (6521) task_wdt: Print CPU 0 (current core) backtrace[0m


Backtrace: 0x400EFFB0:0x3FFB11B0 0x40084595:0x3FFB11E0 0x400D5466:0x3FFB6B60 0x400D606E:0x3FFB6B90 0x400D6DE1:0x3FFB6BC0 0x4000BD83:0x3FFB6BE0 0x4000182A:0x3FFB6C00 0x400D6A05:0x3FFB6C20 0x400D6DE1:0x3FFB6C40 0x40086E95:0x3FFB6C60 0x40086315:0x3FFB6C80 0x4008636A:0x3FFB6CA0 0x40086837:0x3FFB6CC0 0x400F6DD7:0x3FFB6CF0 0x400F67A1:0x3FFB6D10 0x400F8CCF:0x3FFB7030 0x400D8737:0x3FFB7080 0x400D85AA:0x3FFB70A0 0x400D7FFA:0x3FFB70E0

37, 0.243137, 0.215686, 0.239216, 0.231373, 0.219608, 0.219608, 0.207843, 0.207843, 0.196078, 0.211765, 0.203922, 0.203922, 0.207843, 0.196078, 0.176471, 0.160784, 0.211765, 0.219608, 0.243137, 0.239216, 0.215686, 0.235294, 0.207843, 0.200000, 0.207843, 0.196078, 0.196078, 0.196078, 0.180392, 0.188235, 0.196078, 0.207843, 0.188235, 0.227451, 0.188235, 0.211765, 0.223529, 0.196078, 0.478431, 0.603922, 0.725490, 0.529412, 0.545098, 0.545098, 0.549020, 0.549020, 0.556863, 0.564706, 0.564706, 0.564706, 0.564706, 0.568627, 0.568627, 0.564706, 0.568627, 0.564706, 0.564706, 0.564706, 0.556863, 0.560784, 0.556863, 0.556863, 0.545098, 0.545098, 0.541176, 0.533333, 0.533333, 0.533333, 0.533333, 0.529412, 0.521569, 0.505882, 0.517647, 0.509804, 0.501961, 0.501961, 0.490196, 0.490196, 0.498039, 0.494118, 0.486275, 0.482353, 0.482353, 0.474510, 0.462745, 0.462745, 0.462745, 0.462745, 0.458824, 0.454902, 0.454902, 0.450980, 0.431373, 0.439216, 0.443137, 0.439216, 0.231373, 0.231373, 0.203922, 0.211765, 0.196078, 0.188235, 0.184314, 0.176471, 0.211765, 0.262745, 0.203922, 0.211765, 0.192157, 0.172549, 0.192157, 0.152941, 0.188235, 0.203922, 0.219608, 0.215686, 0.254902, 0.250980, 0.235294, 0.223529, 0.207843, 0.188235, 0.192157, 0.192157, 0.184314, 0.196078, 0.258824, 0.196078, 0.192157, 0.203922, 0.203922, 0.254902, 0.219608, 0.160784, 0.498039, 0.631373, 0.537255, 0.545098, 0.533333, 0.541176, 0.552941, 0.560784, 0.556863, 0.564706, 0.564706, 0.564706, 0.568627, 0.568627, 0.568627, 0.572549, 0.568627, 0.568627, 0.568627, 0.564706, 0.556863, 0.556863, 0.556863, 0.552941, 0.549020, 0.545098, 0.537255, 0.537255, 0.537255, 0.537255, 0.525490, 0.525490, 0.470588, 0.368627, 0.509804, 0.505882, 0.505882, 0.498039, 0.498039, 0.494118, 0.490196, 0.486275, 0.486275, 0.482353, 0.482353, 0.474510, 0.474510, 0.462745, 0.462745, 0.454902, 0.447059, 0.447059, 0.443137, 0.450980, 0.443137, 0.439216, 0.439216, 0.431373, 0.215686, 0.239216, 0.164706, 0.188235, 0.160784, 0.211765, 0.188235, 0.192157, 0.125490, 0.188235, 0.188235, 0.223529, 0.207843, 0.176471, 0.207843, 0.192157, 0.211765, 0.200000, 0.207843, 0.207843, 0.258824, 0.247059, 0.262745, 0.258824, 0.223529, 0.156863, 0.203922, 0.188235, 0.207843, 0.196078, 0.188235, 0.200000, 0.176471, 0.203922, 0.211765, 0.235294, 0.203922, 0.207843, 0.584314, 0.603922, 0.384314, 0.533333, 0.533333, 0.545098, 0.552941, 0.560784, 0.560784, 0.568627, 0.568627, 0.564706, 0.568627, 0.572549, 0.568627, 0.568627, 0.564706, 0.568627, 0.568627, 0.564706, 0.556863, 0.552941, 0.556863, 0.556863, 0.549020, 0.545098, 0.541176, 0.541176, 0.537255, 0.533333, 0.533333, 0.521569, 0.235294, 0.168627, 0.556863, 0.509804, 0.513726, 0.501961, 0.498039, 0.498039, 0.494118, 0.486275, 0.482353, 0.474510, 0.474510, 0.470588, 0.466667, 0.462745, 0.458824, 0.454902, 0.454902, 0.450980, 0.450980, 0.450980, 0.443137, 0.443137, 0.431373, 0.431373, 0.207843, 0.203922, 0.219608, 0.192157, 0.196078, 0.192157, 0.200000, 0.176471, 0.203922, 0.207843, 0.192157, 0.184314, 0.192157, 0.188235, 0.192157, 0.200000, 0.168627, 0.196078, 0.192157, 0.203922, 0.192157, 0.258824, 0.247059, 0.250980, 0.250980, 0.235294, 0.215686, 0.203922, 0.203922, 0.192157, 0.200000, 0.200000, 0.250980, 0.207843, 0.203922, 0.211765, 0.203922, 0.176471, 0.650980, 0.615686, 0.521569, 0.537255, 0.541176, 0.549020, 0.549020, 0.556863, 0.564706, 0.564706, 0.564706, 0.572549, 0.572549, 0.572549, 0.568627, 0.564706, 0.568627, 0.564706, 0.560784, 0.564706, 0.556863, 0.560784, 0.556863, 0.556863, 0.552941, 0.552941, 0.545098, 0.545098, 0.537255, 0.533333, 0.584314, 0.211765, 0.262745, 0.149020, 0.521569, 0.509804, 0.505882, 0.498039, 0.505882, 0.501961, 0.486275, 0.486275, 0.486275, 0.478431, 0.474510, 0.470588, 0.466667, 0.458824, 0.454902, 0.458824, 0.450980, 0.450980, 0.443137, 0.443137, 0.443137, 0.431373, 0.435294, 0.423529, 0.200000, 0.164706, 0.200000, 0.196078, 0.164706, 0.192157, 0.196078, 0.207843, 0.200000, 0.152941, 0.203922, 0.200000, 0.196078, 0.200000, 0.203922, 0.200000, 0.203922, 0.203922, 0.211765, 0.192157, 0.207843, 0.215686, 0.227451, 0.278431, 0.262745, 0.258824, 0.211765, 0.203922, 0.200000, 0.203922, 0.172549, 0.192157, 0.227451, 0.200000, 0.215686, 0.203922, 0.203922, 0.152941, 0.682353, 0.549020, 0.537255, 0.541176, 0.545098, 0.545098, 0.552941, 0.560784, 0.560784, 0.568627, 0.568627, 0.572549, 0.572549, 0.568627, 0.568627, 0.564706, 0.572549, 0.568627, 0.568627, 0.568627, 0.564706, 0.564706, 0.560784, 0.556863, 0.556863, 0.552941, 0.545098, 0.545098, 0.541176, 0.533333, 0.458824, 0.168627, 0.396078, 0.243137, 0.125490, 0.494118, 0.505882, 0.505882, 0.505882, 0.494118, 0.490196, 0.486275, 0.486275, 0.478431, 0.474510, 0.474510, 0.462745, 0.462745, 0.450980, 0.458824, 0.454902, 0.439216, 0.439216, 0.439216, 0.435294, 0.431373, 0.427451, 0.423529, 0.215686, 0.203922, 0.203922, 0.196078, 0.188235, 0.196078, 0.192157, 0.231373, 0.196078, 0.207843, 0.203922, 0.203922, 0.211765, 0.211765, 0.211765, 0.203922, 0.215686, 0.211765, 0.203922, 0.211765, 0.203922, 0.203922, 0.211765, 0.243137, 0.266667, 0.262745, 0.223529, 0.200000, 0.203922, 0.203922, 0.200000, 0.196078, 0.207843, 0.243137, 0.203922, 0.203922, 0.211765, 0.294118, 0.658824, 0.396078, 0.525490, 0.537255, 0.541176, 0.552941, 0.552941, 0.556863, 0.560784, 0.564706, 0.568627, 0.572549, 0.572549, 0.568627, 0.572549, 0.568627, 0.572549, 0.576471, 0.564706, 0.564706, 0.564706, 0.564706, 0.556863, 0.556863, 0.552941, 0.556863, 0.545098, 0.541176, 0.541176, 0.662745, 0.125490, 0.494118, 0.690196, 0.176471, 0.121569, 0.521569, 0.505882, 0.501961, 0.498039, 0.494118, 0.494118, 0.486275, 0.486275, 0.474510, 0.474510, 0.470588, 0.466667, 0.462745, 0.450980, 0.443137, 0.443137, 0.443137, 0.447059, 0.439216, 0.439216, 0.439216, 0.431373, 0.419608, 0.200000, 0.176471, 0.192157, 0.203922, 0.196078, 0.203922, 0.192157, 0.192157, 0.207843, 0.203922, 0.215686, 0.168627, 0.215686, 0.203922, 0.219608, 0.227451, 0.211765, 0.227451, 0.215686, 0.207843, 0.203922, 0.203922, 0.227451, 0.235294, 0.262745, 0.282353, 0.250980, 0.215686, 0.211765, 0.196078, 0.227451, 0.200000, 0.192157, 0.200000, 0.203922, 0.211765, 0.203922, 0.486275, 0.560784, 0.490196, 0.521569, 0.533333, 0.545098, 0.545098, 0.556863, 0.556863, 0.556863, 0.564706, 0.572549, 0.568627, 0.568627, 0.576471, 0.572549, 0.576471, 0.572549, 0.572549, 0.572549, 0.568627, 0.560784, 0.560784, 0.556863, 0.556863, 0.552941, 0.545098, 0.545098, 0.545098, 0.541176, 0.321569, 0.133333, 0.756863, 0.615686, 0.364706, 0.243137, 0.356863, 0.513726, 0.505882, 0.498039, 0.498039, 0.490196, 0.490196, 0.482353, 0.478431, 0.478431, 0.470588, 0.458824, 0.462745, 0.458824, 0.450980, 0.447059, 0.450980, 0.450980, 0.443137, 0.431373, 0.423529, 0.419608, 0.415686, 0.203922, 0.203922, 0.188235, 0.196078, 0.215686, 0.196078, 0.207843, 0.207843, 0.211765, 0.203922, 0.227451, 0.219608, 0.258824, 0.243137, 0.219608, 0.231373, 0.223529, 0.219608, 0.203922, 0.215686, 0.203922, 0.227451, 0.211765, 0.215686, 0.266667, 0.286275, 0.282353, 0.254902, 0.211765, 0.207843, 0.200000, 0.207843, 0.203922, 0.207843, 0.227451, 0.215686, 0.184314, 0.490196, 0.478431, 0.513726, 0.529412, 0.533333, 0.545098, 0.549020, 0.552941, 0.556863, 0.556863, 0.564706, 0.572549, 0.568627, 0.572549, 0.576471, 0.572549, 0.572549, 0.576471, 0.568627, 0.568627, 0.568627, 0.564706, 0.564706, 0.560784, 0.556863, 0.556863, 0.556863, 0.545098, 0.541176, 0.568627, 0.235294, 0.647059, 0.627451, 0.596078, 0.674510, 0.192157, 0.207843, 0.584314, 0.498039, 0.501961, 0.494118, 0.490196, 0.482353, 0.482353, 0.474510, 0.474510, 0.466667, 0.466667, 0.458824, 0.458824, 0.454902, 0.443137, 0.447059, 0.435294, 0.435294, 0.439216, 0.423529, 0.415686, 0.411765, 0.168627, 0.184314, 0.196078, 0.156863, 0.215686, 0.203922, 0.200000, 0.203922, 0.219608, 0.203922, 0.211765, 0.219608, 0.219608, 0.207843, 0.207843, 0.188235, 0.258824, 0.219608, 0.231373, 0.227451, 0.219608, 0.235294, 0.207843, 0.223529, 0.254902, 0.282353, 0.309804, 0.274510, 0.227451, 0.192157, 0.211765, 0.188235, 0.196078, 0.203922, 0.203922, 0.203922, 0.188235, 0.427451, 0.482353, 0.521569, 0.533333, 0.533333, 0.541176, 0.545098, 0.552941, 0.564706, 0.564706, 0.564706, 0.568627, 0.572549, 0.572549, 0.576471, 0.576471, 0.572549, 0.572549, 0.572549, 0.576471, 0.568627, 0.560784, 0.568627, 0.564706, 0.552941, 0.556863, 0.552941, 0.549020, 0.592157, 0.227451, 0.345098, 0.658824, 0.611765, 0.607843, 0.600000, 0.227451, 0.215686, 0.450980, 0.498039, 0.498039, 0.494118, 0.490196, 0.490196, 0.486275, 0.474510, 0.474510, 0.462745, 0.462745, 0.458824, 0.454902, 0.447059, 0.443137, 0.439216, 0.439216, 0.435294, 0.427451, 0.427451, 0.407843, 0.411765, 0.203922, 0.215686, 0.215686, 0.203922, 0.184314, 0.196078, 0.207843, 0.200000, 0.219608, 0.219608, 0.215686, 0.203922, 0.219608, 0.211765, 0.192157, 0.207843, 0.243137, 0.215686, 0.258824, 0.243137, 0.254902, 0.223529, 0.227451, 0.211765, 0.231373, 0.270588, 0.286275, 0.298039, 0.262745, 0.207843, 0.207843, 0.200000, 0.203922, 0.207843, 0.203922, 0.211765, 0.137255, 0.603922, 0.498039, 0.521569, 0.533333, 0.533333, 0.545098, 0.545098, 0.556863, 0.564706, 0.564706, 0.568627, 0.568627, 0.568627, 0.576471, 0.576471, 0.576471, 0.580392, 0.580392, 0.572549, 0.568627, 0.568627, 0.564706, 0.564706, 0.552941, 0.556863, 0.556863, 0.552941, 0.549020, 0.317647, 0.137255, 0.698039, 0.619608, 0.596078, 0.603922, 0.603922, 0.713726, 0.223529, 0.164706, 0.517647, 0.498039, 0.501961, 0.490196, 0.486275, 0.474510, 0.478431, 0.474510, 0.462745, 0.462745, 0.454902, 0.450980, 0.447059, 0.443137, 0.439216, 0.431373, 0.431373, 0.427451, 0.423529, 0.411765, 0.415686, 0.219608, 0.211765, 0.215686, 0.215686, 0.207843, 0.203922, 0.200000, 0.203922, 0.203922, 0.203922, 0.211765, 0.215686, 0.215686, 0.227451, 0.211765, 0.207843, 0.243137, 0.227451, 0.215686, 0.239216, 0.235294, 0.235294, 0.219608, 0.227451, 0.231373, 0.247059, 0.282353, 0.282353, 0.274510, 0.207843, 0.180392, 0.200000, 0.203922, 0.200000, 0.215686, 0.203922, 0.164706, 0.564706, 0.521569, 0.521569, 0.529412, 0.533333, 0.541176, 0.545098, 0.552941, 0.556863, 0.556863, 0.564706, 0.568627, 0.572549, 0.572549, 0.576471, 0.576471, 0.576471, 0.572549, 0.568627, 0.568627, 0.568627, 0.564706, 0.560784, 0.556863, 0.560784, 0.556863, 0.552941, 0.725490, 0.109804, 0.678431, 0.619608, 0.611765, 0.572549, 0.592157, 0.603922, 0.698039, 0.168627, 0.203922, 0.529412, 0.494118, 0.494118, 0.494118, 0.486275, 0.482353, 0.474510, 0.474510, 0.462745, 0.462745, 0.454902, 0.450980, 0.447059, 0.443137, 0.447059, 0.431373, 0.431373, 0.431373, 0.423529, 0.419608, 0.411765, 0.239216, 0.239216, 0.211765, 0.203922, 0.203922, 0.207843, 0.192157, 0.207843, 0.200000, 0.203922, 0.215686, 0.223529, 0.219608, 0.215686, 0.211765, 0.211765, 0.215686, 0.250980, 0.219608, 0.247059, 0.243137, 0.227451, 0.215686, 0.243137, 0.243137, 0.286275, 0.278431, 0.294118, 0.298039, 0.282353, 0.207843, 0.223529, 0.200000, 0.200000, 0.231373, 0.200000, 0.156863, 0.545098, 0.505882, 0.517647, 0.525490, 0.525490, 0.537255, 0.545098, 0.552941, 0.556863, 0.564706, 0.564706, 0.568627, 0.568627, 0.576471, 0.580392, 0.580392, 0.576471, 0.572549, 0.576471, 0.568627, 0.568627, 0.564706, 0.556863, 0.560784, 0.560784, 0.556863, 0.552941, 0.231373, 0.141176, 0.721569, 0.623529, 0.603922, 0.596078, 0.603922, 0.603922, 0.600000, 0.486275, 0.235294, 0.294118, 0.517647, 0.490196, 0.490196, 0.486275, 0.482353, 0.474510, 0.470588, 0.462745, 0.462745, 0.454902, 0.450980, 0.443137, 0.447059, 0.443137, 0.431373, 0.431373, 0.415686, 0.415686, 0.415686, 0.411765, 0.211765, 0.215686, 0.223529, 0.196078, 0.203922, 0.239216, 0.211765, 0.207843, 0.239216, 0.215686, 0.203922, 0.203922, 0.235294, 0.200000, 0.203922, 0.192157, 0.239216, 0.219608, 0.215686, 0.231373, 0.231373, 0.250980, 0.231373, 0.227451, 0.235294, 0.282353, 0.254902, 0.262745, 0.294118, 0.294118, 0.258824, 0.168627, 0.203922, 0.215686, 0.211765, 0.203922, 0.109804, 0.513726, 0.498039, 0.513726, 0.494118, 0.549020, 0.545098, 0.545098, 0.552941, 0.556863, 0.556863, 0.568627, 0.568627, 0.572549, 0.568627, 0.576471, 0.576471, 0.576471, 0.572549, 0.572549, 0.568627, 0.572549, 0.568627, 0.560784, 0.564706, 0.556863, 0.556863, 0.545098, 0.200000, 0.811765, 0.631373, 0.611765, 0.611765, 0.603922, 0.603922, 0.603922, 0.600000, 0.694118, 0.145098, 0.188235, 0.603922, 0.494118, 0.486275, 0.486275, 0.482353, 0.474510, 0.470588, 0.470588, 0.454902, 0.450980, 0.454902, 0.443137, 0.439216, 0.439216, 0.435294, 0.431373, 0.427451, 0.419608, 0.411765, 0.396078, 0.215686, 0.215686, 0.219608, 0.207843, 0.207843, 0.192157, 0.203922, 0.188235, 0.223529, 0.192157, 0.200000, 0.184314, 0.203922, 0.200000, 0.192157, 0.176471, 0.188235, 0.215686, 0.203922, 0.200000, 0.196078, 0.192157, 0.223529, 0.223529, 0.219608, 0.262745, 0.266667, 0.274510, 0.286275, 0.290196, 0.274510, 0.196078, 0.196078, 0.192157, 0.215686, 0.211765, 0.156863, 0.549020, 0.501961, 0.509804, 0.125490, 0.576471, 0.556863, 0.549020, 0.552941, 0.556863, 0.564706, 0.564706, 0.568627, 0.568627, 0.572549, 0.572549, 0.572549, 0.576471, 0.572549, 0.568627, 0.568627, 0.568627, 0.568627, 0.560784, 0.560784, 0.560784, 0.647059, 0.203922, 0.372549, 0.650980, 0.623529, 0.607843, 0.615686, 0.588235, 0.603922, 0.611765, 0.580392, 0.603922, 0.294118, 0.223529, 0.349020, 0.486275, 0.486275, 0.482353, 0.474510, 0.474510, 0.466667, 0.458824, 0.462745, 0.466667, 0.443137, 0.439216, 0.439216, 0.439216, 0.431373, 0.419608, 0.419608, 0.415686, 0.407843, 0.400000, 0.211765, 0.215686, 0.215686, 0.207843, 0.203922, 0.200000, 0.200000, 0.203922, 0.203922, 0.207843, 0.203922, 0.200000, 0.172549, 0.184314, 0.207843, 0.184314, 0.200000, 0.200000, 0.180392, 0.200000, 0.196078, 0.215686, 0.231373, 0.231373, 0.219608, 0.278431, 0.270588, 0.270588, 0.286275, 0.270588, 0.286275, 0.227451, 0.211765, 0.188235, 0.219608, 0.203922, 0.160784, 0.545098, 0.505882, 0.560784, 0.309804, 0.627451, 0.568627, 0.552941, 0.556863, 0.556863, 0.564706, 0.568627, 0.568627, 0.568627, 0.580392, 0.568627, 0.568627, 0.568627, 0.576471, 0.568627, 0.572549, 0.564706, 0.568627, 0.568627, 0.556863, 0.592157, 0.258824, 0.117647, 0.650980, 0.631373, 0.619608, 0.603922, 0.607843, 0.603922, 0.615686, 0.556863, 0.596078, 0.596078, 0.686275, 0.168627, 0.188235, 0.486275, 0.482353, 0.478431, 0.478431, 0.474510, 0.470588, 0.462745, 0.466667, 0.450980, 0.443137, 0.443137, 0.435294, 0.439216, 0.427451, 0.427451, 0.415686, 0.400000, 0.403922, 0.403922, 0.262745, 0.227451, 0.223529, 0.231373, 0.215686, 0.223529, 0.215686, 0.203922, 0.203922, 0.207843, 0.207843, 0.192157, 0.203922, 0.192157, 0.200000, 0.188235, 0.188235, 0.207843, 0.223529, 0.180392, 0.176471, 0.219608, 0.250980, 0.239216, 0.250980, 0.239216, 0.254902, 0.258824, 0.270588, 0.278431, 0.305882, 0.274510, 0.211765, 0.203922, 0.200000, 0.231373, 0.223529, 0.635294, 0.498039, 0.423529, 0.325490, 0.615686, 0.596078, 0.556863, 0.560784, 0.556863, 0.556863, 0.568627, 0.568627, 0.572549, 0.572549, 0.568627, 0.568627, 0.576471, 0.572549, 0.568627, 0.572549, 0.564706, 0.568627, 0.564706, 0.564706, 0.647059, 0.113725, 0.788235, 0.639216, 0.603922, 0.615686, 0.615686, 0.603922, 0.607843, 0.600000, 0.600000, 0.596078, 0.600000, 0.635294, 0.274510, 0.227451, 0.454902, 0.482353, 0.482353, 0.482353, 0.474510, 0.470588, 0.466667, 0.458824, 0.450980, 0.447059, 0.439216, 0.431373, 0.435294, 0.423529, 0.431373, 0.415686, 0.403922, 0.403922, 0.400000, 0.235294, 0.219608, 0.215686, 0.211765, 0.211765, 0.211765, 0.156863, 0.188235, 0.203922, 0.203922, 0.188235, 0.207843, 0.203922, 0.223529, 0.196078, 0.203922, 0.207843, 0.203922, 0.211765, 0.196078, 0.196078, 0.227451, 0.239216, 0.250980, 0.317647, 0.274510, 0.301961, 0.231373, 0.274510, 0.309804, 0.298039, 0.294118, 0.266667, 0.278431, 0.207843, 0.227451, 0.278431, 0.294118, 0.439216, 0.341176, 0.274510, 0.450980, 0.603922, 0.564706, 0.556863, 0.556863, 0.560784, 0.568627, 0.564706, 0.572549, 0.576471, 0.572549, 0.576471, 0.576471, 0.568627, 0.576471, 0.568627, 0.568627, 0.564706, 0.560784, 0.568627, 0.627451, 0.113725, 0.796078, 0.635294, 0.627451, 0.623529, 0.615686, 0.619608, 0.568627, 0.596078, 0.596078, 0.580392, 0.580392, 0.580392, 0.549020, 0.207843, 0.141176, 0.517647, 0.482353, 0.474510, 0.474510, 0.470588, 0.462745, 0.450980, 0.450980, 0.450980, 0.447059, 0.439216, 0.435294, 0.427451, 0.423529, 0.407843, 0.411765, 0.388235, 0.392157, 0.211765, 0.215686, 0.239216, 0.211765, 0.207843, 0.223529, 0.215686, 0.207843, 0.203922, 0.243137, 0.215686, 0.207843, 0.203922, 0.207843, 0.192157, 0.215686, 0.196078, 0.203922, 0.200000, 0.215686, 0.239216, 0.164706, 0.231373, 0.262745, 0.258824, 0.254902, 0.254902, 0.262745, 0.274510, 0.313726, 0.294118, 0.325490, 0.164706, 0.227451, 0.223529, 0.254902, 0.301961, 0.215686, 0.180392, 0.313726, 0.109804, 0.352941, 0.717647, 0.572549, 0.556863, 0.560784, 0.560784, 0.568627, 0.568627, 0.576471, 0.568627, 0.572549, 0.572549, 0.576471, 0.572549, 0.572549, 0.568627, 0.572549, 0.568627, 0.564706, 0.564706, 0.552941, 0.372549, 0.415686, 0.631373, 0.627451, 0.615686, 0.615686, 0.611765, 0.580392, 0.596078, 0.596078, 0.576471, 0.588235, 0.584314, 0.666667, 0.125490, 0.188235, 0.490196, 0.482353, 0.482353, 0.470588, 0.466667, 0.462745, 0.454902, 0.439216, 0.447059, 0.447059, 0.439216, 0.431373, 0.423529, 0.415686, 0.415686, 0.411765, 0.403922, 0.400000, 0.223529, 0.247059, 0.231373, 0.200000, 0.215686, 0.215686, 0.227451, 0.219608, 0.188235, 0.203922, 0.207843, 0.247059, 0.207843, 0.200000, 0.203922, 0.207843, 0.196078, 0.219608, 0.223529, 0.231373, 0.258824, 0.239216, 0.243137, 0.294118, 0.250980, 0.231373, 0.274510, 0.215686, 0.266667, 0.250980, 0.294118, 0.305882, 0.270588, 0.215686, 0.247059, 0.258824, 0.239216, 0.231373, 0.231373, 0.360784, 0.176471, 0.313726, 0.792157, 0.592157, 0.556863, 0.560784, 0.556863, 0.564706, 0.568627, 0.572549, 0.572549, 0.568627, 0.572549, 0.568627, 0.572549, 0.576471, 0.568627, 0.568627, 0.564706, 0.564706, 0.556863, 0.560784, 0.537255, 0.109804, 0.490196, 0.643137, 0.619608, 0.619608, 0.580392, 0.592157, 0.596078, 0.592157, 0.588235, 0.584314, 0.580392, 0.592157, 0.572549, 0.219608, 0.286275, 0.474510, 0.478431, 0.474510, 0.466667, 0.466667, 0.454902, 0.450980, 0.443137, 0.435294, 0.439216, 0.439216, 0.427451, 0.423529, 0.415686, 0.403922, 0.396078, 0.400000, 0.227451, 0.247059, 0.223529, 0.243137, 0.219608, 0.227451, 0.200000, 0.219608, 0.227451, 0.227451, 0.223529, 0.250980, 0.239216, 0.219608, 0.231373, 0.207843, 0.223529, 0.227451, 0.227451, 0.227451, 0.239216, 0.247059, 0.250980, 0.254902, 0.270588, 0.262745, 0.274510, 0.286275, 0.286275, 0.305882, 0.298039, 0.305882, 0.349020, 0.164706, 0.266667, 0.262745, 0.258824, 0.227451, 0.211765, 0.282353, 0.262745, 0.290196, 0.533333, 0.603922, 0.560784, 0.556863, 0.556863, 0.564706, 0.568627, 0.572549, 0.572549, 0.576471, 0.572549, 0.568627, 0.572549, 0.572549, 0.568627, 0.564706, 0.568627, 0.560784, 0.556863, 0.556863, 0.576471, 0.141176, 0.682353, 0.603922, 0.611765, 0.596078, 0.603922, 0.603922, 0.596078, 0.588235, 0.592157, 0.584314, 0.592157, 0.576471, 0.682353, 0.149020, 0.149020, 0.600000, 0.478431, 0.470588, 0.470588, 0.462745, 0.458824, 0.450980, 0.447059, 0.443137, 0.427451, 0.427451, 0.419608, 0.419608, 0.400000, 0.403922, 0.411765, 0.400000, 0.247059, 0.231373, 0.239216, 0.223529, 0.219608, 0.227451, 0.231373, 0.235294, 0.247059, 0.215686, 0.223529, 0.227451, 0.231373, 0.227451, 0.227451, 0.215686, 0.219608, 0.231373, 0.243137, 0.235294, 0.243137, 0.243137, 0.243137, 0.239216, 0.258824, 0.262745, 0.274510, 0.278431, 0.286275, 0.286275, 0.298039, 0.298039, 0.321569, 0.290196, 0.254902, 0.235294, 0.239216, 0.239216, 0.219608, 0.254902, 0.215686, 0.278431, 0.258824, 0.615686, 0.564706, 0.556863, 0.556863, 0.564706, 0.572549, 0.568627, 0.568627, 0.568627, 0.572549, 0.568627, 0.572549, 0.568627, 0.568627, 0.564706, 0.564706, 0.560784, 0.556863, 0.556863, 0.560784, 0.301961, 0.411765, 0.603922, 0.607843, 0.607843, 0.600000, 0.580392, 0.580392, 0.592157, 0.592157, 0.588235, 0.576471, 0.541176, 0.592157, 0.262745, 0.207843, 0.443137, 0.470588, 0.466667, 0.462745, 0.462745, 0.454902, 0.443137, 0.443137, 0.439216, 0.427451, 0.423529, 0.415686, 0.419608, 0.415686, 0.407843, 0.407843, 0.400000, 0.227451, 0.227451, 0.239216, 0.188235, 0.258824, 0.223529, 0.227451, 0.227451, 0.227451, 0.196078, 0.231373, 0.227451, 0.227451, 0.239216, 0.227451, 0.231373, 0.227451, 0.250980, 0.219608, 0.235294, 0.243137, 0.239216, 0.235294, 0.247059, 0.243137, 0.258824, 0.262745, 0.282353, 0.298039, 0.309804, 0.313726, 0.301961, 0.321569, 0.356863, 0.294118, 0.278431, 0.258824, 0.262745, 0.200000, 0.250980, 0.149020, 0.168627, 0.223529, 0.631373, 0.568627, 0.556863, 0.556863, 0.564706, 0.568627, 0.568627, 0.572549, 0.568627, 0.572549, 0.568627, 0.576471, 0.572549, 0.568627, 0.568627, 0.560784, 0.564706, 0.556863, 0.556863, 0.556863, 0.701961, 0.109804, 0.811765, 0.603922, 0.600000, 0.572549, 0.596078, 0.592157, 0.596078, 0.603922, 0.576471, 0.556863, 0.568627, 0.576471, 0.654902, 0.207843, 0.121569, 0.478431, 0.470588, 0.466667, 0.462745, 0.458824, 0.450980, 0.443137, 0.443137, 0.427451, 0.423529, 0.427451, 0.403922, 0.407843, 0.400000, 0.396078, 0.396078, 0.223529, 0.231373, 0.239216, 0.227451, 0.254902, 0.239216, 0.231373, 0.196078, 0.235294, 0.219608, 0.239216, 0.231373, 0.235294, 0.247059, 0.235294, 0.239216, 0.215686, 0.231373, 0.219608, 0.239216, 0.235294, 0.258824, 0.211765, 0.243137, 0.207843, 0.250980, 0.270588, 0.278431, 0.301961, 0.282353, 0.305882, 0.301961, 0.305882, 0.341176, 0.278431, 0.176471, 0.227451, 0.270588, 0.239216, 0.203922, 0.160784, 0.184314, 0.317647, 0.611765, 0.592157, 0.560784, 0.552941, 0.556863, 0.568627, 0.568627, 0.568627, 0.572549, 0.568627, 0.568627, 0.568627, 0.564706, 0.564706, 0.564706, 0.568627, 0.560784, 0.556863, 0.556863, 0.549020, 0.572549, 0.164706, 0.729412, 0.615686, 0.603922, 0.596078, 0.600000, 0.588235, 0.588235, 0.576471, 0.568627, 0.568627, 0.584314, 0.541176, 0.650980, 0.141176, 0.176471, 0.419608, 0.462745, 0.466667, 0.462745, 0.454902, 0.450980, 0.435294, 0.439216, 0.419608, 0.423529, 0.419608, 0.419608, 0.407843, 0.403922, 0.400000, 0.400000, 0.235294, 0.231373, 0.215686, 0.227451, 0.239216, 0.239216, 0.215686, 0.243137, 0.239216, 0.250980, 0.231373, 0.223529, 0.235294, 0.196078, 0.223529, 0.215686, 0.250980, 0.243137, 0.247059, 0.247059, 0.243137, 0.235294, 0.235294, 0.231373, 0.247059, 0.211765, 0.266667, 0.243137, 0.294118, 0.298039, 0.298039, 0.298039, 0.317647, 0.325490, 0.317647, 0.180392, 0.215686, 0.243137, 0.262745, 0.235294, 0.125490, 0.188235, 0.301961, 0.545098, 0.607843, 0.564706, 0.556863, 0.560784, 0.560784, 0.560784, 0.568627, 0.568627, 0.568627, 0.564706, 0.568627, 0.564706, 0.568627, 0.556863, 0.560784, 0.560784, 0.556863, 0.552941, 0.549020, 0.549020, 0.392157, 0.219608, 0.611765, 0.600000, 0.588235, 0.600000, 0.588235, 0.580392, 0.572549, 0.576471, 0.588235, 0.560784, 0.552941, 0.580392, 0.427451, 0.266667, 0.207843, 0.521569, 0.466667, 0.462745, 0.450980, 0.450980, 0.439216, 0.439216, 0.423529, 0.419608, 0.423529, 0.407843, 0.403922, 0.400000, 0.392157, 0.388235, 0.266667, 0.231373, 0.254902, 0.231373, 0.250980, 0.223529, 0.235294, 0.239216, 0.231373, 0.262745, 0.239216, 0.235294, 0.254902, 0.250980, 0.254902, 0.247059, 0.250980, 0.243137, 0.250980, 0.239216, 0.250980, 0.258824, 0.254902, 0.266667, 0.243137, 0.250980, 0.258824, 0.266667, 0.290196, 0.286275, 0.309804, 0.329412, 0.321569, 0.309804, 0.305882, 0.282353, 0.219608, 0.239216, 0.278431, 0.258824, 0.192157, 0.184314, 0.200000, 0.294118, 0.666667, 0.564706, 0.556863, 0.556863, 0.560784, 0.564706, 0.560784, 0.564706, 0.568627, 0.568627, 0.568627, 0.568627, 0.564706, 0.560784, 0.564706, 0.560784, 0.556863, 0.556863, 0.549020, 0.545098, 0.627451, 0.129412, 0.717647, 0.596078, 0.588235, 0.603922, 0.588235, 0.568627, 0.576471, 0.588235, 0.584314, 0.572549, 0.556863, 0.568627, 0.686275, 0.262745, 0.168627, 0.603922, 0.454902, 0.458824, 0.454902, 0.447059, 0.443137, 0.435294, 0.427451, 0.427451, 0.427451, 0.415686, 0.411765, 0.403922, 0.396078, 0.388235, 0.219608, 0.239216, 0.231373, 0.247059, 0.227451, 0.223529, 0.239216, 0.239216, 0.223529, 0.243137, 0.235294, 0.231373, 0.243137, 0.250980, 0.239216, 0.239216, 0.258824, 0.254902, 0.254902, 0.247059, 0.227451, 0.258824, 0.254902, 0.239216, 0.258824, 0.250980, 0.270588, 0.227451, 0.298039, 0.298039, 0.309804, 0.301961, 0.333333, 0.321569, 0.278431, 0.262745, 0.215686, 0.219608, 0.250980, 0.266667, 0.223529, 0.192157, 0.129412, 0.262745, 0.713726, 0.572549, 0.564706, 0.556863, 0.556863, 0.556863, 0.556863, 0.560784, 0.564706, 0.560784, 0.564706, 0.564706, 0.568627, 0.564706, 0.560784, 0.556863, 0.556863, 0.560784, 0.552941, 0.549020, 0.545098, 0.113725, 0.603922, 0.603922, 0.600000, 0.588235, 0.584314, 0.572549, 0.588235, 0.588235, 0.568627, 0.568627, 0.568627, 0.639216, 0.239216, 0.207843, 0.160784, 0.372549, 0.454902, 0.450980, 0.450980, 0.447059, 0.431373, 0.427451, 0.431373, 0.427451, 0.419608, 0.419608, 0.407843, 0.403922, 0.392157, 0.388235, 0.219608, 0.211765, 0.243137, 0.250980, 0.247059, 0.227451, 0.227451, 0.219608, 0.231373, 0.231373, 0.235294, 0.231373, 0.243137, 0.235294, 0.239216, 0.239216, 0.235294, 0.247059, 0.247059, 0.254902, 0.266667, 0.254902, 0.254902, 0.231373, 0.282353, 0.309804, 0.247059, 0.278431, 0.290196, 0.294118, 0.290196, 0.301961, 0.301961, 0.301961, 0.282353, 0.266667, 0.231373, 0.215686, 0.215686, 0.274510, 0.235294, 0.184314, 0.141176, 0.321569, 0.635294, 0.596078, 0.564706, 0.552941, 0.560784, 0.560784, 0.560784, 0.556863, 0.560784, 0.568627, 0.560784, 0.556863, 0.560784, 0.564706, 0.564706, 0.556863, 0.556863, 0.556863, 0.552941, 0.545098, 0.545098, 0.478431, 0.227451, 0.674510, 0.596078, 0.592157, 0.592157, 0.6039.290196, 0.207843, 0.156863, 0.266667, 0.478431, 0.462745, 0.454902, 0.447059, 0.439216, 0.435294, 0.431373, 0.423529, 0.419608, 0.415686, 0.411765, 0.407843, 0.400000, 0.388235, 0.388235, 0.203922, 0.235294, 0.215686, 0.239216, 0.227451, 0.243137, 0.215686, 0.235294, 0.211765, 0.223529, 0.219608, 0.211765, 0.227451, 0.227451, 0.243137, 0.239216, 0.239216, 0.223529, 0.231373, 0.247059, 0.258824, 0.250980, 0.274510, 0.235294, 0.247059, 0.250980, 0.298039, 0.278431, 0.239216, 0.239216, 0.294118, 0.309804, 0.301961, 0.309804, 0.270588, 0.227451, 0.243137, 0.227451, 0.207843, 0.282353, 0.360784, 0.207843, 0.168627, 0.313726, 0.349020, 0.615686, 0.556863, 0.552941, 0.556863, 0.556863, 0.556863, 0.564706, 0.556863, 0.560784, 0.560784, 0.560784, 0.556863, 0.556863, 0.560784, 0.556863, 0.552941, 0.552941, 0.549020, 0.549020, 0.545098, 0.631373, 0.129412, 0.800000, 0.607843, 0.592157, 0.596078, 0.615686, 0.572549, 0.588235, 0.584314, 0.639216, 0.298039, 0.215686, 0.200000, 0.223529, 0.458824, 0.462745, 0.462745, 0.450980, 0.439216, 0.439216, 0.435294, 0.439216, 0.415686, 0.415686, 0.415686, 0.407843, 0.396078, 0.400000, 0.392157, 0.368627, 0.117647, 0.200000, 0.250980, 0.254902, 0.215686, 0.243137, 0.223529, 0.219608, 0.235294, 0.235294, 0.227451, 0.219608, 0.239216, 0.235294, 0.247059, 0.223529, 0.239216, 0.243137, 0.223529, 0.262745, 0.258824, 0.231373, 0.254902, 0.254902, 0.270588, 0.247059, 0.250980, 0.301961, 0.286275, 0.274510, 0.301961, 0.301961, 0.313726, 0.294118, 0.282353, 0.247059, 0.235294, 0.235294, 0.239216, 0.270588, 0.301961, 0.200000, 0.266667, 0.247059, 0.235294, 0.619608, 0.556863, 0.556863, 0.549020, 0.556863, 0.556863, 0.549020, 0.556863, 0.556863, 0.556863, 0.556863, 0.556863, 0.552941, 0.552941, 0.556863, 0.556863, 0.552941, 0.549020, 0.545098, 0.541176, 0.533333, 0.211765, 0.509804, 0.600000, 0.600000, 0.611765, 0.592157, 0.584314, 0.580392, 0.611765, 0.349020, 0.223529, 0.196078, 0.125490, 0.470588, 0.466667, 0.458824, 0.462745, 0.458824, 0.447059, 0.443137, 0.447059, 0.435294, 0.423529, 0.411765, 0.411765, 0.403922, 0.400000, 0.403922, 0.384314, 0.384314, 0.192157, 0.192157, 0.203922, 0.188235, 0.231373, 0.223529, 0.235294, 0.223529, 0.243137, 0.223529, 0.203922, 0.282353, 0.215686, 0.239216, 0.247059, 0.223529, 0.247059, 0.243137, 0.247059, 0.250980, 0.243137, 0.231373, 0.250980, 0.223529, 0.250980, 0.266667, 0.247059, 0.250980, 0.278431, 0.266667, 0.301961, 0.231373, 0.301961, 0.301961, 0.298039, 0.239216, 0.227451, 0.286275, 0.254902, 0.227451, 0.352941, 0.184314, 0.192157, 0.176471, 0.317647, 0.678431, 0.564706, 0.552941, 0.541176, 0.549020, 0.552941, 0.552941, 0.552941, 0.556863, 0.556863, 0.556863, 0.560784, 0.556863, 0.552941, 0.552941, 0.549020, 0.549020, 0.545098, 0.545098, 0.545098, 0.533333, 0.474510, 0.227451, 0.635294, 0.607843, 0.615686, 0.596078, 0.580392, 0.592157, 0.482353, 0.192157, 0.196078, 0.156863, 0.501961, 0.462745, 0.470588, 0.462745, 0.458824, 0.458824, 0.450980, 0.439216, 0.435294, 0.439216, 0.423529, 0.419608, 0.407843, 0.403922, 0.407843, 0.392157, 0.400000, 0.380392, 0.203922, 0.196078, 0.231373, 0.262745, 0.215686, 0.223529, 0.227451, 0.223529, 0.227451, 0.223529, 0.239216, 0.247059, 0.235294, 0.258824, 0.254902, 0.247059, 0.262745, 0.262745, 0.250980, 0.266667, 0.247059, 0.250980, 0.250980, 0.247059, 0.254902, 0.258824, 0.262745, 0.254902, 0.278431, 0.243137, 0.298039, 0.294118, 0.286275, 0.278431, 0.290196, 0.290196, 0.278431, 0.278431, 0.274510, 0.266667, 0.384314, 0.192157, 0.192157, 0.172549, 0.301961, 0.713726, 0.603922, 0.549020, 0.545098, 0.549020, 0.549020, 0.556863, 0.549020, 0.549020, 0.552941, 0.552941, 0.552941, 0.549020, 0.545098, 0.552941, 0.545098, 0.545098, 0.541176, 0.545098, 0.537255, 0.525490, 0.545098, 0.109804, 0.796078, 0.607843, 0.592157, 0.584314, 0.592157, 0.678431, 0.125490, 0.200000, 0.164706, 0.411765, 0.466667, 0.470588, 0.462745, 0.462745, 0.454902, 0.454902, 0.447059, 0.431373, 0.427451, 0.419608, 0.415686, 0.415686, 0.403922, 0.411765, 0.376471, 0.392157, 0.392157, 0.392157, 0.211765, 0.196078, 0.172549, 0.207843, 0.203922, 0.192157, 0.239216, 0.227451, 0.219608, 0.227451, 0.235294, 0.227451, 0.239216, 0.235294, 0.278431, 0.200000, 0.239216, 0.247059, 0.243137, 0.258824, 0.250980, 0.250980, 0.239216, 0.262745, 0.254902, 0.250980, 0.250980, 0.266667, 0.286275, 0.274510, 0.282353, 0.305882, 0.203922, 0.301961, 0.341176, 0.282353, 0.254902, 0.239216, 0.286275, 0.290196, 0.321569, 0.203922, 0.188235, 0.196078, 0.290196, 0.572549, 0.615686, 0.556863, 0.537255, 0.545098, 0.549020, 0.549020, 0.552941, 0.545098, 0.549020, 0.545098, 0.549020, 0.552941, 0.552941, 0.549020, 0.545098, 0.545098, 0.537255, 0.533333, 0.533333, 0.521569, 0.537255, 0.227451, 0.564706, 0.607843, 0.588235, 0.588235, 0.717647, 0.121569, 0.203922, 0.141176, 0.286275, 0.517647, 0.474510, 0.474510, 0.458824, 0.462745, 0.454902, 0.450980, 0.447059, 0.439216, 0.431373, 0.423529, 0.419608, 0.415686, 0.403922, 0.403922, 0.396078, 0.400000, 0.380392, 0.376471, 0.168627, 0.207843, 0.203922, 0.215686, 0.211765, 0.219608, 0.207843, 0.227451, 0.227451, 0.219608, 0.247059, 0.250980, 0.254902, 0.239216, 0.227451, 0.235294, 0.235294, 0.235294, 0.231373, 0.258824, 0.223529, 0.254902, 0.247059, 0.250980, 0.262745, 0.301961, 0.247059, 0.262745, 0.254902, 0.266667, 0.274510, 0.313726, 0.305882, 0.278431, 0.333333, 0.247059, 0.250980, 0.254902, 0.262745, 0.278431, 0.247059, 0.184314, 0.203922, 0.200000, 0.227451, 0.254902, 0.650980, 0.560784, 0.541176, 0.545098, 0.545098, 0.545098, 0.549020, 0.549020, 0.552941, 0.549020, 0.552941, 0.549020, 0.545098, 0.545098, 0.545098, 0.541176, 0.537255, 0.537255, 0.533333, 0.525490, 0.525490, 0.556863, 0.156863, 0.705882, 0.603922, 0.760784, 0.109804, 0.211765, 0.188235, 0.270588, 0.545098, 0.474510, 0.462745, 0.470588, 0.462745, 0.450980, 0.454902, 0.450980, 0.439216, 0.439216, 0.427451, 0.427451, 0.419608, 0.403922, 0.415686, 0.396078, 0.403922, 0.396078, 0.380392, 0.376471, 0.215686, 0.227451, 0.215686, 0.219608, 0.215686, 0.192157, 0.219608, 0.227451, 0.231373, 0.223529, 0.239216, 0.211765, 0.247059, 0.231373, 0.247059, 0.266667, 0.254902, 0.223529, 0.239216, 0.239216, 0.219608, 0.227451, 0.250980, 0.239216, 0.254902, 0.254902, 0.258824, 0.250980, 0.266667, 0.286275, 0.274510, 0.301961, 0.305882, 0.309804, 0.282353, 0.258824, 0.250980, 0.254902, 0.258824, 0.254902, 0.137255, 0.192157, 0.200000, 0.200000, 0.200000, 0.188235, 0.686275, 0.572549, 0.545098, 0.537255, 0.545098, 0.545098, 0.541176, 0.541176, 0.545098, 0.545098, 0.549020, 0.545098, 0.545098, 0.545098, 0.545098, 0.541176, 0.537255, 0.529412, 0.533333, 0.525490, 0.521569, 0.568627, 0.133333, 0.745098, 0.780392, 0.137255, 0.219608, 0.180392, 0.152941, 0.533333, 0.478431, 0.478431, 0.474510, 0.462745, 0.462745, 0.462745, 0.450980, 0.439216, 0.443137, 0.435294, 0.427451, 0.419608, 0.415686, 0.411765, 0.407843, 0.400000, 0.400000, 0.388235, 0.388235, 0.388235, 0.243137, 0.215686, 0.247059, 0.223529, 0.219608, 0.266667, 0.239216, 0.227451, 0.219608, 0.243137, 0.250980, 0.239216, 0.239216, 0.235294, 0.231373, 0.223529, 0.243137, 0.239216, 0.243137, 0.250980, 0.239216, 0.247059, 0.250980, 0.239216, 0.258824, 0.254902, 0.250980, 0.266667, 0.266667, 0.270588, 0.262745, 0.282353, 0.313726, 0.313726, 0.278431, 0.258824, 0.243137, 0.227451, 0.227451, 0.184314, 0.203922, 0.180392, 0.168627, 0.192157, 0.168627, 0.266667, 0.615686, 0.584314, 0.549020, 0.541176, 0.533333, 0.541176, 0.537255, 0.541176, 0.545098, 0.541176, 0.545098, 0.541176, 0.545098, 0.545098, 0.541176, 0.533333, 0.533333, 0.533333, 0.533333, 0.525490, 0.521569, 0.517647, 0.231373, 0.427451, 0.192157, 0.188235, 0.196078, 0.152941, 0.505882, 0.474510, 0.478431, 0.482353, 0.470588, 0.466667, 0.454902, 0.462745, 0.450980, 0.439216, 0.435294, 0.439216, 0.423529, 0.415686, 0.407843, 0.407843, 0.400000, 0.407843, 0.392157, 0.380392, 0.384314, 0.376471, 0.231373, 0.219608, 0.227451, 0.254902, 0.227451, 0.231373, 0.247059, 0.207843, 0.235294, 0.247059, 0.250980, 0.243137, 0.250980, 0.247059, 0.239216, 0.254902, 0.219608, 0.254902, 0.250980, 0.219608, 0.227451, 0.239216, 0.243137, 0.239216, 0.250980, 0.254902, 0.254902, 0.250980, 0.247059, 0.258824, 0.274510, 0.286275, 0.298039, 0.309804, 0.290196, 0.282353, 0.219608, 0.211765, 0.203922, 0.219608, 0.188235, 0.188235, 0.188235, 0.200000, 0.207843, 0.282353, 0.388235, 0.592157, 0.549020, 0.533333, 0.533333, 0.533333, 0.541176, 0.541176, 0.545098, 0.537255, 0.545098, 0.541176, 0.537255, 0.537255, 0.537255, 0.533333, 0.529412, 0.521569, 0.529412, 0.521569, 0.517647, 0.513726, 0.588235, 0.164706, 0.196078, 0.184314, 0.203922, 0.482353, 0.490196, 0.474510, 0.478431, 0.474510, 0.474510, 0.466667, 0.462745, 0.450980, 0.443137, 0.447059, 0.431373, 0.435294, 0.431373, 0.419608, 0.407843, 0.403922, 0.400000, 0.400000, 0.384314, 0.384314, 0.376471, 0.364706, 0.223529, 0.223529, 0.223529, 0.247059, 0.235294, 0.243137, 0.243137, 0.215686, 0.211765, 0.239216, 0.239216, 0.235294, 0.239216, 0.243137, 0.239216, 0.223529, 0.239216, 0.243137, 0.227451, 0.239216, 0.243137, 0.243137, 0.250980, 0.215686, 0.254902, 0.266667, 0.215686, 0.254902, 0.262745, 0.247059, 0.266667, 0.278431, 0.294118, 0.309804, 0.329412, 0.235294, 0.254902, 0.176471, 0.219608, 0.196078, 0.188235, 0.192157, 0.196078, 0.196078, 0.184314, 0.243137, 0.301961, 0.596078, 0.545098, 0.533333, 0.533333, 0.529412, 0.537255, 0.541176, 0.533333, 0.533333, 0.541176, 0.541176, 0.537255, 0.533333, 0.533333, 0.529412, 0.529412, 0.521569, 0.521569, 0.521569, 0.513726, 0.513726, 0.572549, 0.149020, 0.188235, 0.235294, 0.443137, 0.501961, 0.482353, 0.482353, 0.474510, 0.466667, 0.470588, 0.466667, 0.462745, 0.458824, 0.454902, 0.443137, 0.439216, 0.439216, 0.427451, 0.411765, 0.411765, 0.400000, 0.403922, 0.403922, 0.392157, 0.380392, 0.380392, 0.368627, 0.219608, 0.243137, 0.243137, 0.203922, 0.215686, 0.247059, 0.243137, 0.231373, 0.239216, 0.239216, 0.239216, 0.235294, 0.239216, 0.243137, 0.188235, 0.247059, 0.247059, 0.250980, 0.254902, 0.231373, 0.239216, 0.243137, 0.231373, 0.250980, 0.243137, 0.247059, 0.258824, 0.247059, 0.262745, 0.266667, 0.231373, 0.282353, 0.298039, 0.305882, 0.309804, 0.172549, 0.188235, 0.184314, 0.192157, 0.200000, 0.184314, 0.180392, 0.180392, 0.176471, 0.180392, 0.137255, 0.231373, 0.729412, 0.560784, 0.533333, 0.525490, 0.529412, 0.533333, 0.533333, 0.533333, 0.533333, 0.533333, 0.533333, 0.537255, 0.533333, 0.529412, 0.521569, 0.521569, 0.521569, 0.517647, 0.517647, 0.513726, 0.509804, 0.517647, 0.564706, 0.682353, 0.313726, 0.505882, 0.482353, 0.482353, 0.486275, 0.474510, 0.466667, 0.470588, 0.462745, 0.458824, 0.450980, 0.439216, 0.439216, 0.431373, 0.431373, 0.419608, 0.411765, 0.407843, 0.403922, 0.396078, 0.396078, 0.368627, 0.388235, 0.368627, 0.360784, 0.227451, 0.250980, 0.239216, 0.250980, 0.290196, 0.231373, 0.247059, 0.243137, 0.223529, 0.250980, 0.235294, 0.243137, 0.227451, 0.243137, 0.235294, 0.254902, 0.239216, 0.243137, 0.247059, 0.247059, 0.250980, 0.250980, 0.250980, 0.247059, 0.239216, 0.239216, 0.282353, 0.250980, 0.250980, 0.258824, 0.254902, 0.278431, 0.286275, 0.313726, 0.345098, 0.164706, 0.176471, 0.192157, 0.196078, 0.180392, 0.188235, 0.192157, 0.180392, 0.180392, 0.188235, 0.149020, 0.282353, 0.800000, 0.584314, 0.533333, 0.521569, 0.521569, 0.525490, 0.525490, 0.533333, 0.529412, 0.529412, 0.521569, 0.533333, 0.533333, 0.533333, 0.525490, 0.521569, 0.513726, 0.517647, 0.513726, 0.505882, 0.509804, 0.498039, 0.494118, 0.501961, 0.494118, 0.486275, 0.486275, 0.482353, 0.478431, 0.474510, 0.470588, 0.466667, 0.454902, 0.454902, 0.450980, 0.439216, 0.435294, 0.423529, 0.427451, 0.419608, 0.411765, 0.403922, 0.380392, 0.392157, 0.384314, 0.380392, 0.364706, 0.376471, 0.364706, 0.231373, 0.250980, 0.231373, 0.227451, 0.215686, 0.258824, 0.243137, 0.231373, 0.239216, 0.243137, 0.250980, 0.247059, 0.239216, 0.239216, 0.247059, 0.239216, 0.227451, 0.235294, 0.247059, 0.227451, 0.247059, 0.254902, 0.231373, 0.235294, 0.250980, 0.243137, 0.266667, 0.239216, 0.262745, 0.247059, 0.247059, 0.274510, 0.278431, 0.301961, 0.321569, 0.133333, 0.188235, 0.196078, 0.184314, 0.188235, 0.192157, 0.188235, 0.168627, 0.184314, 0.192157, 0.180392, 0.301961, 0.423529, 0.580392, 0.533333, 0.521569, 0.517647, 0.525490, 0.529412, 0.525490, 0.521569, 0.533333, 0.529412, 0.529412, 0.525490, 0.521569, 0.521569, 0.517647, 0.513726, 0.517647, 0.509804, 0.509804, 0.501961, 0.498039, 0.494118, 0.486275, 0.482353, 0.486275, 0.474510, 0.474510, 0.474510, 0.466667, 0.458824, 0.462745, 0.462745, 0.454902, 0.447059, 0.427451, 0.427451, 0.427451, 0.419608, 0.415686, 0.411765, 0.407843, 0.400000, 0.396078, 0.388235, 0.380392, 0.376471, 0.364706, 0.368627, 0.235294, 0.152941, 0.211765, 0.215686, 0.211765, 0.219608, 0.219608, 0.219608, 0.200000, 0.239216, 0.239216, 0.239216, 0.239216, 0.274510, 0.231373, 0.231373, 0.243137, 0.223529, 0.211765, 0.262745, 0.239216, 0.227451, 0.235294, 0.223529, 0.223529, 0.250980, 0.239216, 0.227451, 0.247059, 0.239216, 0.239216, 0.270588, 0.286275, 0.349020, 0.337255, 0.192157, 0.192157, 0.196078, 0.184314, 0.180392, 0.192157, 0.188235, 0.192157, 0.200000, 0.188235, 0.196078, 0.188235, 0.129412, 0.568627, 0.541176, 0.521569, 0.517647, 0.521569, 0.521569, 0.517647, 0.517647, 0.525490, 0.521569, 0.521569, 0.521569, 0.517647, 0.517647, 0.513726, 0.509804, 0.505882, 0.501961, 0.505882, 0.498039, 0.498039, 0.490196, 0.490196, 0.486275, 0.478431, 0.474510, 0.474510, 0.474510, 0.466667, 0.462745, 0.462745, 0.454902, 0.443137, 0.443137, 0.431373, 0.431373, 0.427451, 0.419608, 0.415686, 0.411765, 0.403922, 0.400000, 0.400000, 0.400000, 0.376471, 0.364706, 0.364706, 0.364706, 0.203922, 0.211765, 0.192157, 0.200000, 0.215686, 0.211765, 0.215686, 0.168627, 0.219608, 0.200000, 0.219608, 0.219608, 0.200000, 0.235294, 0.227451, 0.231373, 0.239216, 0.231373, 0.219608, 0.227451, 0.247059, 0.235294, 0.239216, 0.250980, 0.239216, 0.231373, 0.176471, 0.278431, 0.211765, 0.243137, 0.223529, 0.262745, 0.274510, 0.286275, 0.294118, 0.184314, 0.211765, 0.196078, 0.196078, 0.184314, 0.156863, 0.176471, 0.176471, 0.184314, 0.200000, 0.192157, 0.141176, 0.133333, 0.596078, 0.549020, 0.525490, 0.509804, 0.517647, 0.517647, 0.521569, 0.521569, 0.513726, 0.521569, 0.521569, 0.517647, 0.517647, 0.513726, 0.517647, 0.509804, 0.501961, 0.501961, 0.501961, 0.501961, 0.494118, 0.486275, 0.486275, 0.482353, 0.478431, 0.470588, 0.474510, 0.474510, 0.466667, 0.462745, 0.462745, 0.450980, 0.450980, 0.439216, 0.439216, 0.427451, 0.431373, 0.419608, 0.407843, 0.403922, 0.400000, 0.392157, 0.392157, 0.392157, 0.376471, 0.368627, 0.368627, 0.352941, 0.203922, 0.180392, 0.215686, 0.215686, 0.219608, 0.180392, 0.203922, 0.196078, 0.196078, 0.203922, 0.203922, 0.200000, 0.172549, 0.200000, 0.200000, 0.278431, 0.227451, 0.219608, 0.231373, 0.239216, 0.258824, 0.215686, 0.235294, 0.231373, 0.227451, 0.227451, 0.227451, 0.247059, 0.247059, 0.258824, 0.239216, 0.266667, 0.278431, 0.286275, 0.333333, 0.188235, 0.180392, 0.196078, 0.192157, 0.192157, 0.184314, 0.180392, 0.168627, 0.184314, 0.200000, 0.188235, 0.192157, 0.301961, 0.568627, 0.556863, 0.521569, 0.509804, 0.509804, 0.509804, 0.517647, 0.509804, 0.509804, 0.509804, 0.509804, 0.509804, 0.509804, 0.505882, 0.505882, 0.509804, 0.501961, 0.498039, 0.498039, 0.498039, 0.490196, 0.486275, 0.486275, 0.482353, 0.478431, 0.474510, 0.474510, 0.462745, 0.462745, 0.462745, 0.450980, 0.443137, 0.447059, 0.439216, 0.435294, 0.427451, 0.423529, 0.411765, 0.411765, 0.407843, 0.392157, 0.396078, 0.388235, 0.388235, 0.368627, 0.368627, 0.376471, 0.349020, 0.203922, 0.215686, 0.211765, 0.203922, 0.196078, 0.196078, 0.207843, 0.196078, 0.196078, 0.180392, 0.196078, 0.200000, 0.200000, 0.192157, 0.200000, 0.207843, 0.215686, 0.227451, 0.231373, 0.231373, 0.227451, 0.235294, 0.223529, 0.223529, 0.301961, 0.203922, 0.231373, 0.231373, 0.235294, 0.247059, 0.243137, 0.243137, 0.254902, 0.250980, 0.247059, 0.180392, 0.200000, 0.211765, 0.196078, 0.180392, 0.180392, 0.180392, 0.184314, 0.176471, 0.176471, 0.180392, 0.192157, 0.250980, 0.411765, 0.545098, 0.521569, 0.505882, 0.509804, 0.509804, 0.509804, 0.505882, 0.509804, 0.509804, 0.509804, 0.501961, 0.509804, 0.505882, 0.501961, 0.498039, 0.498039, 0.498039, 0.486275, 0.490196, 0.486275, 0.486275, 0.482353, 0.474510, 0.474510, 0.470588, 0.462745, 0.462745, 0.439216, 0.450980, 0.439216, 0.443137, 0.439216, 0.431373, 0.427451, 0.427451, 0.423529, 0.415686, 0.407843, 0.400000, 0.388235, 0.384314, 0.380392, 0.388235, 0.368627, 0.368627, 0.345098, 0.352941, 0.200000, 0.215686, 0.196078, 0.215686, 0.203922, 0.156863, 0.227451, 0.200000, 0.203922, 0.203922, 0.196078, 0.203922, 0.192157, 0.200000, 0.207843, 0.207843, 0.223529, 0.243137, 0.227451, 0.227451, 0.211765, 0.219608, 0.227451, 0.239216, 0.227451, 0.231373, 0.239216, 0.239216, 0.243137, 0.239216, 0.239216, 0.266667, 0.239216, 0.274510, 0.290196, 0.200000, 0.203922, 0.196078, 0.176471, 0.192157, 0.184314, 0.180392, 0.188235, 0.184314, 0.176471, 0.184314, 0.188235, 0.211765, 0.184314, 0.588235, 0.517647, 0.501961, 0.494118, 0.498039, 0.505882, 0.505882, 0.505882, 0.498039, 0.509804, 0.501961, 0.505882, 0.501961, 0.498039, 0.501961, 0.490196, 0.490196, 0.490196, 0.490196, 0.478431, 0.474510, 0.478431, 0.470588, 0.474510, 0.470588, 0.466667, 0.454902, 0.443137, 0.447059, 0.443137, 0.439216, 0.427451, 0.427451, 0.427451, 0.427451, 0.415686, 0.407843, 0.403922, 0.396078, 0.396078, 0.388235, 0.388235, 0.380392, 0.368627, 0.368627, 0.356863, 0.352941, 0.200000, 0.203922, 0.207843, 0.207843, 0.203922, 0.215686, 0.211765, 0.211765, 0.207843, 0.196078, 0.207843, 0.215686, 0.203922, 0.219608, 0.239216, 0.227451, 0.215686, 0.219608, 0.215686, 0.223529, 0.223529, 0.254902, 0.235294, 0.231373, 0.227451, 0.227451, 0.239216, 0.247059, 0.247059, 0.215686, 0.247059, 0.235294, 0.301961, 0.286275, 0.321569, 0.219608, 0.200000, 0.180392, 0.172549, 0.188235, 0.184314, 0.188235, 0.180392, 0.180392, 0.184314, 0.168627, 0.184314, 0.160784, 0.247059, 0.756863, 0.537255, 0.505882, 0.498039, 0.494118, 0.498039, 0.501961, 0.505882, 0.501961, 0.501961, 0.501961, 0.501961, 0.501961, 0.498039, 0.498039, 0.490196, 0.490196, 0.486275, 0.486275, 0.478431, 0.474510, 0.474510, 0.466667, 0.462745, 0.466667, 0.458824, 0.454902, 0.450980, 0.447059, 0.443137, 0.447059, 0.435294, 0.427451, 0.423529, 0.419608, 0.415686, 0.403922, 0.403922, 0.400000, 0.388235, 0.380392, 0.376471, 0.368627, 0.376471, 0.364706, 0.360784, 0.360784, 0.192157, 0.207843, 0.211765, 0.207843, 0.211765, 0.219608, 0.211765, 0.215686, 0.200000, 0.215686, 0.223529, 0.223529, 0.215686, 0.211765, 0.223529, 0.223529, 0.239216, 0.227451, 0.215686, 0.235294, 0.219608, 0.227451, 0.227451, 0.235294, 0.215686, 0.223529, 0.223529, 0.239216, 0.235294, 0.239216, 0.250980, 0.239216, 0.247059, 0.278431, 0.313726, 0.215686, 0.196078, 0.172549, 0.180392, 0.192157, 0.184314, 0.188235, 0.180392, 0.192157, 0.188235, 0.180392, 0.192157, 0.188235, 0.258824, 0.650980, 0.541176, 0.501961, 0.490196, 0.490196, 0.494118, 0.494118, 0.498039, 0.498039, 0.498039, 0.494118, 0.490196, 0.494118, 0.498039, 0.494118, 0.486275, 0.486275, 0.486275, 0.482353, 0.474510, 0.474510, 0.470588, 0.462745, 0.466667, 0.462745, 0.454902, 0.458824, 0.450980, 0.439216, 0.443137, 0.443137, 0.423529, 0.435294, 0.423529, 0.415686, 0.407843, 0.407843, 0.400000, 0.396078, 0.392157, 0.388235, 0.380392, 0.380392, 0.364706, 0.356863, 0.352941, 0.349020, 0.211765, 0.215686, 0.211765, 0.207843, 0.211765, 0.215686, 0.203922, 0.215686, 0.215686, 0.219608, 0.215686, 0.219608, 0.215686, 0.219608, 0.227451, 0.227451, 0.231373, 0.227451, 0.203922, 0.172549, 0.211765, 0.223529, 0.223529, 0.219608, 0.219608, 0.203922, 0.219608, 0.219608, 0.231373, 0.235294, 0.239216, 0.243137, 0.243137, 0.274510, 0.278431, 0.176471, 0.188235, 0.180392, 0.180392, 0.184314, 0.176471, 0.180392, 0.196078, 0.188235, 0.180392, 0.164706, 0.188235, 0.188235, 0.235294, 0.329412, 0.541176, 0.513726, 0.494118, 0.490196, 0.490196, 0.498039, 0.494118, 0.490196, 0.494118, 0.498039, 0.498039, 0.490196, 0.486275, 0.494118, 0.478431, 0.474510, 0.478431, 0.474510, 0.470588, 0.474510, 0.474510, 0.458824, 0.458824, 0.458824, 0.450980, 0.450980, 0.447059, 0.443137, 0.435294, 0.427451, 0.423529, 0.423529, 0.419608, 0.415686, 0.411765, 0.403922, 0.400000, 0.388235, 0.372549, 0.380392, 0.380392, 0.360784, 0.368627, 0.368627, 0.337255, 0.333333, 0.211765, 0.215686, 0.223529, 0.203922, 0.207843, 0.219608, 0.200000, 0.125490, 0.211765, 0.215686, 0.219608, 0.211765, 0.219608, 0.227451, 0.223529, 0.227451, 0.215686, 0.231373, 0.223529, 0.215686, 0.215686, 0.231373, 0.211765, 0.223529, 0.223529, 0.235294, 0.247059, 0.227451, 0.223529, 0.227451, 0.243137, 0.235294, 0.250980, 0.278431, 0.290196, 0.192157, 0.188235, 0.188235, 0.180392, 0.172549, 0.180392, 0.180392, 0.176471, 0.180392, 0.160784, 0.180392, 0.164706, 0.176471, 0.211765, 0.145098, 0.549020, 0.501961, 0.486275, 0.478431, 0.486275, 0.486275, 0.486275, 0.486275, 0.486275, 0.490196, 0.478431, 0.486275, 0.482353, 0.482353, 0.478431, 0.478431, 0.478431, 0.474510, 0.462745, 0.462745, 0.462745, 0.450980, 0.458824, 0.450980, 0.450980, 0.439216, 0.447059, 0.443137, 0.435294, 0.427451, 0.419608, 0.415686, 0.415686, 0.403922, 0.400000, 0.396078, 0.392157, 0.392157, 0.388235, 0.380392, 0.372549, 0.368627, 0.356863, 0.356863, 0.341176, 0.333333, 0.203922, 0.227451, 0.211765, 0.211765, 0.200000, 0.200000, 0.270588, 0.207843, 0.207843, 0.219608, 0.196078, 0.231373, 0.219608, 0.227451, 0.219608, 0.215686, 0.211765, 0.247059, 0.227451, 0.211765, 0.211765, 0.211765, 0.219608, 0.207843, 0.215686, 0.219608, 0.227451, 0.184314, 0.211765, 0.223529, 0.231373, 0.247059, 0.250980, 0.282353, 0.301961, 0.160784, 0.172549, 0.172549, 0.176471, 0.168627, 0.180392, 0.184314, 0.184314, 0.184314, 0.168627, 0.176471, 0.184314, 0.192157, 0.192157, 0.203922, 0.611765, 0.505882, 0.486275, 0.474510, 0.478431, 0.478431, 0.486275, 0.486275, 0.482353, 0.486275, 0.478431, 0.478431, 0.474510, 0.474510, 0.470588, 0.474510, 0.458824, 0.462745, 0.454902, 0.462745, 0.454902, 0.454902, 0.450980, 0.443137, 0.439216, 0.439216, 0.439216, 0.431373, 0.427451, 0.419608, 0.427451, 0.411765, 0.403922, 0.392157, 0.400000, 0.396078, 0.400000, 0.396078, 0.376471, 0.372549, 0.368627, 0.349020, 0.368627, 0.352941, 0.337255, 0.325490, 0.200000, 0.215686, 0.203922, 0.207843, 0.203922, 0.188235, 0.207843, 0.211765, 0.211765, 0.211765, 0.211765, 0.207843, 0.207843, 0.207843, 0.219608, 0.223529, 0.215686, 0.215686, 0.219608, 0.211765, 0.223529, 0.227451, 0.215686, 0.219608, 0.223529, 0.207843, 0.239216, 0.219608, 0.231373, 0.239216, 0.207843, 0.239216, 0.262745, 0.258824, 0.282353, 0.200000, 0.180392, 0.172549, 0.168627, 0.176471, 0.176471, 0.184314, 0.180392, 0.168627, 0.180392, 0.188235, 0.160784, 0.184314, 0.184314, 0.329412, 0.482353, 0.525490, 0.494118, 0.478431, 0.474510, 0.474510, 0.474510, 0.478431, 0.478431, 0.478431, 0.478431, 0.470588, 0.474510, 0.470588, 0.462745, 0.470588, 0.458824, 0.462745, 0.454902, 0.450980, 0.450980, 0.454902, 0.450980, 0.439216, 0.431373, 0.439216, 0.427451, 0.431373, 0.423529, 0.419608, 0.411765, 0.411765, 0.407843, 0.407843, 0.400000, 0.396078, 0.388235, 0.384314, 0.368627, 0.356863, 0.364706, 0.364706, 0.349020, 0.360784, 0.341176, 0.333333, 0.211765, 0.203922, 0.207843, 0.203922, 0.203922, 0.211765, 0.207843, 0.215686, 0.207843, 0.215686, 0.207843, 0.227451, 0.211765, 0.235294, 0.215686, 0.211765, 0.207843, 0.203922, 0.207843, 0.203922, 0.207843, 0.227451, 0.219608, 0.215686, 0.211765, 0.219608, 0.219608, 0.207843, 0.223529, 0.207843, 0.231373, 0.235294, 0.250980, 0.262745, 0.250980, 0.141176, 0.184314, 0.180392, 0.184314, 0.176471, 0.180392, 0.172549, 0.184314, 0.176471, 0.168627, 0.180392, 0.168627, 0.176471, 0.176471, 0.227451, 0.352941, 0.525490, 0.490196, 0.466667, 0.470588, 0.474510, 0.474510, 0.474510, 0.474510, 0.466667, 0.494118, 0.447059, 0.494118, 0.458824, 0.462745, 0.462745, 0.454902, 0.470588, 0.478431, 0.372549, 0.407843, 0.439216, 0.439216, 0.439216, 0.439216, 0.439216, 0.431373, 0.427451, 0.423529, 0.415686, 0.411765, 0.407843, 0.403922, 0.403922, 0.400000, 0.384314, 0.388235, 0.376471, 0.380392, 0.356863, 0.364706, 0.356863, 0.349020, 0.333333, 0.333333, 0.333333, 0.203922, 0.192157, 0.215686, 0.215686, 0.200000, 0.203922, 0.211765, 0.211765, 0.215686, 0.215686, 0.207843, 0.219608, 0.207843, 0.215686, 0.211765, 0.207843, 0.207843, 0.196078, 0.172549, 0.188235, 0.223529, 0.219608, 0.215686, 0.231373, 0.215686, 0.219608, 0.239216, 0.215686, 0.219608, 0.207843, 0.250980, 0.227451, 0.286275, 0.313726, 0.266667, 0.196078, 0.184314, 0.180392, 0.180392, 0.180392, 0.176471, 0.192157, 0.164706, 0.180392, 0.172549, 0.172549, 0.176471, 0.176471, 0.180392, 0.156863, 0.168627, 0.643137, 0.533333, 0.494118, 0.501961, 0.482353, 0.525490, 0.388235, 0.439216, 0.388235, 0.341176, 0.290196, 0.266667, 0.250980, 0.270588, 0.278431, 0.294118, 0.345098, 0.321569, 0.360784, 0.337255, 0.219608, 0.231373, 0.309804, 0.443137, 0.478431, 0.443137, 0.419608, 0.415686, 0.415686, 0.411765, 0.400000, 0.403922, 0.392157, 0.384314, 0.376471, 0.376471, 0.376471, 0.356863, 0.360784, 0.356863, 0.356863, 0.345098, 0.337255, 0.345098, 0.325490, 0.211765, 0.211765, 0.211765, 0.192157, 0.207843, 0.223529, 0.203922, 0.207843, 0.180392, 0.203922, 0.203922, 0.207843, 0.207843, 0.188235, 0.207843, 0.149020, 0.203922, 0.203922, 0.211765, 0.211765, 0.203922, 0.200000, 0.203922, 0.200000, 0.211765, 0.211765, 0.200000, 0.192157, 0.219608, 0.219608, 0.227451, 0.254902, 0.243137, 0.239216, 0.266667, 0.200000, 0.180392, 0.164706, 0.172549, 0.164706, 0.211765, 0.141176, 0.184314, 0.227451, 0.149020, 0.117647, 0.121569, 0.121569, 0.196078, 0.250980, 0.454902, 0.258824, 0.305882, 0.368627, 0.345098, 0.333333, 0.290196, 0.290196, 0.290196, 0.364706, 0.254902, 0.352941, 0.380392, 0.352941, 0.352941, 0.349020, 0.337255, 0.341176, 0.333333, 0.337255, 0.325490, 0.250980, 0.231373, 0.266667, 0.282353, 0.247059, 0.258824, 0.254902, 0.341176, 0.384314, 0.462745, 0.439216, 0.388235, 0.384314, 0.376471, 0.368627, 0.368627, 0.368627, 0.356863, 0.356863, 0.356863, 0.352941, 0.345098, 0.329412, 0.321569, 0.333333, 0.215686, 0.223529, 0.207843, 0.207843, 0.200000, 0.207843, 0.211765, 0.211765, 0.203922, 0.239216, 0.223529, 0.152941, 0.215686, 0.258824, 0.211765, 0.196078, 0.227451, 0.231373, 0.215686, 0.207843, 0.227451, 0.207843, 0.203922, 0.215686, 0.203922, 0.219608, 0.254902, 0.207843, 0.250980, 0.231373, 0.219608, 0.235294, 0.215686, 0.239216, 0.258824, 0.258824, 0.180392, 0.207843, 0.368627, 0.356863, 0.498039, 0.447059, 0.250980, 0.258824, 0.274510, 0.290196, 0.286275, 0.298039, 0.356863, 0.392157, 0.360784, 0.337255, 0.270588, 0.282353, 0.286275, 0.270588, 0.403922, 0.372549, 0.435294, 0.294118, 0.278431, 0.345098, 0.360784, 0.247059, 0.282353, 0.345098, 0.372549, 0.325490, 0.266667, 0.337255, 0.301961, 0.223529, 0.223529, 0.203922, 0.262745, 0.262745, 0.290196, 0.301961, 0.313726, 0.270588, 0.262745, 0.196078, 0.309804, 0.392157, 0.427451, 0.396078, 0.392157, 0.372549, 0.356863, 0.356863, 0.286275, 0.337255, 0.337255, 0.333333, 0.329412, 0.329412, 0.215686, 0.192157, 0.203922, 0.219608, 0.219608, 0.227451, 0.227451, 0.211765, 0.203922, 0.219608, 0.227451, 0.200000, 0.184314, 0.223529, 0.207843, 0.211765, 0.223529, 0.203922, 0.207843, 0.215686, 0.211765, 0.215686, 0.219608, 0.207843, 0.203922, 0.215686, 0.200000, 0.211765, 0.207843, 0.203922, 0.223529, 0.223529, 0.223529, 0.223529, 0.254902, 0.290196, 0.262745, 0.243137, 0.200000, 0.243137, 0.247059, 0.231373, 0.239216, 0.270588, 0.262745, 0.235294, 0.317647, 0.282353, 0.254902, 0.266667, 0.270588, 0.227451, 0.298039, 0.301961, 0.239216, 0.258824, 0.392157, 0.305882, 0.290196, 0.258824, 0.262745, 0.274510, 0.250980, 0.243137, 0.227451, 0.266667, 0.262745, 0.329412, 0.282353, 0.266667, 0.313726, 0.239216, 0.215686, 0.223529, 0.239216, 0.254902, 0.274510, 0.294118, 0.298039, 0.239216, 0.239216, 0.250980, 0.278431, 0.270588, 0.298039, 0.219608, 0.250980, 0.380392, 0.345098, 0.352941, 0.321569, 0.337255, 0.333333, 0.325490, 0.329412, 0.325490, 0.215686, 0.258824, 0.258824, 0.211765, 0.219608, 0.219608, 0.200000, 0.207843, 0.168627, 0.196078, 0.227451, 0.219608, 0.219608, 0.211765, 0.211765, 0.203922, 0.215686, 0.219608, 0.176471, 0.223529, 0.203922, 0.207843, 0.215686, 0.231373, 0.215686, 0.203922, 0.203922, 0.215686, 0.211765, 0.211765, 0.215686, 0.219608, 0.239216, 0.235294, 0.227451, 0.250980, 0.274510, 0.250980, 0.172549, 0.258824, 0.215686, 0.219608, 0.231373, 0.258824, 0.239216, 0.243137, 0.235294, 0.247059, 0.250980, 0.223529, 0.223529, 0.231373, 0.231373, 0.258824, 0.243137, 0.223529, 0.298039, 0.270588, 0.254902, 0.239216, 0.243137, 0.239216, 0.231373, 0.219608, 0.227451, 0.227451, 0.227451, 0.239216, 0.227451, 0.223529, 0.215686, 0.223529, 0.223529, 0.196078, 0.188235, 0.219608, 0.215686, 0.250980, 0.254902, 0.254902, 0.227451, 0.227451, 0.266667, 0.313726, 0.254902, 0.207843, 0.258824, 0.141176, 0.368627, 0.368627, 0.345098, 0.333333, 0.325490, 0.321569, 0.321569, 0.317647, 0.231373, 0.235294, 0.243137, 0.223529, 0.223529, 0.211765, 0.231373, 0.172549, 0.227451, 0.223529, 0.215686, 0.211765, 0.207843, 0.223529, 0.223529, 0.227451, 0.223529, 0.219608, 0.223529, 0.219608, 0.219608, 0.227451, 0.215686, 0.211765, 0.215686, 0.200000, 0.215686, 0.211765, 0.215686, 0.211765, 0.223529, 0.211765, 0.227451, 0.235294, 0.227451, 0.243137, 0.247059, 0.254902, 0.207843, 0.223529, 0.235294, 0.203922, 0.219608, 0.223529, 0.227451, 0.219608, 0.227451, 0.227451, 0.231373, 0.200000, 0.223529, 0.250980, 0.239216, 0.239216, 0.223529, 0.231373, 0.239216, 0.250980, 0.235294, 0.243137, 0.250980, 0.247059, 0.227451, 0.231373, 0.227451, 0.215686, 0.203922, 0.227451, 0.211765, 0.211765, 0.211765, 0.231373, 0.223529, 0.207843, 0.211765, 0.215686, 0.219608, 0.235294, 0.243137, 0.231373, 0.219608, 0.211765, 0.282353, 0.274510, 0.235294, 0.200000, 0.207843, 0.196078, 0.258824, 0.274510, 0.270588, 0.298039, 0.325490, 0.321569, 0.317647, 0.317647, 0.239216, 0.215686, 0.239216, 0.215686, 0.227451, 0.227451, 0.227451, 0.207843, 0.219608, 0.211765, 0.215686, 0.231373, 0.219608, 0.207843, 0.215686, 0.231373, 0.215686, 0.215686, 0.227451, 0.211765, 0.223529, 0.200000, 0.227451, 0.207843, 0.227451, 0.176471, 0.203922, 0.200000, 0.207843, 0.203922, 0.196078, 0.211765, 0.211765, 0.227451, 0.227451, 0.239216, 0.243137, 0.239216, 0.203922, 0.215686, 0.188235, 0.211765, 0.203922, 0.227451, 0.211765, 0.219608, 0.235294, 0.223529, 0.215686, 0.207843, 0.227451, 0.219608, 0.215686, 0.215686, 0.223529, 0.219608, 0.227451, 0.227451, 0.215686, 0.203922, 0.215686, 0.215686, 0.215686, 0.215686, 0.219608, 0.227451, 0.227451, 0.211765, 0.203922, 0.203922, 0.172549, 0.207843, 0.211765, 0.203922, 0.196078, 0.188235, 0.203922, 0.207843, 0.215686, 0.184314, 0.200000, 0.207843, 0.235294, 0.231373, 0.203922, 0.203922, 0.176471, 0.215686, 0.215686, 0.203922, 0.188235, 0.231373, 0.298039, 0.341176, 0.317647, 0.313726, 0.231373, 0.239216, 0.239216, 0.231373, 0.227451, 0.215686, 0.235294, 0.215686, 0.219608, 0.219608, 0.219608, 0.215686, 0.215686, 0.2235[0;31mE (11521) task_wdt: Task watchdog got triggered. The following tasks/users did not reset the watchdog in time:[0m
[0;31mE (11521) task_wdt:  - IDLE0 (CPU 0)[0m
[0;31mE (11521) task_wdt: Tasks currently running:[0m
[0;31mE (11521) task_wdt: CPU 0: tf_main[0m
[0;31mE (11521) task_wdt: CPU 1: IDLE1[0m
[0;31mE (11521) task_wdt: Print CPU 0 (current core) backtrace[0m


Backtrace: 0x400EFFB0:0x3FFB11B0 0x40084595:0x3FFB11E0 0x400D547E:0x3FFB6B60 0x400D606E:0x3FFB6B90 0x400D6DE1:0x3FFB6BC0 0x4000BD83:0x3FFB6BE0 0x4000182A:0x3FFB6C00 0x400D6A05:0x3FFB6C20 0x400D6DE1:0x3FFB6C40 0x40086E95:0x3FFB6C60 0x40086315:0x3FFB6C80 0x4008636A:0x3FFB6CA0 0x40086837:0x3FFB6CC0 0x400F6DD7:0x3FFB6CF0 0x400F67A1:0x3FFB6D10 0x400F8CCF:0x3FFB7030 0x400D8737:0x3FFB7080 0x400D85AA:0x3FFB70A0 0x400D7FFA:0x3FFB70E0

29, 0.235294, 0.231373, 0.239216, 0.223529, 0.227451, 0.223529, 0.215686, 0.215686, 0.211765, 0.211765, 0.211765, 0.203922, 0.219608, 0.223529, 0.227451, 0.207843, 0.211765, 0.203922, 0.215686, 0.215686, 0.219608, 0.188235, 0.243137, 0.211765, 0.200000, 0.203922, 0.203922, 0.203922, 0.196078, 0.219608, 0.223529, 0.215686, 0.227451, 0.211765, 0.203922, 0.215686, 0.211765, 0.223529, 0.247059, 0.215686, 0.215686, 0.223529, 0.227451, 0.223529, 0.207843, 0.223529, 0.207843, 0.211765, 0.215686, 0.211765, 0.203922, 0.207843, 0.203922, 0.203922, 0.203922, 0.200000, 0.203922, 0.207843, 0.219608, 0.203922, 0.196078, 0.196078, 0.192157, 0.207843, 0.207843, 0.207843, 0.188235, 0.196078, 0.203922, 0.211765, 0.207843, 0.196078, 0.192157, 0.223529, 0.196078, 0.203922, 0.200000, 0.211765, 0.207843, 0.184314, 0.180392, 0.243137, 0.258824, 0.239216, 0.223529, 0.219608, 0.211765, 0.215686, 0.227451, 0.215686, 0.203922, 0.223529, 0.235294, 0.243137, 0.215686, 0.203922, 0.227451, 0.219608, 0.215686, 0.203922, 0.192157, 0.200000, 0.200000, 0.207843, 0.211765, 0.211765, 0.180392, 0.207843, 0.200000, 0.196078, 0.211765, 0.180392, 0.211765, 0.207843, 0.200000, 0.231373, 0.207843, 0.239216, 0.231373, 0.227451, 0.203922, 0.203922, 0.211765, 0.203922, 0.192157, 0.207843, 0.203922, 0.200000, 0.207843, 0.211765, 0.207843, 0.219608, 0.200000, 0.207843, 0.223529, 0.211765, 0.211765, 0.211765, 0.211765, 0.200000, 0.215686, 0.203922, 0.200000, 0.211765, 0.203922, 0.203922, 0.203922, 0.203922, 0.203922, 0.215686, 0.203922, 0.176471, 0.184314, 0.200000, 0.203922, 0.211765, 0.200000, 0.196078, 0.192157, 0.192157, 0.200000, 0.200000, 0.192157, 0.188235, 0.196078, 0.203922, 0.203922, 0.196078, 0.192157, 0.192157, 0.231373, 0.192157, 0.196078, 0.192157, 0.207843, 0.196078, 0.203922, 0.207843, 0.203922, 0.243137, 0.219608, 0.207843, 0.215686, 0.215686, 0.227451, 0.211765, 0.215686, 0.203922, 0.211765, 0.207843, 0.219608, 0.215686, 0.200000, 0.215686, 0.200000, 0.243137, 0.215686, 0.203922, 0.207843, 0.203922, 0.203922, 0.203922, 0.184314, 0.203922, 0.207843, 0.200000, 0.211765, 0.211765, 0.203922, 0.207843, 0.211765, 0.223529, 0.215686, 0.215686, 0.239216, 0.219608, 0.203922, 0.188235, 0.203922, 0.203922, 0.196078, 0.215686, 0.188235, 0.188235, 0.223529, 0.219608, 0.207843, 0.203922, 0.211765, 0.203922, 0.219608, 0.203922, 0.207843, 0.207843, 0.207843, 0.211765, 0.207843, 0.207843, 0.211765, 0.207843, 0.203922, 0.203922, 0.203922, 0.200000, 0.203922, 0.196078, 0.200000, 0.188235, 0.188235, 0.188235, 0.203922, 0.203922, 0.203922, 0.188235, 0.188235, 0.196078, 0.200000, 0.203922, 0.192157, 0.188235, 0.192157, 0.196078, 0.196078, 0.192157, 0.192157, 0.176471, 0.192157, 0.192157, 0.176471, 0.184314, 0.188235, 0.196078, 0.200000, 0.200000, 0.219608, 0.219608, 0.200000, 0.215686, 0.211765, 0.215686, 0.211765, 0.215686, 0.203922, 0.211765, 0.215686, 0.219608, 0.211765, 0.215686, 0.200000, 0.211765, 0.196078, 0.215686, 0.196078, 0.215686, 0.203922, 0.196078, 0.168627, 0.200000, 0.219608, 0.137255, 0.207843, 0.203922, 0.203922, 0.211765, 0.203922, 0.215686, 0.215686, 0.215686, 0.227451, 0.227451, 0.235294, 0.231373, 0.203922, 0.196078, 0.200000, 0.192157, 0.203922, 0.196078, 0.203922, 0.180392, 0.215686, 0.211765, 0.211765, 0.196078, 0.200000, 0.203922, 0.211765, 0.200000, 0.203922, 0.203922, 0.203922, 0.196078, 0.196078, 0.203922, 0.203922, 0.203922, 0.196078, 0.188235, 0.200000, 0.200000, 0.203922, 0.203922, 0.200000, 0.188235, 0.184314, 0.180392, 0.192157, 0.196078, 0.196078, 0.188235, 0.196078, 0.188235, 0.184314, 0.196078, 0.192157, 0.176471, 0.192157, 0.200000, 0.188235, 0.188235, 0.184314, 0.176471, 0.192157, 0.180392, 0.188235, 0.184314, 0.184314, 0.180392, 0.184314, 0.192157, 0.227451, 0.227451, 0.203922, 0.207843, 0.215686, 0.203922, 0.215686, 0.215686, 0.227451, 0.211765, 0.207843, 0.192157, 0.223529, 0.203922, 0.207843, 0.207843, 0.180392, 0.219608, 0.211765, 0.196078, 0.231373, 0.219608, 0.176471, 0.215686, 0.227451, 0.200000, 0.196078, 0.203922, 0.196078, 0.196078, 0.196078, 0.200000, 0.215686, 0.219608, 0.215686, 0.203922, 0.223529, 0.219608, 0.203922, 0.203922, 0.203922, 0.200000, 0.200000, 0.207843, 0.192157, 0.200000, 0.207843, 0.215686, 0.215686, 0.203922, 0.207843, 0.196078, 0.203922, 0.196078, 0.200000, 0.203922, 0.207843, 0.192157, 0.200000, 0.200000, 0.200000, 0.203922, 0.200000, 0.188235, 0.196078, 0.215686, 0.196078, 0.196078, 0.184314, 0.168627, 0.176471, 0.180392, 0.192157, 0.192157, 0.203922, 0.180392, 0.196078, 0.188235, 0.188235, 0.176471, 0.184314, 0.180392, 0.188235, 0.196078, 0.180392, 0.196078, 0.184314, 0.180392, 0.180392, 0.188235, 0.192157, 0.188235, 0.168627, 0.184314, 0.180392, 0.184314, 0.223529, 0.215686, 0.207843, 0.211765, 0.211765, 0.188235, 0.219608, 0.203922, 0.211765, 0.207843, 0.211765, 0.203922, 0.203922, 0.203922, 0.215686, 0.207843, 0.192157, 0.207843, 0.188235, 0.203922, 0.192157, 0.223529, 0.215686, 0.203922, 0.188235, 0.200000, 0.192157, 0.196078, 0.200000, 0.219608, 0.200000, 0.219608, 0.192157, 0.227451, 0.215686, 0.215686, 0.223529, 0.211765, 0.203922, 0.207843, 0.203922, 0.200000, 0.227451, 0.180392, 0.200000, 0.211765, 0.203922, 0.207843, 0.203922, 0.203922, 0.207843, 0.192157, 0.196078, 0.192157, 0.215686, 0.192157, 0.207843, 0.200000, 0.196078, 0.192157, 0.196078, 0.200000, 0.200000, 0.184314, 0.184314, 0.200000, 0.196078, 0.184314, 0.192157, 0.207843, 0.192157, 0.188235, 0.192157, 0.192157, 0.192157, 0.184314, 0.184314, 0.176471, 0.176471, 0.184314, 0.184314, 0.184314, 0.180392, 0.192157, 0.184314, 0.188235, 0.184314, 0.176471, 0.176471, 0.180392, 0.180392, 0.192157, 0.184314, 0.164706, 0.156863, 0.180392, 0.215686, 0.192157, 0.231373, 0.235294, 0.215686, 0.223529, 0.243137, 0.219608, 0.227451, 0.215686, 0.207843, 0.203922, 0.203922, 0.192157, 0.203922, 0.200000, 0.200000, 0.200000, 0.223529, 0.192157, 0.188235, 0.192157, 0.203922, 0.196078, 0.192157, 0.196078, 0.203922, 0.192157, 0.192157, 0.196078, 0.196078, 0.203922, 0.207843, 0.215686, 0.219608, 0.203922, 0.215686, 0.219608, 0.192157, 0.196078, 0.184314, 0.156863, 0.196078, 0.188235, 0.184314, 0.200000, 0.203922, 0.203922, 0.207843, 0.247059, 0.176471, 0.192157, 0.192157, 0.192157, 0.196078, 0.192157, 0.192157, 0.192157, 0.192157, 0.184314, 0.192157, 0.192157, 0.192157, 0.196078, 0.188235, 0.196078, 0.192157, 0.196078, 0.200000, 0.192157, 0.180392, 0.180392, 0.184314, 0.184314, 0.184314, 0.180392, 0.184314, 0.184314, 0.180392, 0.184314, 0.184314, 0.184314, 0.180392, 0.184314, 0.188235, 0.184314, 0.188235, 0.172549, 0.172549, 0.176471, 0.180392, 0.184314, 0.188235, 0.176471, 0.176471, 0.184314, 0.223529, 0.215686, 0.223529, 0.219608, 0.231373, 0.215686, 0.227451, 0.188235, 0.243137, 0.243137, 0.203922, 0.231373, 0.219608, 0.192157, 0.207843, 0.215686, 0.203922, 0.207843, 0.192157, 0.196078, 0.192157, 0.196078, 0.200000, 0.188235, 0.196078, 0.192157, 0.192157, 0.192157, 0.203922, 0.200000, 0.207843, 0.207843, 0.203922, 0.215686, 0.211765, 0.211765, 0.219608, 0.215686, 0.200000, 0.196078, 0.200000, 0.207843, 0.196078, 0.188235, 0.188235, 0.188235, 0.203922, 0.211765, 0.207843, 0.180392, 0.196078, 0.192157, 0.188235, 0.184314, 0.196078, 0.192157, 0.192157, 0.192157, 0.192157, 0.196078, 0.188235, 0.200000, 0.180392, 0.180392, 0.184314, 0.192157, 0.192157, 0.196078, 0.196078, 0.188235, 0.192157, 0.180392, 0.180392, 0.184314, 0.192157, 0.184314, 0.180392, 0.172549, 0.184314, 0.168627, 0.192157, 0.184314, 0.180392, 0.180392, 0.180392, 0.180392, 0.180392, 0.172549, 0.184314, 0.172549, 0.172549, 0.196078, 0.184314, 0.180392, 0.168627, 0.172549, 0.235294, 0.227451, 0.227451, 0.203922, 0.203922, 0.203922, 0.207843, 0.215686, 0.203922, 0.203922, 0.196078, 0.203922, 0.188235, 0.180392, 0.207843, 0.203922, 0.192157, 0.200000, 0.180392, 0.192157, 0.227451, 0.180392, 0.188235, 0.172549, 0.211765, 0.192157, 0.192157, 0.192157, 0.203922, 0.219608, 0.203922, 0.215686, 0.231373, 0.211765, 0.203922, 0.215686, 0.211765, 0.184314, 0.192157, 0.196078, 0.200000, 0.203922, 0.200000, 0.200000, 0.180392, 0.192157, 0.196078, 0.203922, 0.192157, 0.184314, 0.184314, 0.196078, 0.188235, 0.192157, 0.192157, 0.196078, 0.192157, 0.192157, 0.192157, 0.192157, 0.192157, 0.192157, 0.196078, 0.176471, 0.180392, 0.188235, 0.188235, 0.188235, 0.188235, 0.192157, 0.188235, 0.176471, 0.184314, 0.184314, 0.180392, 0.188235, 0.184314, 0.184314, 0.176471, 0.180392, 0.156863, 0.180392, 0.180392, 0.180392, 0.180392, 0.180392, 0.180392, 0.172549, 0.168627, 0.168627, 0.180392, 0.168627, 0.164706, 0.180392, 0.168627, 0.164706, 0.219608, 0.215686, 0.192157, 0.188235, 0.215686, 0.203922, 0.211765, 0.200000, 0.196078, 0.203922, 0.203922, 0.203922, 0.184314, 0.196078, 0.196078, 0.192157, 0.168627, 0.184314, 0.180392, 0.176471, 0.196078, 0.192157, 0.200000, 0.184314, 0.203922, 0.196078, 0.160784, 0.215686, 0.203922, 0.192157, 0.200000, 0.203922, 0.203922, 0.184314, 0.203922, 0.207843, 0.188235, 0.203922, 0.207843, 0.196078, 0.196078, 0.196078, 0.203922, 0.215686, 0.192157, 0.188235, 0.192157, 0.192157, 0.203922, 0.192157, 0.192157, 0.192157, 0.196078, 0.196078, 0.200000, 0.192157, 0.192157, 0.188235, 0.196078, 0.188235, 0.192157, 0.113725, 0.184314, 0.184314, 0.176471, 0.180392, 0.192157, 0.188235, 0.188235, 0.184314, 0.184314, 0.184314, 0.184314, 0.172549, 0.180392, 0.188235, 0.180392, 0.172549, 0.184314, 0.168627, 0.149020, 0.180392, 0.176471, 0.180392, 0.180392, 0.172549, 0.164706, 0.164706, 0.164706, 0.176471, 0.176471, 0.172549, 0.184314, 0.184314, 0.176471, 0.168627, 0.196078, 0.215686, 0.203922, 0.211765, 0.200000, 0.203922, 0.203922, 0.180392, 0.200000, 0.200000, 0.149020, 0.196078, 0.207843, 0.180392, 0.207843, 0.192157, 0.200000, 0.176471, 0.188235, 0.184314, 0.180392, 0.188235, 0.184314, 0.192157, 0.196078, 0.192157, 0.192157, 0.200000, 0.207843, 0.215686, 0.203922, 0.196078, 0.203922, 0.203922, 0.203922, 0.203922, 0.203922, 0.196078, 0.192157, 0.200000, 0.192157, 0.184314, 0.192157, 0.184314, 0.192157, 0.180392, 0.176471, 0.192157, 0.200000, 0.192157, 0.192157, 0.196078, 0.192157, 0.188235, 0.188235, 0.180392, 0.192157, 0.188235, 0.196078, 0.196078, 0.196078, 0.188235, 0.184314, 0.180392, 0.180392, 0.180392, 0.184314, 0.192157, 0.192157, 0.184314, 0.176471, 0.184314, 0.172549, 0.180392, 0.180392, 0.180392, 0.176471, 0.172549, 0.180392, 0.168627, 0.168627, 0.180392, 0.176471, 0.168627, 0.180392, 0.180392, 0.172549, 0.172549, 0.164706, 0.164706, 0.164706, 0.168627, 0.168627, 0.176471, 0.180392, 0.168627, 0.168627, 0.192157, 0.200000, 0.196078, 0.196078, 0.211765, 0.207843, 0.215686, 0.203922, 0.203922, 0.203922, 0.180392, 0.203922, 0.192157, 0.192157, 0.192157, 0.196078, 0.188235, 0.188235, 0.176471, 0.192157, 0.180392, 0.192157, 0.196078, 0.192157, 0.196078, 0.200000, 0.203922, 0.203922, 0.203922, 0.203922, 0.196078, 0.207843, 0.211765, 0.215686, 0.196078, 0.203922, 0.196078, 0.192157, 0.196078, 0.172549, 0.192157, 0.196078, 0.192157, 0.184314, 0.168627, 0.192157, 0.203922, 0.192157, 0.180392, 0.180392, 0.172549, 0.188235, 0.188235, 0.192157, 0.192157, 0.180392, 0.192157, 0.192157, 0.192157, 0.184314, 0.192157, 0.176471, 0.180392, 0.176471, 0.180392, 0.196078, 0.192157, 0.196078, 0.184314, 0.152941, 0.184314, 0.168627, 0.176471, 0.180392, 0.176471, 0.172549, 0.172549, 0.176471, 0.176471, 0.180392, 0.180392, 0.180392, 0.172549, 0.172549, 0.168627, 0.172549, 0.176471, 0.168627, 0.168627, 0.160784, 0.164706, 0.164706, 0.168627, 0.168627, 0.168627, 0.200000, 0.215686, 0.203922, 0.215686, 0.200000, 0.200000, 0.207843, 0.203922, 0.192157, 0.200000, 0.203922, 0.196078, 0.180392, 0.196078, 0.192157, 0.200000, 0.192157, 0.188235, 0.200000, 0.192157, 0.192157, 0.196078, 0.188235, 0.172549, 0.203922, 0.188235, 0.192157, 0.203922, 0.203922, 0.203922, 0.203922, 0.203922, 0.196078, 0.203922, 0.207843, 0.203922, 0.192157, 0.180392, 0.196078, 0.180392, 0.200000, 0.200000, 0.176471, 0.184314, 0.168627, 0.188235, 0.196078, 0.200000, 0.192157, 0.196078, 0.180392, 0.192157, 0.188235, 0.196078, 0.196078, 0.192157, 0.156863, 0.192157, 0.196078, 0.192157, 0.200000, 0.184314, 0.188235, 0.168627, 0.184314, 0.192157, 0.192157, 0.180392, 0.180392, 0.172549, 0.176471, 0.160784, 0.176471, 0.168627, 0.172549, 0.176471, 0.180392, 0.176471, 0.168627, 0.176471, 0.184314, 0.180392, 0.180392, 0.176471, 0.164706, 0.172549, 0.164706, 0.180392, 0.160784, 0.160784, 0.168627, 0.168627, 0.172549, 0.164706, 0.168627, 0.168627, 0.211765, 0.219608, 0.200000, 0.203922, 0.192157, 0.200000, 0.196078, 0.203922, 0.196078, 0.203922, 0.188235, 0.196078, 0.192157, 0.184314, 0.200000, 0.196078, 0.192157, 0.192157, 0.196078, 0.192157, 0.188235, 0.203922, 0.203922, 0.227451, 0.192157, 0.223529, 0.196078, 0.196078, 0.200000, 0.192157, 0.203922, 0.211765, 0.200000, 0.207843, 0.192157, 0.196078, 0.184314, 0.184314, 0.192157, 0.203922, 0.192157, 0.192157, 0.188235, 0.192157, 0.188235, 0.192157, 0.180392, 0.192157, 0.196078, 0.188235, 0.200000, 0.192157, 0.176471, 0.184314, 0.180392, 0.192157, 0.180392, 0.188235, 0.192157, 0.188235, 0.180392, 0.196078, 0.184314, 0.180392, 0.184314, 0.180392, 0.184314, 0.188235, 0.180392, 0.192157, 0.168627, 0.152941, 0.176471, 0.172549, 0.180392, 0.168627, 0.172549, 0.172549, 0.172549, 0.172549, 0.176471, 0.168627, 0.180392, 0.176471, 0.172549, 0.172549, 0.168627, 0.168627, 0.172549, 0.172549, 0.172549, 0.156863, 0.160784, 0.156863, 0.168627, 0.172549, 0.215686, 0.219608, 0.223529, 0.207843, 0.207843, 0.203922, 0.196078, 0.203922, 0.180392, 0.200000, 0.203922, 0.192157, 0.188235, 0.227451, 0.207843, 0.172549, 0.176471, 0.196078, 0.184314, 0.203922, 0.200000, 0.196078, 0.192157, 0.200000, 0.200000, 0.200000, 0.207843, 0.176471, 0.203922, 0.196078, 0.196078, 0.203922, 0.203922, 0.196078, 0.203922, 0.200000, 0.192157, 0.188235, 0.180392, 0.203922, 0.188235, 0.196078, 0.192157, 0.188235, 0.184314, 0.176471, 0.188235, 0.203922, 0.200000, 0.223529, 0.192157, 0.176471, 0.184314, 0.192157, 0.184314, 0.176471, 0.188235, 0.188235, 0.192157, 0.184314, 0.180392, 0.184314, 0.188235, 0.188235, 0.180392, 0.180392, 0.180392, 0.180392, 0.176471, 0.172549, 0.180392, 0.168627, 0.180392, 0.180392, 0.172549, 0.176471, 0.172549, 0.180392, 0.168627, 0.176471, 0.172549, 0.176471, 0.156863, 0.172549, 0.176471, 0.172549, 0.164706, 0.172549, 0.168627, 0.156863, 0.168627, 0.160784, 0.168627, 0.160784, 0.164706, 0.156863, 0.231373, 0.223529, 0.223529, 0.211765, 0.211765, 0.211765, 0.203922, 0.196078, 0.223529, 0.200000, 0.192157, 0.200000, 0.203922, 0.188235, 0.184314, 0.188235, 0.188235, 0.203922, 0.184314, 0.200000, 0.196078, 0.180392, 0.196078, 0.203922, 0.200000, 0.180392, 0.200000, 0.203922, 0.192157, 0.196078, 0.211765, 0.196078, 0.196078, 0.203922, 0.200000, 0.196078, 0.188235, 0.196078, 0.184314, 0.200000, 0.180392, 0.200000, 0.192157, 0.192157, 0.184314, 0.180392, 0.184314, 0.192157, 0.207843, 0.207843, 0.188235, 0.184314, 0.188235, 0.180392, 0.192157, 0.184314, 0.192157, 0.176471, 0.180392, 0.192157, 0.180392, 0.180392, 0.180392, 0.172549, 0.180392, 0.176471, 0.168627, 0.180392, 0.176471, 0.168627, 0.176471, 0.180392, 0.176471, 0.164706, 0.176471, 0.180392, 0.180392, 0.172549, 0.172549, 0.172549, 0.168627, 0.164706, 0.160784, 0.164706, 0.164706, 0.160784, 0.168627, 0.164706, 0.172549, 0.168627, 0.160784, 0.149020, 0.149020, 0.160784, 0.156863, 0.164706, 0.215686, 0.231373, 0.227451, 0.211765, 0.227451, 0.211765, 0.207843, 0.188235, 0.207843, 0.203922, 0.203922, 0.176471, 0.200000, 0.184314, 0.192157, 0.188235, 0.192157, 0.211765, 0.196078, 0.207843, 0.192157, 0.188235, 0.200000, 0.188235, 0.192157, 0.196078, 0.196078, 0.200000, 0.200000, 0.196078, 0.200000, 0.203922, 0.192157, 0.200000, 0.192157, 0.180392, 0.184314, 0.180392, 0.180392, 0.192157, 0.196078, 0.192157, 0.192157, 0.188235, 0.188235, 0.188235, 0.184314, 0.192157, 0.207843, 0.231373, 0.200000, 0.172549, 0.192157, 0.180392, 0.184314, 0.188235, 0.192157, 0.184314, 0.188235, 0.188235, 0.188235, 0.172549, 0.176471, 0.203922, 0.180392, 0.184314, 0.180392, 0.180392, 0.176471, 0.180392, 0.180392, 0.168627, 0.176471, 0.180392, 0.168627, 0.176471, 0.180392, 0.180392, 0.172549, 0.176471, 0.168627, 0.164706, 0.164706, 0.172549, 0.160784, 0.168627, 0.164706, 0.156863, 0.168627, 0.156863, 0.156863, 0.160784, 0.156863, 0.156863, 0.160784, 0.160784, 0.227451, 0.227451, 0.227451, 0.211765, 0.223529, 0.215686, 0.215686, 0.235294, 0.274510, 0.211765, 0.215686, 0.203922, 0.207843, 0.203922, 0.200000, 0.176471, 0.196078, 0.200000, 0.192157, 0.200000, 0.192157, 0.203922, 0.203922, 0.207843, 0.203922, 0.196078, 0.203922, 0.196078, 0.200000, 0.203922, 0.188235, 0.200000, 0.196078, 0.192157, 0.176471, 0.180392, 0.200000, 0.172549, 0.192157, 0.176471, 0.192157, 0.184314, 0.184314, 0.184314, 0.180392, 0.184314, 0.180392, 0.192157, 0.192157, 0.192157, 0.180392, 0.180392, 0.196078, 0.184314, 0.188235, 0.180392, 0.188235, 0.184314, 0.184314, 0.196078, 0.180392, 0.180392, 0.172549, 0.172549, 0.180392, 0.207843, 0.184314, 0.184314, 0.176471, 0.176471, 0.188235, 0.168627, 0.172549, 0.176471, 0.172549, 0.176471, 0.176471, 0.172549, 0.172549, 0.172549, 0.160784, 0.164706, 0.172549, 0.168627, 0.160784, 0.164706, 0.164706, 0.176471, 0.149020, 0.164706, 0.156863, 0.156863, 0.156863, 0.152941, 0.156863, 0.156863, 0.223529, 0.231373, 0.270588, 0.223529, 0.211765, 0.192157, 0.254902, 0.215686, 0.207843, 0.196078, 0.200000, 0.196078, 0.188235, 0.203922, 0.192157, 0.188235, 0.196078, 0.196078, 0.188235, 0.192157, 0.200000, 0.176471, 0.188235, 0.196078, 0.211765, 0.192157, 0.188235, 0.203922, 0.196078, 0.200000, 0.192157, 0.200000, 0.192157, 0.192157, 0.196078, 0.188235, 0.196078, 0.196078, 0.192157, 0.200000, 0.184314, 0.180392, 0.180392, 0.192157, 0.184314, 0.184314, 0.176471, 0.176471, 0.192157, 0.184314, 0.215686, 0.192157, 0.192157, 0.188235, 0.184314, 0.184314, 0.192157, 0.184314, 0.180392, 0.180392, 0.184314, 0.184314, 0.180392, 0.172549, 0.180392, 0.172549, 0.180392, 0.172549, 0.180392, 0.172549, 0.172549, 0.168627, 0.172549, 0.172549, 0.176471, 0.180392, 0.160784, 0.168627, 0.164706, 0.172549, 0.160784, 0.172549, 0.172549, 0.160784, 0.168627, 0.160784, 0.160784, 0.168627, 0.149020, 0.176471, 0.156863, 0.160784, 0.160784, 0.168627, 0.160784, 0.156863, 0.262745, 0.231373, 0.247059, 0.231373, 0.231373, 0.223529, 0.239216, 0.243137, 0.211765, 0.207843, 0.200000, 0.200000, 0.188235, 0.207843, 0.184314, 0.180392, 0.203922, 0.137255, 0.184314, 0.200000, 0.196078, 0.203922, 0.196078, 0.200000, 0.203922, 0.192157, 0.180392, 0.196078, 0.203922, 0.200000, 0.196078, 0.192157, 0.196078, 0.192157, 0.172549, 0.192157, 0.192157, 0.180392, 0.180392, 0.180392, 0.184314, 0.184314, 0.176471, 0.184314, 0.180392, 0.192157, 0.188235, 0.184314, 0.192157, 0.184314, 0.180392, 0.192157, 0.180392, 0.180392, 0.184314, 0.188235, 0.188235, 0.180392, 0.184314, 0.176471, 0.184314, 0.184314, 0.160784, 0.180392, 0.180392, 0.172549, 0.180392, 0.172549, 0.184314, 0.184314, 0.176471, 0.172549, 0.172549, 0.172549, 0.160784, 0.172549, 0.168627, 0.164706, 0.176471, 0.168627, 0.168627, 0.168627, 0.164706, 0.164706, 0.160784, 0.164706, 0.160784, 0.168627, 0.152941, 0.168627, 0.156863, 0.156863, 0.160784, 0.156863, 0.164706, 0.160784, 0.227451, 0.231373, 0.184314, 0.215686, 0.180392, 0.215686, 0.219608, 0.235294, 0.207843, 0.207843, 0.203922, 0.203922, 0.223529, 0.211765, 0.184314, 0.196078, 0.184314, 0.200000, 0.196078, 0.196078, 0.203922, 0.188235, 0.196078, 0.200000, 0.196078, 0.203922, 0.192157, 0.215686, 0.196078, 0.196078, 0.200000, 0.203922, 0.180392, 0.196078, 0.192157, 0.164706, 0.180392, 0.180392, 0.184314, 0.180392, 0.188235, 0.184314, 0.180392, 0.184314, 0.184314, 0.184314, 0.184314, 0.184314, 0.184314, 0.192157, 0.188235, 0.188235, 0.180392, 0.172549, 0.184314, 0.180392, 0.180392, 0.168627, 0.184314, 0.176471, 0.176471, 0.188235, 0.188235, 0.164706, 0.180392, 0.180392, 0.176471, 0.180392, 0.176471, 0.180392, 0.180392, 0.176471, 0.168627, 0.160784, 0.172549, 0.160784, 0.172549, 0.168627, 0.176471, 0.172549, 0.176471, 0.168627, 0.160784, 0.164706, 0.168627, 0.160784, 0.156863, 0.164706, 0.164706, 0.176471, 0.164706, 0.156863, 0.156863, 0.156863, 0.156863, 0.156863, 0.180392, 0.227451, 0.223529, 0.215686, 0.231373, 0.239216, 0.207843, 0.207843, 0.188235, 0.203922, 0.211765, 0.203922, 0.215686, 0.203922, 0.188235, 0.203922, 0.196078, 0.203922, 0.203922, 0.203922, 0.184314, 0.168627, 0.196078, 0.176471, 0.192157, 0.203922, 0.215686, 0.200000, 0.180392, 0.192157, 0.200000, 0.192157, 0.203922, 0.192157, 0.188235, 0.180392, 0.180392, 0.168627, 0.172549, 0.184314, 0.176471, 0.184314, 0.184314, 0.176471, 0.200000, 0.156863, 0.203922, 0.152941, 0.176471, 0.180392, 0.184314, 0.184314, 0.180392, 0.180392, 0.184314, 0.188235, 0.176471, 0.172549, 0.172549, 0.172549, 0.180392, 0.180392, 0.176471, 0.184314, 0.188235, 0.180392, 0.176471, 0.180392, 0.172549, 0.168627, 0.156863, 0.168627, 0.172549, 0.156863, 0.172549, 0.164706, 0.172549, 0.172549, 0.172549, 0.164706, 0.180392, 0.172549, 0.156863, 0.160784, 0.160784, 0.160784, 0.156863, 0.160784, 0.160784, 0.156863, 0.152941, 0.152941, 0.152941, 0.156863, 0.156863, 0.156863, 0.227451, 0.239216, 0.227451, 0.227451, 0.250980, 0.223529, 0.227451, 0.215686, 0.203922, 0.219608, 0.223529, 0.219608, 0.203922, 0.203922, 0.200000, 0.196078, 0.203922, 0.227451, 0.180392, 0.203922, 0.200000, 0.200000, 0.200000, 0.196078, 0.192157, 0.239216, 0.184314, 0.192157, 0.200000, 0.196078, 0.188235, 0.188235, 0.149020, 0.192157, 0.180392, 0.168627, 0.176471, 0.184314, 0.168627, 0.196078, 0.215686, 0.188235, 0.176471, 0.164706, 0.184314, 0.180392, 0.176471, 0.180392, 0.176471, 0.192157, 0.188235, 0.207843, 0.184314, 0.176471, 0.200000, 0.180392, 0.172549, 0.184314, 0.180392, 0.192157, 0.180392, 0.176471, 0.172549, 0.180392, 0.176471, 0.180392, 0.164706, 0.168627, 0.184314, 0.196078, 0.184314, 0.172549, 0.160784, 0.160784, 0.172549, 0.176471, 0.168627, 0.164706, 0.168627, 0.168627, 0.176471, 0.168627, 0.152941, 0.156863, 0.164706, 0.156863, 0.141176, 0.160784, 0.156863, 0.156863, 0.168627, 0.149020, 0.152941, 0.156863, 0.156863, 0.149020, 0.227451, 0.227451, 0.227451, 0.243137, 0.192157, 0.227451, 0.215686, 0.219608, 0.215686, 0.223529, 0.219608, 0.203922, 0.203922, 0.203922, 0.207843, 0.196078, 0.192157, 0.200000, 0.196078, 0.196078, 0.168627, 0.192157, 0.203922, 0.188235, 0.188235, 0.188235, 0.192157, 0.196078, 0.200000, 0.188235, 0.180392, 0.184314, 0.180392, 0.192157, 0.200000, 0.176471, 0.180392, 0.176471, 0.160784, 0.180392, 0.184314, 0.184314, 0.180392, 0.184314, 0.168627, 0.180392, 0.180392, 0.180392, 0.180392, 0.192157, 0.192157, 0.168627, 0.180392, 0.176471, 0.180392, 0.168627, 0.180392, 0.172549, 0.168627, 0.168627, 0.180392, 0.180392, 0.180392, 0.176471, 0.176471, 0.176471, 0.192157, 0.176471, 0.176471, 0.172549, 0.168627, 0.172549, 0.180392, 0.160784, 0.172549, 0.172549, 0.168627, 0.172549, 0.176471, 0.156863, 0.164706, 0.164706, 0.172549, 0.156863, 0.156863, 0.164706, 0.156863, 0.160784, 0.160784, 0.156863, 0.156863, 0.156863, 0.152941, 0.152941, 0.152941, 0.156863, 0.231373, 0.247059, 0.219608, 0.223529, 0.223529, 0.219608, 0.176471, 0.215686, 0.219608, 0.211765, 0.192157, 0.203922, 0.203922, 0.207843, 0.200000, 0.203922, 0.196078, 0.203922, 0.203922, 0.207843, 0.196078, 0.196078, 0.192157, 0.188235, 0.188235, 0.203922, 0.180392, 0.196078, 0.156863, 0.180392, 0.180392, 0.176471, 0.200000, 0.168627, 0.176471, 0.180392, 0.188235, 0.176471, 0.176471, 0.180392, 0.172549, 0.188235, 0.192157, 0.184314, 0.180392, 0.184314, 0.180392, 0.184314, 0.184314, 0.188235, 0.172549, 0.180392, 0.188235, 0.172549, 0.180392, 0.180392, 0.180392, 0.188235, 0.184314, 0.184314, 0.180392, 0.180392, 0.168627, 0.168627, 0.176471, 0.172549, 0.168627, 0.180392, 0.168627, 0.168627, 0.168627, 0.168627, 0.168627, 0.168627, 0.164706, 0.160784, 0.160784, 0.168627, 0.156863, 0.164706, 0.164706, 0.172549, 0.160784, 0.156863, 0.152941, 0.160784, 0.156863, 0.172549, 0.156863, 0.156863, 0.168627, 0.168627, 0.149020, 0.149020, 0.145098, 0.164706, 0.235294, 0.227451, 0.223529, 0.223529, 0.219608, 0.223529, 0.207843, 0.215686, 0.203922, 0.215686, 0.184314, 0.196078, 0.200000, 0.207843, 0.188235, 0.196078, 0.203922, 0.192157, 0.192157, 0.192157, 0.192157, 0.180392, 0.196078, 0.184314, 0.200000, 0.192157, 0.172549, 0.172549, 0.192157, 0.188235, 0.192157, 0.176471, 0.184314, 0.172549, 0.180392, 0.176471, 0.180392, 0.172549, 0.176471, 0.180392, 0.180392, 0.180392, 0.180392, 0.200000, 0.184314, 0.176471, 0.180392, 0.168627, 0.176471, 0.164706, 0.180392, 0.188235, 0.176471, 0.172549, 0.172549, 0.176471, 0.172549, 0.176471, 0.180392, 0.180392, 0.168627, 0.164706, 0.176471, 0.172549, 0.176471, 0.164706, 0.176471, 0.176471, 0.176471, 0.172549, 0.172549, 0.180392, 0.168627, 0.172549, 0.168627, 0.160784, 0.164706, 0.160784, 0.156863, 0.160784, 0.160784, 0.160784, 0.168627, 0.160784, 0.152941, 0.156863, 0.156863, 0.152941, 0.156863, 0.172549, 0.160784, 0.156863, 0.149020, 0.149020, 0.160784, 0.149020, 0.278431, 0.239216, 0.243137, 0.215686, 0.215686, 0.219608, 0.219608, 0.207843, 0.207843, 0.215686, 0.207843, 0.203922, 0.196078, 0.211765, 0.192157, 0.188235, 0.203922, 0.172549, 0.196078, 0.188235, 0.192157, 0.196078, 0.192157, 0.192157, 0.196078, 0.192157, 0.192157, 0.172549, 0.188235, 0.188235, 0.196078, 0.188235, 0.172549, 0.180392, 0.188235, 0.180392, 0.180392, 0.172549, 0.188235, 0.176471, 0.192157, 0.192157, 0.164706, 0.172549, 0.184314, 0.180392, 0.180392, 0.184314, 0.180392, 0.168627, 0.180392, 0.180392, 0.176471, 0.172549, 0.176471, 0.184314, 0.168627, 0.184314, 0.172549, 0.168627, 0.176471, 0.180392, 0.168627, 0.180392, 0.172549, 0.172549, 0.168627, 0.168627, 0.184314, 0.172549, 0.164706, 0.160784, 0.168627, 0.156863, 0.172549, 0.168627, 0.168627, 0.172549, 0.168627, 0.164706, 0.156863, 0.160784, 0.160784, 0.156863, 0.156863, 0.152941, 0.156863, 0.156863, 0.164706, 0.168627, 0.168627, 0.156863, 0.156863, 0.156863, 0.152941, 0.152941, 
[0;32mI (13861) cam_hal: Buffer cleaned for frame position 0[0m
Input type: FLOAT32
Output type: FLOAT32
Detected sign: rock
abierta: 0.007812, apuntar: 0.003906, cero: 0.035156, chill: 0.140625, perro: 0.000000, rock: 0.812500
Press 'a' to capture an image and run inference...

0.239216, 0.247059, 0.219608, 0.231373, 0.227451, 0.231373, 0.270588, 0.231373, 0.219608, 0.227451, 0.247059, 0.239216, 0.235294, 0.227451, 0.227451, 0.207843, 0.215686, 0.239216, 0.207843, 0.184314, 0.196078, 0.192157, 0.188235, 0.207843, 0.219608, 0.196078, 0.192157, 0.200000, 0.203922, 0.200000, 0.207843, 0.211765, 0.215686, 0.227451, 0.211765, 0.266667, 0.423529, 0.462745, 0.470588, 0.474510, 0.486275, 0.490196, 0.552941, 0.611765, 0.541176, 0.545098, 0.533333, 0.545098, 0.545098, 0.541176, 0.549020, 0.545098, 0.541176, 0.545098, 0.549020, 0.552941, 0.545098, 0.545098, 0.537255, 0.533333, 0.545098, 0.537255, 0.537255, 0.521569, 0.533333, 0.521569, 0.513726, 0.509804, 0.513726, 0.517647, 0.505882, 0.513726, 0.486275, 0.505882, 0.494118, 0.505882, 0.498039, 0.494118, 0.486275, 0.486275, 0.486275, 0.486275, 0.478431, 0.482353, 0.482353, 0.474510, 0.474510, 0.466667, 0.450980, 0.470588, 0.474510, 0.462745, 0.474510, 0.462745, 0.470588, 0.466667, 0.247059, 0.243137, 0.239216, 0.223529, 0.298039, 0.243137, 0.235294, 0.231373, 0.227451, 0.227451, 0.227451, 0.235294, 0.215686, 0.219608, 0.184314, 0.207843, 0.223529, 0.219608, 0.192157, 0.200000, 0.200000, 0.200000, 0.196078, 0.188235, 0.200000, 0.219608, 0.203922, 0.203922, 0.200000, 0.203922, 0.219608, 0.196078, 0.207843, 0.203922, 0.203922, 0.274510, 0.415686, 0.474510, 0.474510, 0.478431, 0.486275, 0.458824, 0.666667, 0.694118, 0.537255, 0.545098, 0.541176, 0.549020, 0.552941, 0.556863, 0.556863, 0.556863, 0.556863, 0.556863, 0.549020, 0.549020, 0.549020, 0.552941, 0.549020, 0.545098, 0.541176, 0.537255, 0.537255, 0.533333, 0.521569, 0.533333, 0.525490, 0.521569, 0.521569, 0.517647, 0.513726, 0.509804, 0.505882, 0.501961, 0.498039, 0.498039, 0.498039, 0.490196, 0.494118, 0.498039, 0.494118, 0.482353, 0.486275, 0.482353, 0.478431, 0.478431, 0.478431, 0.478431, 0.474510, 0.466667, 0.466667, 0.466667, 0.466667, 0.470588, 0.462745, 0.466667, 0.298039, 0.227451, 0.223529, 0.239216, 0.247059, 0.247059, 0.243137, 0.274510, 0.239216, 0.239216, 0.203922, 0.231373, 0.231373, 0.235294, 0.254902, 0.282353, 0.223529, 0.215686, 0.231373, 0.203922, 0.207843, 0.196078, 0.200000, 0.192157, 0.203922, 0.200000, 0.203922, 0.149020, 0.215686, 0.215686, 0.227451, 0.207843, 0.192157, 0.219608, 0.200000, 0.274510, 0.341176, 0.450980, 0.474510, 0.474510, 0.494118, 0.525490, 0.690196, 0.580392, 0.556863, 0.549020, 0.541176, 0.549020, 0.552941, 0.556863, 0.556863, 0.556863, 0.556863, 0.556863, 0.552941, 0.549020, 0.549020, 0.552941, 0.556863, 0.545098, 0.545098, 0.541176, 0.537255, 0.533333, 0.533333, 0.533333, 0.525490, 0.521569, 0.521569, 0.521569, 0.513726, 0.509804, 0.509804, 0.501961, 0.501961, 0.498039, 0.498039, 0.490196, 0.490196, 0.490196, 0.486275, 0.474510, 0.474510, 0.486275, 0.474510, 0.474510, 0.478431, 0.474510, 0.470588, 0.466667, 0.474510, 0.462745, 0.466667, 0.466667, 0.462745, 0.462745, 0.239216, 0.243137, 0.239216, 0.203922, 0.227451, 0.235294, 0.227451, 0.282353, 0.243137, 0.250980, 0.243137, 0.223529, 0.235294, 0.231373, 0.258824, 0.243137, 0.231373, 0.219608, 0.231373, 0.203922, 0.196078, 0.188235, 0.203922, 0.196078, 0.196078, 0.203922, 0.176471, 0.196078, 0.207843, 0.184314, 0.200000, 0.203922, 0.180392, 0.192157, 0.160784, 0.235294, 0.235294, 0.431373, 0.474510, 0.482353, 0.501961, 0.635294, 0.690196, 0.517647, 0.549020, 0.545098, 0.549020, 0.552941, 0.560784, 0.556863, 0.560784, 0.556863, 0.556863, 0.556863, 0.556863, 0.556863, 0.552941, 0.549020, 0.552941, 0.545098, 0.545098, 0.541176, 0.537255, 0.533333, 0.533333, 0.533333, 0.529412, 0.533333, 0.521569, 0.517647, 0.517647, 0.509804, 0.509804, 0.505882, 0.505882, 0.505882, 0.494118, 0.498039, 0.490196, 0.486275, 0.486275, 0.474510, 0.474510, 0.474510, 0.478431, 0.474510, 0.474510, 0.466667, 0.470588, 0.470588, 0.474510, 0.462745, 0.458824, 0.462745, 0.466667, 0.462745, 0.258824, 0.247059, 0.243137, 0.254902, 0.254902, 0.243137, 0.243137, 0.239216, 0.250980, 0.247059, 0.239216, 0.243137, 0.243137, 0.239216, 0.235294, 0.203922, 0.207843, 0.223529, 0.227451, 0.203922, 0.196078, 0.203922, 0.203922, 0.247059, 0.203922, 0.200000, 0.203922, 0.192157, 0.207843, 0.200000, 0.211765, 0.188235, 0.200000, 0.203922, 0.203922, 0.207843, 0.200000, 0.400000, 0.474510, 0.478431, 0.470588, 0.654902, 0.682353, 0.533333, 0.549020, 0.545098, 0.545098, 0.549020, 0.556863, 0.556863, 0.556863, 0.556863, 0.556863, 0.556863, 0.556863, 0.556863, 0.556863, 0.556863, 0.552941, 0.545098, 0.545098, 0.545098, 0.541176, 0.537255, 0.533333, 0.533333, 0.529412, 0.533333, 0.529412, 0.509804, 0.509804, 0.509804, 0.509804, 0.505882, 0.501961, 0.501961, 0.498039, 0.494118, 0.490196, 0.486275, 0.486275, 0.478431, 0.478431, 0.474510, 0.478431, 0.466667, 0.470588, 0.470588, 0.466667, 0.462745, 0.462745, 0.458824, 0.454902, 0.458824, 0.458824, 0.462745, 0.266667, 0.243137, 0.250980, 0.243137, 0.258824, 0.239216, 0.243137, 0.247059, 0.247059, 0.243137, 0.239216, 0.247059, 0.247059, 0.243137, 0.239216, 0.231373, 0.223529, 0.254902, 0.219608, 0.215686, 0.196078, 0.188235, 0.219608, 0.200000, 0.203922, 0.203922, 0.196078, 0.172549, 0.207843, 0.200000, 0.203922, 0.200000, 0.196078, 0.188235, 0.215686, 0.164706, 0.164706, 0.435294, 0.482353, 0.486275, 0.494118, 0.694118, 0.658824, 0.537255, 0.545098, 0.549020, 0.552941, 0.556863, 0.556863, 0.556863, 0.556863, 0.556863, 0.556863, 0.556863, 0.560784, 0.556863, 0.556863, 0.549020, 0.552941, 0.552941, 0.549020, 0.541176, 0.541176, 0.533333, 0.533333, 0.525490, 0.529412, 0.529412, 0.517647, 0.509804, 0.513726, 0.509804, 0.509804, 0.501961, 0.498039, 0.501961, 0.501961, 0.490196, 0.494118, 0.486275, 0.486275, 0.482353, 0.482353, 0.474510, 0.474510, 0.474510, 0.474510, 0.466667, 0.466667, 0.462745, 0.462745, 0.462745, 0.458824, 0.450980, 0.450980, 0.454902, 0.235294, 0.250980, 0.254902, 0.203922, 0.282353, 0.235294, 0.258824, 0.231373, 0.235294, 0.247059, 0.231373, 0.235294, 0.227451, 0.239216, 0.266667, 0.231373, 0.223529, 0.235294, 0.227451, 0.219608, 0.235294, 0.180392, 0.203922, 0.180392, 0.192157, 0.192157, 0.207843, 0.203922, 0.215686, 0.196078, 0.203922, 0.203922, 0.207843, 0.196078, 0.188235, 0.203922, 0.203922, 0.439216, 0.470588, 0.478431, 0.596078, 0.627451, 0.439216, 0.545098, 0.545098, 0.549020, 0.552941, 0.556863, 0.556863, 0.556863, 0.564706, 0.564706, 0.564706, 0.560784, 0.556863, 0.556863, 0.556863, 0.556863, 0.549020, 0.552941, 0.549020, 0.545098, 0.545098, 0.545098, 0.541176, 0.533333, 0.537255, 0.533333, 0.521569, 0.521569, 0.521569, 0.509804, 0.517647, 0.509804, 0.509804, 0.505882, 0.498039, 0.498039, 0.490196, 0.486275, 0.486275, 0.486275, 0.486275, 0.478431, 0.474510, 0.466667, 0.474510, 0.466667, 0.462745, 0.466667, 0.462745, 0.458824, 0.458824, 0.450980, 0.450980, 0.454902, 0.243137, 0.239216, 0.254902, 0.239216, 0.239216, 0.239216, 0.266667, 0.247059, 0.176471, 0.215686, 0.215686, 0.247059, 0.219608, 0.239216, 0.247059, 0.247059, 0.235294, 0.227451, 0.219608, 0.219608, 0.207843, 0.184314, 0.200000, 0.184314, 0.180392, 0.223529, 0.203922, 0.188235, 0.188235, 0.196078, 0.200000, 0.203922, 0.192157, 0.200000, 0.207843, 0.203922, 0.223529, 0.411765, 0.482353, 0.494118, 0.705882, 0.662745, 0.529412, 0.545098, 0.545098, 0.552941, 0.556863, 0.556863, 0.556863, 0.560784, 0.560784, 0.564706, 0.560784, 0.564706, 0.564706, 0.564706, 0.552941, 0.552941, 0.556863, 0.556863, 0.549020, 0.545098, 0.545098, 0.537255, 0.533333, 0.533333, 0.533333, 0.529412, 0.529412, 0.529412, 0.525490, 0.509804, 0.509804, 0.509804, 0.501961, 0.498039, 0.494118, 0.494118, 0.498039, 0.490196, 0.486275, 0.486275, 0.482353, 0.474510, 0.470588, 0.470588, 0.466667, 0.462745, 0.454902, 0.458824, 0.458824, 0.447059, 0.454902, 0.447059, 0.450980, 0.450980, 0.239216, 0.235294, 0.239216, 0.239216, 0.207843, 0.247059, 0.243137, 0.243137, 0.247059, 0.239216, 0.227451, 0.231373, 0.262745, 0.254902, 0.247059, 0.243137, 0.231373, 0.247059, 0.243137, 0.239216, 0.227451, 0.219608, 0.196078, 0.200000, 0.235294, 0.219608, 0.203922, 0.188235, 0.176471, 0.192157, 0.203922, 0.184314, 0.192157, 0.203922, 0.219608, 0.180392, 0.200000, 0.282353, 0.478431, 0.482353, 0.627451, 0.603922, 0.529412, 0.541176, 0.549020, 0.552941, 0.552941, 0.556863, 0.556863, 0.560784, 0.564706, 0.568627, 0.564706, 0.564706, 0.564706, 0.564706, 0.560784, 0.556863, 0.556863, 0.556863, 0.552941, 0.556863, 0.545098, 0.545098, 0.537255, 0.533333, 0.533333, 0.529412, 0.525490, 0.525490, 0.525490, 0.513726, 0.513726, 0.509804, 0.509804, 0.505882, 0.494118, 0.498039, 0.486275, 0.486275, 0.486275, 0.486275, 0.478431, 0.478431, 0.470588, 0.462745, 0.458824, 0.462745, 0.454902, 0.450980, 0.450980, 0.450980, 0.447059, 0.447059, 0.443137, 0.443137, 0.243137, 0.243137, 0.254902, 0.247059, 0.231373, 0.231373, 0.231373, 0.227451, 0.223529, 0.211765, 0.243137, 0.239216, 0.231373, 0.231373, 0.223529, 0.243137, 0.243137, 0.278431, 0.243137, 0.243137, 0.243137, 0.227451, 0.211765, 0.180392, 0.152941, 0.192157, 0.200000, 0.180392, 0.196078, 0.196078, 0.207843, 0.196078, 0.184314, 0.200000, 0.192157, 0.203922, 0.235294, 0.149020, 0.505882, 0.556863, 0.631373, 0.466667, 0.537255, 0.545098, 0.545098, 0.552941, 0.556863, 0.556863, 0.556863, 0.560784, 0.564706, 0.568627, 0.568627, 0.564706, 0.564706, 0.564706, 0.560784, 0.560784, 0.552941, 0.556863, 0.552941, 0.556863, 0.545098, 0.545098, 0.541176, 0.533333, 0.533333, 0.533333, 0.521569, 0.521569, 0.521569, 0.521569, 0.521569, 0.513726, 0.509804, 0.501961, 0.498039, 0.498039, 0.486275, 0.486275, 0.490196, 0.482353, 0.478431, 0.474510, 0.474510, 0.466667, 0.466667, 0.466667, 0.454902, 0.458824, 0.454902, 0.450980, 0.447059, 0.447059, 0.450980, 0.439216, 0.227451, 0.227451, 0.258824, 0.227451, 0.219608, 0.274510, 0.227451, 0.223529, 0.235294, 0.223529, 0.231373, 0.211765, 0.262745, 0.223529, 0.200000, 0.207843, 0.207843, 0.223529, 0.250980, 0.262745, 0.239216, 0.258824, 0.219608, 0.254902, 0.215686, 0.188235, 0.192157, 0.184314, 0.192157, 0.203922, 0.192157, 0.200000, 0.145098, 0.196078, 0.200000, 0.207843, 0.200000, 0.200000, 0.549020, 0.596078, 0.611765, 0.513726, 0.541176, 0.545098, 0.545098, 0.552941, 0.552941, 0.560784, 0.560784, 0.568627, 0.568627, 0.568627, 0.568627, 0.564706, 0.564706, 0.560784, 0.564706, 0.560784, 0.556863, 0.556863, 0.556863, 0.552941, 0.545098, 0.545098, 0.541176, 0.541176, 0.541176, 0.533333, 0.529412, 0.525490, 0.521569, 0.521569, 0.521569, 0.513726, 0.501961, 0.501961, 0.498039, 0.494118, 0.490196, 0.494118, 0.490196, 0.482353, 0.474510, 0.474510, 0.470588, 0.466667, 0.466667, 0.462745, 0.454902, 0.450980, 0.450980, 0.447059, 0.443137, 0.454902, 0.443137, 0.439216, 0.250980, 0.227451, 0.152941, 0.215686, 0.258824, 0.184314, 0.219608, 0.203922, 0.200000, 0.196078, 0.207843, 0.180392, 0.184314, 0.207843, 0.211765, 0.200000, 0.207843, 0.192157, 0.243137, 0.227451, 0.235294, 0.250980, 0.243137, 0.207843, 0.203922, 0.200000, 0.203922, 0.223529, 0.192157, 0.188235, 0.196078, 0.192157, 0.200000, 0.192157, 0.203922, 0.223529, 0.200000, 0.196078, 0.529412, 0.631373, 0.533333, 0.537255, 0.545098, 0.549020, 0.552941, 0.556863, 0.556863, 0.564706, 0.568627, 0.568627, 0.572549, 0.568627, 0.572549, 0.568627, 0.568627, 0.564706, 0.568627, 0.560784, 0.556863, 0.556863, 0.556863, 0.552941, 0.552941, 0.545098, 0.541176, 0.541176, 0.533333, 0.533333, 0.529412, 0.529412, 0.435294, 0.345098, 0.513726, 0.509804, 0.501961, 0.498039, 0.498039, 0.498039, 0.494118, 0.494118, 0.490196, 0.482353, 0.474510, 0.474510, 0.462745, 0.462745, 0.458824, 0.462745, 0.450980, 0.450980, 0.439216, 0.450980, 0.443137, 0.439216, 0.431373, 0.439216, 0.239216, 0.239216, 0.200000, 0.203922, 0.192157, 0.200000, 0.192157, 0.207843, 0.196078, 0.188235, 0.223529, 0.207843, 0.196078, 0.207843, 0.196078, 0.168627, 0.176471, 0.211765, 0.192157, 0.231373, 0.262745, 0.266667, 0.262745, 0.243137, 0.254902, 0.200000, 0.231373, 0.200000, 0.203922, 0.196078, 0.196078, 0.200000, 0.203922, 0.192157, 0.196078, 0.211765, 0.250980, 0.156863, 0.501961, 0.580392, 0.290196, 0.533333, 0.537255, 0.549020, 0.549020, 0.556863, 0.560784, 0.560784, 0.568627, 0.568627, 0.572549, 0.572549, 0.568627, 0.568627, 0.572549, 0.568627, 0.568627, 0.560784, 0.560784, 0.556863, 0.556863, 0.556863, 0.552941, 0.545098, 0.533333, 0.541176, 0.537255, 0.533333, 0.529412, 0.584314, 0.235294, 0.125490, 0.584314, 0.509804, 0.501961, 0.505882, 0.501961, 0.501961, 0.494118, 0.486275, 0.482353, 0.474510, 0.474510, 0.478431, 0.470588, 0.462745, 0.462745, 0.458824, 0.454902, 0.443137, 0.447059, 0.443137, 0.443137, 0.431373, 0.431373, 0.427451, 0.207843, 0.203922, 0.200000, 0.152941, 0.184314, 0.192157, 0.200000, 0.192157, 0.203922, 0.223529, 0.200000, 0.203922, 0.176471, 0.203922, 0.184314, 0.180392, 0.192157, 0.211765, 0.203922, 0.203922, 0.215686, 0.231373, 0.266667, 0.262745, 0.227451, 0.247059, 0.203922, 0.207843, 0.176471, 0.200000, 0.200000, 0.231373, 0.207843, 0.196078, 0.203922, 0.227451, 0.211765, 0.156863, 0.600000, 0.560784, 0.533333, 0.541176, 0.537255, 0.545098, 0.556863, 0.556863, 0.568627, 0.568627, 0.568627, 0.568627, 0.572549, 0.572549, 0.572549, 0.568627, 0.568627, 0.568627, 0.568627, 0.560784, 0.560784, 0.560784, 0.556863, 0.556863, 0.552941, 0.549020, 0.545098, 0.545098, 0.545098, 0.537255, 0.572549, 0.203922, 0.290196, 0.231373, 0.701961, 0.505882, 0.505882, 0.501961, 0.498039, 0.494118, 0.486275, 0.482353, 0.474510, 0.474510, 0.474510, 0.474510, 0.470588, 0.462745, 0.458824, 0.458824, 0.462745, 0.447059, 0.447059, 0.447059, 0.439216, 0.439216, 0.423529, 0.427451, 0.203922, 0.215686, 0.203922, 0.203922, 0.203922, 0.184314, 0.192157, 0.200000, 0.192157, 0.203922, 0.180392, 0.207843, 0.247059, 0.247059, 0.207843, 0.200000, 0.207843, 0.223529, 0.196078, 0.200000, 0.203922, 0.215686, 0.254902, 0.250980, 0.270588, 0.227451, 0.188235, 0.192157, 0.160784, 0.196078, 0.188235, 0.211765, 0.203922, 0.192157, 0.203922, 0.211765, 0.215686, 0.180392, 0.635294, 0.529412, 0.525490, 0.533333, 0.545098, 0.545098, 0.552941, 0.556863, 0.568627, 0.560784, 0.568627, 0.572549, 0.580392, 0.568627, 0.572549, 0.568627, 0.576471, 0.572549, 0.568627, 0.568627, 0.560784, 0.560784, 0.560784, 0.556863, 0.552941, 0.552941, 0.545098, 0.541176, 0.537255, 0.533333, 0.568627, 0.200000, 0.427451, 0.207843, 0.196078, 0.501961, 0.501961, 0.509804, 0.494118, 0.494118, 0.486275, 0.490196, 0.482353, 0.478431, 0.474510, 0.474510, 0.462745, 0.458824, 0.458824, 0.450980, 0.450980, 0.454902, 0.447059, 0.431373, 0.439216, 0.431373, 0.427451, 0.419608, 0.203922, 0.203922, 0.200000, 0.203922, 0.207843, 0.196078, 0.200000, 0.192157, 0.203922, 0.200000, 0.227451, 0.223529, 0.243137, 0.200000, 0.203922, 0.196078, 0.188235, 0.203922, 0.203922, 0.211765, 0.200000, 0.192157, 0.227451, 0.239216, 0.270588, 0.278431, 0.215686, 0.200000, 0.203922, 0.172549, 0.152941, 0.192157, 0.196078, 0.203922, 0.203922, 0.203922, 0.219608, 0.196078, 0.670588, 0.415686, 0.521569, 0.537255, 0.541176, 0.545098, 0.552941, 0.556863, 0.560784, 0.568627, 0.560784, 0.576471, 0.580392, 0.572549, 0.576471, 0.572549, 0.572549, 0.568627, 0.568627, 0.568627, 0.560784, 0.556863, 0.556863, 0.556863, 0.552941, 0.552941, 0.549020, 0.541176, 0.537255, 0.0.243137, 0.670588, 0.160784, 0.113725, 0.537255, 0.509804, 0.505882, 0.494118, 0.490196, 0.490196, 0.486275, 0.482353, 0.482353, 0.478431, 0.474510, 0.466667, 0.458824, 0.454902, 0.454902, 0.450980, 0.439216, 0.450980, 0.439216, 0.427451, 0.427451, 0.427451, 0.419608, 0.141176, 0.196078, 0.207843, 0.196078, 0.192157, 0.207843, 0.203922, 0.192157, 0.211765, 0.203922, 0.200000, 0.172549, 0.207843, 0.207843, 0.235294, 0.188235, 0.254902, 0.192157, 0.203922, 0.215686, 0.207843, 0.203922, 0.188235, 0.223529, 0.274510, 0.262745, 0.278431, 0.239216, 0.172549, 0.203922, 0.196078, 0.196078, 0.192157, 0.203922, 0.203922, 0.207843, 0.239216, 0.439216, 0.533333, 0.439216, 0.529412, 0.537255, 0.545098, 0.545098, 0.549020, 0.556863, 0.560784, 0.568627, 0.572549, 0.576471, 0.576471, 0.568627, 0.576471, 0.572549, 0.568627, 0.568627, 0.568627, 0.564706, 0.564706, 0.560784, 0.556863, 0.556863, 0.552941, 0.556863, 0.545098, 0.545098, 0.545098, 0.458824, 0.125490, 0.756863, 0.635294, 0.325490, 0.211765, 0.450980, 0.498039, 0.498039, 0.498039, 0.486275, 0.486275, 0.486275, 0.486275, 0.478431, 0.470588, 0.466667, 0.462745, 0.458824, 0.458824, 0.450980, 0.447059, 0.450980, 0.439216, 0.443137, 0.427451, 0.419608, 0.419608, 0.423529, 0.215686, 0.211765, 0.192157, 0.211765, 0.196078, 0.207843, 0.227451, 0.211765, 0.207843, 0.207843, 0.207843, 0.207843, 0.200000, 0.215686, 0.219608, 0.211765, 0.247059, 0.200000, 0.227451, 0.223529, 0.215686, 0.215686, 0.219608, 0.203922, 0.247059, 0.325490, 0.270588, 0.227451, 0.172549, 0.196078, 0.200000, 0.180392, 0.200000, 0.207843, 0.203922, 0.192157, 0.164706, 0.533333, 0.552941, 0.517647, 0.529412, 0.541176, 0.549020, 0.552941, 0.556863, 0.560784, 0.564706, 0.564706, 0.568627, 0.576471, 0.576471, 0.576471, 0.572549, 0.572549, 0.576471, 0.576471, 0.568627, 0.564706, 0.564706, 0.560784, 0.564706, 0.556863, 0.552941, 0.552941, 0.545098, 0.545098, 0.592157, 0.172549, 0.552941, 0.627451, 0.600000, 0.588235, 0.215686, 0.160784, 0.592157, 0.498039, 0.498039, 0.494118, 0.494118, 0.486275, 0.486275, 0.474510, 0.474510, 0.466667, 0.470588, 0.458824, 0.450980, 0.450980, 0.450980, 0.450980, 0.431373, 0.427451, 0.427451, 0.427451, 0.419608, 0.411765, 0.200000, 0.239216, 0.211765, 0.215686, 0.211765, 0.196078, 0.200000, 0.207843, 0.223529, 0.215686, 0.211765, 0.231373, 0.223529, 0.247059, 0.231373, 0.243137, 0.207843, 0.219608, 0.235294, 0.211765, 0.247059, 0.239216, 0.235294, 0.219608, 0.258824, 0.286275, 0.278431, 0.274510, 0.215686, 0.192157, 0.200000, 0.200000, 0.215686, 0.207843, 0.215686, 0.200000, 0.160784, 0.423529, 0.466667, 0.521569, 0.533333, 0.537255, 0.545098, 0.549020, 0.556863, 0.564706, 0.568627, 0.560784, 0.568627, 0.576471, 0.572549, 0.572549, 0.568627, 0.576471, 0.580392, 0.576471, 0.568627, 0.568627, 0.568627, 0.564706, 0.556863, 0.556863, 0.556863, 0.556863, 0.545098, 0.584314, 0.243137, 0.333333, 0.674510, 0.615686, 0.607843, 0.639216, 0.109804, 0.184314, 0.525490, 0.498039, 0.498039, 0.498039, 0.494118, 0.486275, 0.474510, 0.478431, 0.482353, 0.466667, 0.466667, 0.462745, 0.454902, 0.450980, 0.447059, 0.439216, 0.443137, 0.427451, 0.427451, 0.419608, 0.419608, 0.415686, 0.207843, 0.231373, 0.215686, 0.211765, 0.203922, 0.200000, 0.219608, 0.203922, 0.203922, 0.215686, 0.215686, 0.211765, 0.239216, 0.219608, 0.223529, 0.215686, 0.235294, 0.262745, 0.250980, 0.235294, 0.235294, 0.219608, 0.231373, 0.231373, 0.254902, 0.274510, 0.282353, 0.286275, 0.282353, 0.207843, 0.203922, 0.211765, 0.203922, 0.203922, 0.211765, 0.196078, 0.152941, 0.533333, 0.501961, 0.517647, 0.521569, 0.537255, 0.537255, 0.552941, 0.556863, 0.564706, 0.568627, 0.568627, 0.568627, 0.572549, 0.572549, 0.576471, 0.576471, 0.572549, 0.576471, 0.576471, 0.568627, 0.568627, 0.568627, 0.568627, 0.560784, 0.556863, 0.556863, 0.552941, 0.545098, 0.435294, 0.160784, 0.725490, 0.623529, 0.603922, 0.611765, 0.607843, 0.623529, 0.250980, 0.192157, 0.486275, 0.498039, 0.498039, 0.494118, 0.486275, 0.482353, 0.482353, 0.474510, 0.466667, 0.458824, 0.462745, 0.458824, 0.450980, 0.447059, 0.439216, 0.443137, 0.439216, 0.431373, 0.415686, 0.411765, 0.415686, 0.211765, 0.227451, 0.180392, 0.215686, 0.211765, 0.211765, 0.200000, 0.200000, 0.200000, 0.188235, 0.219608, 0.207843, 0.223529, 0.223529, 0.219608, 0.207843, 0.227451, 0.203922, 0.227451, 0.250980, 0.243137, 0.227451, 0.219608, 0.231373, 0.231373, 0.258824, 0.364706, 0.294118, 0.290196, 0.215686, 0.203922, 0.203922, 0.164706, 0.215686, 0.203922, 0.203922, 0.137255, 0.556863, 0.525490, 0.513726, 0.521569, 0.545098, 0.545098, 0.552941, 0.556863, 0.564706, 0.568627, 0.564706, 0.576471, 0.580392, 0.572549, 0.580392, 0.580392, 0.572549, 0.572549, 0.572549, 0.568627, 0.568627, 0.568627, 0.564706, 0.560784, 0.560784, 0.556863, 0.549020, 0.701961, 0.121569, 0.627451, 0.623529, 0.607843, 0.564706, 0.596078, 0.603922, 0.749020, 0.160784, 0.129412, 0.529412, 0.494118, 0.494118, 0.498039, 0.490196, 0.474510, 0.474510, 0.474510, 0.466667, 0.462745, 0.462745, 0.454902, 0.447059, 0.443137, 0.439216, 0.435294, 0.427451, 0.427451, 0.423529, 0.415686, 0.403922, 0.211765, 0.211765, 0.211765, 0.172549, 0.211765, 0.200000, 0.192157, 0.200000, 0.270588, 0.211765, 0.215686, 0.215686, 0.247059, 0.227451, 0.223529, 0.192157, 0.207843, 0.227451, 0.250980, 0.250980, 0.254902, 0.231373, 0.243137, 0.262745, 0.247059, 0.254902, 0.250980, 0.301961, 0.294118, 0.294118, 0.211765, 0.203922, 0.207843, 0.227451, 0.211765, 0.192157, 0.207843, 0.501961, 0.505882, 0.509804, 0.525490, 0.529412, 0.545098, 0.549020, 0.556863, 0.556863, 0.568627, 0.568627, 0.568627, 0.572549, 0.572549, 0.576471, 0.572549, 0.572549, 0.576471, 0.576471, 0.568627, 0.568627, 0.568627, 0.564706, 0.560784, 0.560784, 0.556863, 0.552941, 0.290196, 0.125490, 0.721569, 0.623529, 0.607843, 0.588235, 0.600000, 0.603922, 0.592157, 0.364706, 0.223529, 0.368627, 0.513726, 0.490196, 0.490196, 0.490196, 0.478431, 0.474510, 0.474510, 0.470588, 0.462745, 0.462745, 0.447059, 0.447059, 0.447059, 0.443137, 0.435294, 0.431373, 0.427451, 0.423529, 0.415686, 0.407843, 0.215686, 0.215686, 0.192157, 0.215686, 0.200000, 0.200000, 0.200000, 0.203922, 0.247059, 0.215686, 0.203922, 0.203922, 0.203922, 0.211765, 0.211765, 0.219608, 0.223529, 0.211765, 0.196078, 0.219608, 0.235294, 0.231373, 0.215686, 0.215686, 0.317647, 0.258824, 0.270588, 0.282353, 0.290196, 0.317647, 0.227451, 0.203922, 0.188235, 0.196078, 0.215686, 0.207843, 0.211765, 0.509804, 0.505882, 0.521569, 0.552941, 0.537255, 0.545098, 0.545098, 0.556863, 0.560784, 0.568627, 0.572549, 0.568627, 0.580392, 0.576471, 0.576471, 0.568627, 0.576471, 0.572549, 0.576471, 0.572549, 0.572549, 0.568627, 0.564706, 0.564706, 0.556863, 0.552941, 0.513726, 0.168627, 0.796078, 0.627451, 0.603922, 0.607843, 0.603922, 0.607843, 0.603922, 0.596078, 0.705882, 0.180392, 0.121569, 0.564706, 0.490196, 0.486275, 0.486275, 0.486275, 0.474510, 0.470588, 0.470588, 0.462745, 0.447059, 0.454902, 0.447059, 0.435294, 0.439216, 0.435294, 0.435294, 0.423529, 0.423529, 0.419608, 0.407843, 0.200000, 0.219608, 0.203922, 0.207843, 0.207843, 0.203922, 0.207843, 0.211765, 0.192157, 0.180392, 0.196078, 0.192157, 0.203922, 0.227451, 0.235294, 0.176471, 0.196078, 0.203922, 0.203922, 0.211765, 0.219608, 0.231373, 0.223529, 0.227451, 0.239216, 0.227451, 0.274510, 0.294118, 0.290196, 0.298039, 0.247059, 0.211765, 0.231373, 0.200000, 0.203922, 0.203922, 0.129412, 0.572549, 0.505882, 0.560784, 0.235294, 0.580392, 0.560784, 0.556863, 0.556863, 0.564706, 0.564706, 0.568627, 0.568627, 0.576471, 0.572549, 0.576471, 0.576471, 0.580392, 0.572549, 0.576471, 0.572549, 0.568627, 0.572549, 0.564706, 0.568627, 0.560784, 0.639216, 0.164706, 0.352941, 0.650980, 0.623529, 0.615686, 0.615686, 0.588235, 0.607843, 0.603922, 0.572549, 0.619608, 0.200000, 0.184314, 0.533333, 0.486275, 0.490196, 0.486275, 0.474510, 0.470588, 0.470588, 0.466667, 0.454902, 0.454902, 0.450980, 0.443137, 0.439216, 0.435294, 0.427451, 0.427451, 0.427451, 0.419608, 0.407843, 0.403922, 0.235294, 0.215686, 0.223529, 0.203922, 0.207843, 0.180392, 0.215686, 0.200000, 0.207843, 0.207843, 0.207843, 0.203922, 0.188235, 0.184314, 0.196078, 0.184314, 0.188235, 0.200000, 0.196078, 0.192157, 0.192157, 0.215686, 0.239216, 0.231373, 0.227451, 0.235294, 0.262745, 0.274510, 0.286275, 0.313726, 0.364706, 0.203922, 0.207843, 0.207843, 0.215686, 0.207843, 0.121569, 0.545098, 0.505882, 0.627451, 0.156863, 0.658824, 0.560784, 0.556863, 0.556863, 0.560784, 0.564706, 0.568627, 0.568627, 0.572549, 0.576471, 0.576471, 0.576471, 0.568627, 0.580392, 0.568627, 0.576471, 0.568627, 0.568627, 0.564706, 0.560784, 0.564706, 0.219608, 0.164706, 0.686275, 0.627451, 0.611765, 0.623529, 0.611765, 0.607843, 0.615686, 0.552941, 0.596078, 0.600000, 0.662745, 0.298039, 0.219608, 0.494118, 0.486275, 0.478431, 0.474510, 0.474510, 0.474510, 0.462745, 0.462745, 0.450980, 0.450980, 0.447059, 0.439216, 0.431373, 0.427451, 0.427451, 0.419608, 0.419608, 0.411765, 0.403922, 0.294118, 0.223529, 0.235294, 0.211765, 0.219608, 0.211765, 0.207843, 0.203922, 0.203922, 0.203922, 0.207843, 0.211765, 0.219608, 0.184314, 0.192157, 0.211765, 0.203922, 0.200000, 0.149020, 0.184314, 0.207843, 0.215686, 0.223529, 0.231373, 0.235294, 0.243137, 0.266667, 0.258824, 0.274510, 0.290196, 0.250980, 0.223529, 0.203922, 0.207843, 0.215686, 0.215686, 0.149020, 0.549020, 0.498039, 0.423529, 0.172549, 0.662745, 0.576471, 0.556863, 0.556863, 0.560784, 0.564706, 0.568627, 0.568627, 0.572549, 0.580392, 0.580392, 0.576471, 0.576471, 0.576471, 0.568627, 0.568627, 0.568627, 0.568627, 0.568627, 0.564706, 0.682353, 0.160784, 0.776471, 0.635294, 0.615686, 0.615686, 0.611765, 0.600000, 0.611765, 0.603922, 0.600000, 0.603922, 0.600000, 0.713726, 0.129412, 0.137255, 0.537255, 0.478431, 0.482353, 0.482353, 0.474510, 0.474510, 0.466667, 0.458824, 0.450980, 0.447059, 0.439216, 0.439216, 0.435294, 0.427451, 0.419608, 0.423529, 0.415686, 0.396078, 0.400000, 0.223529, 0.219608, 0.215686, 0.243137, 0.211765, 0.219608, 0.219608, 0.200000, 0.203922, 0.239216, 0.207843, 0.203922, 0.207843, 0.200000, 0.203922, 0.200000, 0.203922, 0.203922, 0.203922, 0.203922, 0.196078, 0.239216, 0.231373, 0.243137, 0.247059, 0.243137, 0.266667, 0.298039, 0.274510, 0.278431, 0.305882, 0.270588, 0.227451, 0.200000, 0.207843, 0.231373, 0.286275, 0.305882, 0.568627, 0.258824, 0.345098, 0.521569, 0.600000, 0.568627, 0.556863, 0.556863, 0.564706, 0.564706, 0.568627, 0.572549, 0.576471, 0.572549, 0.572549, 0.576471, 0.572549, 0.572549, 0.568627, 0.568627, 0.564706, 0.564706, 0.564706, 0.717647, 0.180392, 0.733333, 0.639216, 0.619608, 0.619608, 0.619608, 0.611765, 0.537255, 0.596078, 0.603922, 0.588235, 0.580392, 0.592157, 0.262745, 0.231373, 0.419608, 0.474510, 0.486275, 0.486275, 0.470588, 0.462745, 0.462745, 0.450980, 0.447059, 0.454902, 0.439216, 0.431373, 0.435294, 0.431373, 0.423529, 0.411765, 0.407843, 0.400000, 0.396078, 0.227451, 0.215686, 0.235294, 0.211765, 0.207843, 0.196078, 0.207843, 0.211765, 0.180392, 0.164706, 0.196078, 0.172549, 0.223529, 0.203922, 0.192157, 0.207843, 0.207843, 0.211765, 0.196078, 0.203922, 0.219608, 0.223529, 0.254902, 0.262745, 0.258824, 0.250980, 0.266667, 0.274510, 0.313726, 0.266667, 0.333333, 0.305882, 0.133333, 0.215686, 0.247059, 0.243137, 0.258824, 0.207843, 0.337255, 0.298039, 0.121569, 0.309804, 0.611765, 0.568627, 0.552941, 0.560784, 0.568627, 0.568627, 0.568627, 0.572549, 0.576471, 0.572549, 0.568627, 0.572549, 0.572549, 0.576471, 0.572549, 0.568627, 0.564706, 0.564706, 0.564706, 0.635294, 0.180392, 0.800000, 0.635294, 0.6352947843, 0.584314, 0.596078, 0.592157, 0.576471, 0.584314, 0.584314, 0.650980, 0.168627, 0.152941, 0.517647, 0.478431, 0.478431, 0.474510, 0.466667, 0.462745, 0.450980, 0.454902, 0.443137, 0.447059, 0.435294, 0.427451, 0.423529, 0.419608, 0.411765, 0.403922, 0.388235, 0.407843, 0.239216, 0.227451, 0.235294, 0.227451, 0.219608, 0.207843, 0.227451, 0.215686, 0.215686, 0.207843, 0.203922, 0.203922, 0.203922, 0.207843, 0.258824, 0.168627, 0.211765, 0.211765, 0.223529, 0.219608, 0.231373, 0.254902, 0.227451, 0.274510, 0.270588, 0.274510, 0.274510, 0.278431, 0.274510, 0.282353, 0.305882, 0.305882, 0.133333, 0.270588, 0.235294, 0.270588, 0.223529, 0.211765, 0.227451, 0.380392, 0.137255, 0.254902, 0.701961, 0.580392, 0.549020, 0.556863, 0.564706, 0.568627, 0.568627, 0.568627, 0.576471, 0.572549, 0.572549, 0.572549, 0.572549, 0.576471, 0.572549, 0.568627, 0.560784, 0.564706, 0.560784, 0.556863, 0.458824, 0.478431, 0.478431, 0.623529, 0.619608, 0.603922, 0.576471, 0.584314, 0.596078, 0.592157, 0.588235, 0.588235, 0.584314, 0.635294, 0.168627, 0.184314, 0.388235, 0.482353, 0.474510, 0.474510, 0.466667, 0.470588, 0.454902, 0.450980, 0.450980, 0.443137, 0.439216, 0.427451, 0.423529, 0.423529, 0.415686, 0.407843, 0.403922, 0.403922, 0.239216, 0.239216, 0.243137, 0.219608, 0.200000, 0.215686, 0.235294, 0.207843, 0.215686, 0.203922, 0.211765, 0.211765, 0.215686, 0.219608, 0.223529, 0.203922, 0.219608, 0.227451, 0.215686, 0.215686, 0.223529, 0.254902, 0.258824, 0.247059, 0.239216, 0.282353, 0.254902, 0.266667, 0.262745, 0.290196, 0.278431, 0.309804, 0.250980, 0.231373, 0.231373, 0.278431, 0.219608, 0.211765, 0.211765, 0.262745, 0.278431, 0.407843, 0.749020, 0.588235, 0.556863, 0.556863, 0.560784, 0.560784, 0.568627, 0.572549, 0.572549, 0.576471, 0.576471, 0.572549, 0.572549, 0.572549, 0.568627, 0.564706, 0.568627, 0.564706, 0.556863, 0.556863, 0.635294, 0.117647, 0.607843, 0.611765, 0.603922, 0.603922, 0.600000, 0.603922, 0.600000, 0.580392, 0.592157, 0.592157, 0.588235, 0.572549, 0.541176, 0.235294, 0.235294, 0.517647, 0.474510, 0.470588, 0.466667, 0.462745, 0.454902, 0.450980, 0.443137, 0.450980, 0.419608, 0.427451, 0.423529, 0.415686, 0.415686, 0.407843, 0.407843, 0.400000, 0.192157, 0.231373, 0.235294, 0.219608, 0.227451, 0.239216, 0.239216, 0.219608, 0.223529, 0.223529, 0.239216, 0.211765, 0.235294, 0.227451, 0.211765, 0.215686, 0.203922, 0.231373, 0.219608, 0.266667, 0.243137, 0.247059, 0.235294, 0.266667, 0.250980, 0.262745, 0.282353, 0.278431, 0.290196, 0.290196, 0.301961, 0.282353, 0.286275, 0.243137, 0.247059, 0.254902, 0.250980, 0.231373, 0.243137, 0.247059, 0.211765, 0.298039, 0.611765, 0.607843, 0.560784, 0.560784, 0.564706, 0.564706, 0.568627, 0.568627, 0.568627, 0.572549, 0.572549, 0.572549, 0.568627, 0.568627, 0.568627, 0.568627, 0.568627, 0.564706, 0.556863, 0.560784, 0.588235, 0.160784, 0.717647, 0.592157, 0.607843, 0.596078, 0.603922, 0.596078, 0.584314, 0.588235, 0.596078, 0.588235, 0.576471, 0.552941, 0.603922, 0.239216, 0.156863, 0.576471, 0.470588, 0.470588, 0.462745, 0.458824, 0.454902, 0.443137, 0.439216, 0.443137, 0.435294, 0.411765, 0.419608, 0.419608, 0.415686, 0.403922, 0.400000, 0.396078, 0.235294, 0.219608, 0.231373, 0.235294, 0.239216, 0.211765, 0.235294, 0.219608, 0.227451, 0.235294, 0.188235, 0.215686, 0.219608, 0.227451, 0.231373, 0.219608, 0.215686, 0.239216, 0.235294, 0.235294, 0.250980, 0.258824, 0.239216, 0.239216, 0.274510, 0.262745, 0.270588, 0.278431, 0.286275, 0.290196, 0.290196, 0.325490, 0.341176, 0.258824, 0.286275, 0.274510, 0.274510, 0.282353, 0.227451, 0.305882, 0.176471, 0.278431, 0.298039, 0.615686, 0.572549, 0.556863, 0.560784, 0.560784, 0.568627, 0.568627, 0.572549, 0.572549, 0.572549, 0.568627, 0.572549, 0.572549, 0.572549, 0.572549, 0.568627, 0.560784, 0.556863, 0.556863, 0.556863, 0.447059, 0.219608, 0.615686, 0.572549, 0.603922, 0.596078, 0.592157, 0.588235, 0.596078, 0.580392, 0.568627, 0.560784, 0.568627, 0.584314, 0.219608, 0.215686, 0.325490, 0.458824, 0.470588, 0.462745, 0.450980, 0.450980, 0.447059, 0.447059, 0.435294, 0.423529, 0.411765, 0.423529, 0.407843, 0.407843, 0.396078, 0.403922, 0.392157, 0.227451, 0.219608, 0.254902, 0.235294, 0.227451, 0.231373, 0.243137, 0.239216, 0.243137, 0.227451, 0.223529, 0.231373, 0.258824, 0.250980, 0.243137, 0.258824, 0.231373, 0.227451, 0.266667, 0.243137, 0.247059, 0.270588, 0.243137, 0.250980, 0.262745, 0.243137, 0.266667, 0.278431, 0.286275, 0.290196, 0.298039, 0.313726, 0.309804, 0.341176, 0.266667, 0.247059, 0.258824, 0.294118, 0.227451, 0.211765, 0.188235, 0.164706, 0.211765, 0.635294, 0.576471, 0.560784, 0.556863, 0.564706, 0.564706, 0.568627, 0.568627, 0.568627, 0.568627, 0.572549, 0.568627, 0.568627, 0.568627, 0.568627, 0.564706, 0.556863, 0.560784, 0.556863, 0.552941, 0.717647, 0.172549, 0.764706, 0.611765, 0.603922, 0.603922, 0.600000, 0.600000, 0.592157, 0.584314, 0.564706, 0.568627, 0.576471, 0.549020, 0.709804, 0.200000, 0.121569, 0.501961, 0.470588, 0.462745, 0.454902, 0.450980, 0.450980, 0.443137, 0.435294, 0.435294, 0.427451, 0.427451, 0.415686, 0.407843, 0.407843, 0.396078, 0.396078, 0.247059, 0.227451, 0.231373, 0.231373, 0.239216, 0.235294, 0.227451, 0.227451, 0.207843, 0.231373, 0.250980, 0.235294, 0.243137, 0.239216, 0.247059, 0.211765, 0.250980, 0.227451, 0.278431, 0.239216, 0.250980, 0.243137, 0.235294, 0.235294, 0.250980, 0.239216, 0.239216, 0.274510, 0.286275, 0.298039, 0.313726, 0.294118, 0.329412, 0.356863, 0.317647, 0.203922, 0.223529, 0.258824, 0.227451, 0.282353, 0.152941, 0.180392, 0.364706, 0.662745, 0.584314, 0.552941, 0.556863, 0.556863, 0.564706, 0.568627, 0.568627, 0.568627, 0.572549, 0.568627, 0.572549, 0.572549, 0.568627, 0.564706, 0.560784, 0.560784, 0.556863, 0.552941, 0.552941, 0.592157, 0.188235, 0.803922, 0.607843, 0.600000, 0.592157, 0.603922, 0.596078, 0.584314, 0.572549, 0.568627, 0.580392, 0.572549, 0.564706, 0.635294, 0.188235, 0.215686, 0.376471, 0.462745, 0.466667, 0.458824, 0.454902, 0.447059, 0.439216, 0.435294, 0.431373, 0.427451, 0.419608, 0.411765, 0.407843, 0.403922, 0.388235, 0.396078, 0.243137, 0.235294, 0.235294, 0.227451, 0.227451, 0.235294, 0.227451, 0.223529, 0.239216, 0.243137, 0.247059, 0.250980, 0.235294, 0.231373, 0.231373, 0.247059, 0.243137, 0.247059, 0.243137, 0.258824, 0.254902, 0.270588, 0.231373, 0.243137, 0.247059, 0.250980, 0.254902, 0.282353, 0.231373, 0.278431, 0.321569, 0.317647, 0.329412, 0.321569, 0.301961, 0.207843, 0.219608, 0.247059, 0.298039, 0.258824, 0.168627, 0.211765, 0.360784, 0.596078, 0.600000, 0.564706, 0.556863, 0.556863, 0.568627, 0.568627, 0.564706, 0.564706, 0.568627, 0.568627, 0.568627, 0.568627, 0.564706, 0.560784, 0.564706, 0.564706, 0.556863, 0.556863, 0.549020, 0.549020, 0.415686, 0.286275, 0.607843, 0.596078, 0.596078, 0.603922, 0.596078, 0.576471, 0.568627, 0.580392, 0.580392, 0.572549, 0.552941, 0.564706, 0.537255, 0.215686, 0.176471, 0.486275, 0.462745, 0.454902, 0.450980, 0.450980, 0.447059, 0.431373, 0.427451, 0.423529, 0.423529, 0.419608, 0.411765, 0.400000, 0.392157, 0.400000, 0.227451, 0.235294, 0.247059, 0.239216, 0.270588, 0.235294, 0.254902, 0.239216, 0.215686, 0.254902, 0.270588, 0.243137, 0.239216, 0.227451, 0.250980, 0.227451, 0.231373, 0.231373, 0.243137, 0.235294, 0.243137, 0.254902, 0.243137, 0.231373, 0.258824, 0.250980, 0.262745, 0.278431, 0.266667, 0.286275, 0.301961, 0.313726, 0.317647, 0.317647, 0.270588, 0.298039, 0.215686, 0.235294, 0.247059, 0.262745, 0.176471, 0.196078, 0.239216, 0.435294, 0.635294, 0.564706, 0.560784, 0.556863, 0.564706, 0.564706, 0.560784, 0.564706, 0.564706, 0.572549, 0.568627, 0.568627, 0.556863, 0.556863, 0.564706, 0.556863, 0.556863, 0.552941, 0.552941, 0.549020, 0.635294, 0.137255, 0.682353, 0.600000, 0.603922, 0.580392, 0.580392, 0.572549, 0.588235, 0.580392, 0.576471, 0.572549, 0.572549, 0.654902, 0.282353, 0.203922, 0.109804, 0.549020, 0.462745, 0.427451, 0.450980, 0.450980, 0.439216, 0.427451, 0.427451, 0.427451, 0.427451, 0.411765, 0.407843, 0.392157, 0.396078, 0.396078, 0.219608, 0.227451, 0.243137, 0.227451, 0.223529, 0.211765, 0.239216, 0.239216, 0.235294, 0.227451, 0.231373, 0.227451, 0.243137, 0.250980, 0.247059, 0.227451, 0.258824, 0.235294, 0.239216, 0.239216, 0.254902, 0.250980, 0.235294, 0.235294, 0.247059, 0.254902, 0.250980, 0.274510, 0.274510, 0.294118, 0.278431, 0.329412, 0.298039, 0.325490, 0.266667, 0.254902, 0.219608, 0.223529, 0.243137, 0.274510, 0.133333, 0.239216, 0.145098, 0.270588, 0.686275, 0.564706, 0.556863, 0.552941, 0.556863, 0.560784, 0.564706, 0.560784, 0.556863, 0.564706, 0.564706, 0.568627, 0.556863, 0.560784, 0.560784, 0.560784, 0.556863, 0.549020, 0.549020, 0.549020, 0.549020, 0.125490, 0.701961, 0.607843, 0.588235, 0.588235, 0.588235, 0.588235, 0.596078, 0.572549, 0.580392, 0.576471, 0.627451, 0.286275, 0.203922, 0.160784, 0.282353, 0.482353, 0.462745, 0.450980, 0.450980, 0.447059, 0.447059, 0.431373, 0.427451, 0.419608, 0.419608, 0.411765, 0.407843, 0.392157, 0.392157, 0.392157, 0.215686, 0.231373, 0.211765, 0.223529, 0.231373, 0.227451, 0.203922, 0.219608, 0.223529, 0.227451, 0.243137, 0.227451, 0.247059, 0.243137, 0.235294, 0.235294, 0.227451, 0.247059, 0.250980, 0.235294, 0.290196, 0.250980, 0.262745, 0.258824, 0.250980, 0.258824, 0.250980, 0.262745, 0.282353, 0.286275, 0.301961, 0.317647, 0.309804, 0.313726, 0.219608, 0.254902, 0.235294, 0.219608, 0.207843, 0.282353, 0.125490, 0.168627, 0.152941, 0.282353, 0.745098, 0.588235, 0.556863, 0.552941, 0.556863, 0.560784, 0.564706, 0.560784, 0.564706, 0.556863, 0.560784, 0.564706, 0.556863, 0.556863, 0.556863, 0.560784, 0.556863, 0.549020, 0.545098, 0.545098, 0.545098, 0.572549, 0.431373, 0.639216, 0.603922, 0.588235, 0.600000, 0.611765, 0.572549, 0.592157, 0.588235, 0.619608, 0.305882, 0.188235, 0.207843, 0.184314, 0.501961, 0.458824, 0.458824, 0.454902, 0.447059, 0.443137, 0.439216, 0.431373, 0.415686, 0.419608, 0.419608, 0.407843, 0.396078, 0.396078, 0.392157, 0.384314, 0.211765, 0.211765, 0.200000, 0.219608, 0.266667, 0.207843, 0.235294, 0.227451, 0.239216, 0.235294, 0.227451, 0.227451, 0.247059, 0.243137, 0.239216, 0.223529, 0.239216, 0.196078, 0.231373, 0.247059, 0.254902, 0.250980, 0.250980, 0.266667, 0.247059, 0.250980, 0.250980, 0.254902, 0.266667, 0.282353, 0.254902, 0.298039, 0.309804, 0.321569, 0.294118, 0.231373, 0.231373, 0.227451, 0.215686, 0.290196, 0.129412, 0.184314, 0.207843, 0.309804, 0.603922, 0.607843, 0.552941, 0.545098, 0.549020, 0.556863, 0.560784, 0.556863, 0.556863, 0.552941, 0.556863, 0.560784, 0.556863, 0.556863, 0.556863, 0.552941, 0.552941, 0.552941, 0.545098, 0.541176, 0.537255, 0.670588, 0.113725, 0.752941, 0.592157, 0.600000, 0.615686, 0.576471, 0.576471, 0.580392, 0.607843, 0.392157, 0.176471, 0.196078, 0.133333, 0.498039, 0.458824, 0.462745, 0.450980, 0.450980, 0.443137, 0.435294, 0.431373, 0.427451, 0.423529, 0.415686, 0.403922, 0.411765, 0.396078, 0.396078, 0.392157, 0.388235, 0.196078, 0.200000, 0.203922, 0.200000, 0.211765, 0.196078, 0.227451, 0.223529, 0.231373, 0.235294, 0.223529, 0.231373, 0.243137, 0.243137, 0.243137, 0.231373, 0.239216, 0.247059, 0.243137, 0.239216, 0.250980, 0.247059, 0.231373, 0.235294, 0.262745, 0.250980, 0.258824, 0.270588, 0.270588, 0.258824, 0.301961, 0.305882, 0.321569, 0.309804, 0.227451, 0.231373, 0.254902, 0.262745, 0.243137, 0.282353, 0.223529, 0.176471, 0.192157, 0.305882, 0.309804, 0.627451, 0.556863, 0.545098, 0.549020, 0.552941, 0.552941, 0.556863, 0.556863, 0.556863, 0.564706, 0.552941, 0.552941, 0.552941, 0.556863, 0.552941, 0.545098, 0.545098, 0.545098, 0.545098, 0.541176, 0.545098, 0.262745, 0.588235, 0.607843, 0.611765, 0.600000, 0.592157, 0.584314, 0.600000, 0.517647, 0.200000, 0.203922, 0.152941, 0.474510, 0.454902, 0.462745, 0.458824, 0.462745, 0.450980, 0.439216, 0.443137, 0.439216, 0.427451, 0.423529, 0.407843, 0.407843, 0.407843, 0.403922, 0.392157, 0.392157, 0.380392, 0.188235, 0.188235, 0.192157, 0.211765, 0.223529, 0.223529, 0.215686, 0.219608, 0.227451, 0.227451, 0.207843, 0.243137, 0.235294, 0.239216, 0.219608, 0.254902, 0.262745, 0.235294, 0.239216, 0.243137, 0.227451, 0.254902, 0.254902, 0.254902, 0.262745, 0.235294, 0.250980, 0.266667, 0.278431, 0.258824, 0.325490, 0.305882, 0.309804, 0.254902, 0.254902, 0.231373, 0.270588, 0.298039, 0.211765, 0.250980, 0.219608, 0.184314, 0.188235, 0.152941, 0.207843, 0.647059, 0.568627, 0.549020, 0.545098, 0.549020, 0.545098, 0.552941, 0.556863, 0.556863, 0.556863, 0.549020, 0.552941, 0.552941, 0.552941, 0.549020, 0.545098, 0.545098, 0.545098, 0.545098, 0.537255, 0.533333, 0.470588, 0.223529, 0.635294, 0.607843, 0.588235, 0.584314, 0.592157, 0.643137, 0.152941, 0.203922, 0.164706, 0.494118, 0.462745, 0.474510, 0.470588, 0.454902, 0.462745, 0.450980, 0.439216, 0.439216, 0.435294, 0.427451, 0.411765, 0.411765, 0.407843, 0.384314, 0.403922, 0.396078, 0.392157, 0.384314, 0.192157, 0.203922, 0.203922, 0.219608, 0.219608, 0.231373, 0.231373, 0.211765, 0.290196, 0.231373, 0.231373, 0.219608, 0.250980, 0.227451, 0.219608, 0.227451, 0.250980, 0.250980, 0.250980, 0.250980, 0.258824, 0.243137, 0.243137, 0.243137, 0.254902, 0.250980, 0.274510, 0.262745, 0.262745, 0.266667, 0.305882, 0.298039, 0.305882, 0.298039, 0.239216, 0.243137, 0.254902, 0.298039, 0.250980, 0.286275, 0.188235, 0.192157, 0.196078, 0.192157, 0.250980, 0.674510, 0.596078, 0.556863, 0.545098, 0.545098, 0.545098, 0.549020, 0.552941, 0.549020, 0.549020, 0.549020, 0.556863, 0.556863, 0.552941, 0.549020, 0.549020, 0.545098, 0.545098, 0.537255, 0.533333, 0.533333, 0.615686, 0.125490, 0.686275, 0.600000, 0.584314, 0.592157, 0.690196, 0.117647, 0.211765, 0.129412, 0.345098, 0.478431, 0.470588, 0.474510, 0.470588, 0.462745, 0.450980, 0.447059, 0.443137, 0.439216, 0.427451, 0.431373, 0.415686, 0.411765, 0.403922, 0.403922, 0.400000, 0.388235, 0.384314, 0.372549, 0.231373, 0.243137, 0.203922, 0.200000, 0.223529, 0.219608, 0.211765, 0.231373, [0;31mE (27481) task_wdt: Task watchdog got triggered. The following tasks/users did not reset the watchdog in time:[0m
[0;31mE (27481) task_wdt:  - IDLE0 (CPU 0)[0m
[0;31mE (27481) task_wdt: Tasks currently running:[0m
[0;31mE (27481) task_wdt: CPU 0: tf_main[0m
[0;31mE (27481) task_wdt: CPU 1: IDLE1[0m
[0;31mE (27481) task_wdt: Print CPU 0 (current core) backtrace[0m


Backtrace: 0x400EFFB0:0x3FFB11B0 0x40084595:0x3FFB11E0 0x400D5473:0x3FFB6B60 0x400D606E:0x3FFB6B90 0x400D6DE1:0x3FFB6BC0 0x4000BD83:0x3FFB6BE0 0x4000182A:0x3FFB6C00 0x400D6A05:0x3FFB6C20 0x400D6DE1:0x3FFB6C40 0x40086E95:0x3FFB6C60 0x40086315:0x3FFB6C80 0x4008636A:0x3FFB6CA0 0x40086837:0x3FFB6CC0 0x400F6DD7:0x3FFB6CF0 0x400F67DE:0x3FFB6D10 0x400F8CCF:0x3FFB7030 0x400D8737:0x3FFB7080 0x400D85AA:0x3FFB70A0 0x400D7FFA:0x3FFB70E0

0.227451, 0.235294, 0.250980, 0.231373, 0.250980, 0.200000, 0.231373, 0.239216, 0.247059, 0.235294, 0.215686, 0.227451, 0.243137, 0.286275, 0.243137, 0.262745, 0.239216, 0.243137, 0.266667, 0.250980, 0.254902, 0.270588, 0.294118, 0.298039, 0.286275, 0.290196, 0.294118, 0.231373, 0.243137, 0.254902, 0.274510, 0.321569, 0.109804, 0.188235, 0.180392, 0.196078, 0.313726, 0.643137, 0.592157, 0.556863, 0.541176, 0.541176, 0.545098, 0.552941, 0.552941, 0.549020, 0.549020, 0.549020, 0.552941, 0.549020, 0.545098, 0.545098, 0.545098, 0.545098, 0.541176, 0.533333, 0.533333, 0.533333, 0.560784, 0.207843, 0.607843, 0.600000, 0.596078, 0.760784, 0.109804, 0.211765, 0.196078, 0.254902, 0.498039, 0.466667, 0.474510, 0.466667, 0.470588, 0.462745, 0.450980, 0.443137, 0.439216, 0.427451, 0.427451, 0.423529, 0.411765, 0.411765, 0.400000, 0.407843, 0.384314, 0.388235, 0.380392, 0.364706, 0.211765, 0.207843, 0.223529, 0.223529, 0.207843, 0.211765, 0.219608, 0.223529, 0.231373, 0.239216, 0.239216, 0.247059, 0.235294, 0.231373, 0.235294, 0.239216, 0.258824, 0.243137, 0.227451, 0.258824, 0.243137, 0.247059, 0.239216, 0.247059, 0.235294, 0.243137, 0.258824, 0.262745, 0.258824, 0.278431, 0.282353, 0.301961, 0.294118, 0.298039, 0.243137, 0.243137, 0.274510, 0.274510, 0.278431, 0.294118, 0.180392, 0.180392, 0.200000, 0.188235, 0.219608, 0.447059, 0.607843, 0.552941, 0.541176, 0.537255, 0.545098, 0.552941, 0.549020, 0.549020, 0.549020, 0.545098, 0.545098, 0.545098, 0.545098, 0.541176, 0.545098, 0.537255, 0.541176, 0.533333, 0.529412, 0.525490, 0.525490, 0.580392, 0.219608, 0.666667, 0.764706, 0.133333, 0.215686, 0.180392, 0.203922, 0.545098, 0.470588, 0.474510, 0.474510, 0.470588, 0.462745, 0.458824, 0.454902, 0.443137, 0.439216, 0.431373, 0.427451, 0.427451, 0.415686, 0.415686, 0.415686, 0.403922, 0.396078, 0.392157, 0.384314, 0.380392, 0.231373, 0.227451, 0.219608, 0.223529, 0.223529, 0.219608, 0.200000, 0.223529, 0.239216, 0.227451, 0.250980, 0.215686, 0.235294, 0.239216, 0.250980, 0.243137, 0.227451, 0.227451, 0.223529, 0.247059, 0.231373, 0.258824, 0.250980, 0.250980, 0.301961, 0.239216, 0.231373, 0.254902, 0.258824, 0.258824, 0.274510, 0.258824, 0.321569, 0.301961, 0.247059, 0.247059, 0.243137, 0.254902, 0.243137, 0.184314, 0.200000, 0.180392, 0.188235, 0.184314, 0.200000, 0.219608, 0.650980, 0.552941, 0.541176, 0.537255, 0.537255, 0.545098, 0.541176, 0.541176, 0.541176, 0.545098, 0.545098, 0.537255, 0.545098, 0.545098, 0.533333, 0.533333, 0.533333, 0.533333, 0.533333, 0.529412, 0.521569, 0.596078, 0.145098, 0.729412, 0.160784, 0.219608, 0.207843, 0.176471, 0.537255, 0.466667, 0.474510, 0.474510, 0.470588, 0.466667, 0.462745, 0.458824, 0.450980, 0.447059, 0.435294, 0.431373, 0.427451, 0.419608, 0.407843, 0.407843, 0.411765, 0.400000, 0.388235, 0.384314, 0.376471, 0.360784, 0.219608, 0.278431, 0.219608, 0.223529, 0.231373, 0.227451, 0.239216, 0.223529, 0.239216, 0.231373, 0.231373, 0.247059, 0.247059, 0.250980, 0.247059, 0.247059, 0.239216, 0.247059, 0.254902, 0.243137, 0.247059, 0.235294, 0.227451, 0.231373, 0.211765, 0.239216, 0.247059, 0.254902, 0.262745, 0.270588, 0.286275, 0.286275, 0.325490, 0.298039, 0.294118, 0.247059, 0.231373, 0.215686, 0.200000, 0.207843, 0.180392, 0.192157, 0.172549, 0.188235, 0.168627, 0.211765, 0.662745, 0.576471, 0.545098, 0.533333, 0.537255, 0.533333, 0.541176, 0.541176, 0.541176, 0.545098, 0.545098, 0.541176, 0.545098, 0.545098, 0.537255, 0.533333, 0.529412, 0.525490, 0.521569, 0.517647, 0.521569, 0.529412, 0.243137, 0.172549, 0.196078, 0.196078, 0.196078, 0.501961, 0.478431, 0.482353, 0.482353, 0.478431, 0.466667, 0.462745, 0.466667, 0.450980, 0.447059, 0.443137, 0.439216, 0.431373, 0.423529, 0.415686, 0.407843, 0.403922, 0.403922, 0.400000, 0.392157, 0.400000, 0.376471, 0.376471, 0.227451, 0.227451, 0.235294, 0.235294, 0.235294, 0.243137, 0.250980, 0.239216, 0.250980, 0.254902, 0.262745, 0.247059, 0.227451, 0.243137, 0.235294, 0.262745, 0.196078, 0.262745, 0.231373, 0.239216, 0.243137, 0.239216, 0.239216, 0.247059, 0.258824, 0.262745, 0.262745, 0.250980, 0.250980, 0.247059, 0.270588, 0.278431, 0.298039, 0.305882, 0.290196, 0.270588, 0.200000, 0.192157, 0.215686, 0.207843, 0.180392, 0.184314, 0.192157, 0.192157, 0.200000, 0.282353, 0.552941, 0.580392, 0.537255, 0.533333, 0.533333, 0.533333, 0.533333, 0.541176, 0.541176, 0.541176, 0.541176, 0.537255, 0.533333, 0.533333, 0.537255, 0.533333, 0.525490, 0.525490, 0.517647, 0.517647, 0.517647, 0.513726, 0.470588, 0.196078, 0.164706, 0.172549, 0.466667, 0.474510, 0.482353, 0.478431, 0.478431, 0.470588, 0.466667, 0.458824, 0.454902, 0.450980, 0.443137, 0.439216, 0.435294, 0.431373, 0.423529, 0.415686, 0.415686, 0.403922, 0.403922, 0.380392, 0.392157, 0.380392, 0.368627, 0.368627, 0.227451, 0.227451, 0.243137, 0.239216, 0.215686, 0.254902, 0.235294, 0.231373, 0.235294, 0.243137, 0.215686, 0.231373, 0.247059, 0.243137, 0.227451, 0.227451, 0.266667, 0.200000, 0.247059, 0.239216, 0.231373, 0.247059, 0.239216, 0.243137, 0.258824, 0.266667, 0.235294, 0.247059, 0.270588, 0.262745, 0.266667, 0.286275, 0.301961, 0.305882, 0.305882, 0.200000, 0.200000, 0.192157, 0.207843, 0.196078, 0.188235, 0.188235, 0.188235, 0.188235, 0.188235, 0.286275, 0.364706, 0.572549, 0.549020, 0.525490, 0.525490, 0.533333, 0.537255, 0.541176, 0.537255, 0.537255, 0.537255, 0.533333, 0.533333, 0.533333, 0.529412, 0.525490, 0.525490, 0.525490, 0.517647, 0.513726, 0.509804, 0.509804, 0.564706, 0.509804, 0.376471, 0.352941, 0.498039, 0.486275, 0.486275, 0.478431, 0.474510, 0.474510, 0.466667, 0.458824, 0.454902, 0.450980, 0.443137, 0.439216, 0.431373, 0.419608, 0.419608, 0.419608, 0.403922, 0.400000, 0.400000, 0.384314, 0.388235, 0.384314, 0.368627, 0.368627, 0.250980, 0.247059, 0.239216, 0.239216, 0.254902, 0.211765, 0.231373, 0.254902, 0.235294, 0.231373, 0.227451, 0.239216, 0.239216, 0.231373, 0.243137, 0.235294, 0.235294, 0.243137, 0.235294, 0.243137, 0.239216, 0.243137, 0.250980, 0.235294, 0.239216, 0.239216, 0.231373, 0.247059, 0.254902, 0.250980, 0.262745, 0.243137, 0.294118, 0.305882, 0.278431, 0.188235, 0.192157, 0.192157, 0.207843, 0.156863, 0.180392, 0.149020, 0.188235, 0.184314, 0.184314, 0.168627, 0.270588, 0.600000, 0.541176, 0.521569, 0.521569, 0.525490, 0.533333, 0.529412, 0.533333, 0.533333, 0.533333, 0.533333, 0.529412, 0.529412, 0.525490, 0.517647, 0.517647, 0.521569, 0.517647, 0.513726, 0.509804, 0.509804, 0.509804, 0.498039, 0.482353, 0.509804, 0.478431, 0.482353, 0.486275, 0.482353, 0.474510, 0.474510, 0.458824, 0.454902, 0.450980, 0.447059, 0.450980, 0.439216, 0.435294, 0.427451, 0.415686, 0.415686, 0.403922, 0.407843, 0.396078, 0.368627, 0.388235, 0.380392, 0.372549, 0.368627, 0.211765, 0.239216, 0.219608, 0.227451, 0.239216, 0.274510, 0.254902, 0.239216, 0.243137, 0.239216, 0.250980, 0.239216, 0.223529, 0.247059, 0.239216, 0.203922, 0.270588, 0.301961, 0.215686, 0.239216, 0.250980, 0.247059, 0.231373, 0.227451, 0.243137, 0.231373, 0.243137, 0.247059, 0.262745, 0.262745, 0.270588, 0.282353, 0.290196, 0.309804, 0.243137, 0.180392, 0.184314, 0.215686, 0.176471, 0.184314, 0.184314, 0.200000, 0.172549, 0.180392, 0.192157, 0.184314, 0.243137, 0.721569, 0.552941, 0.529412, 0.521569, 0.521569, 0.525490, 0.529412, 0.529412, 0.533333, 0.529412, 0.533333, 0.525490, 0.521569, 0.521569, 0.521569, 0.521569, 0.517647, 0.513726, 0.513726, 0.509804, 0.505882, 0.498039, 0.498039, 0.490196, 0.490196, 0.474510, 0.474510, 0.478431, 0.474510, 0.470588, 0.462745, 0.466667, 0.450980, 0.454902, 0.443137, 0.439216, 0.435294, 0.427451, 0.419608, 0.419608, 0.415686, 0.407843, 0.396078, 0.396078, 0.392157, 0.372549, 0.376471, 0.352941, 0.360784, 0.223529, 0.207843, 0.219608, 0.211765, 0.207843, 0.207843, 0.215686, 0.223529, 0.203922, 0.250980, 0.184314, 0.207843, 0.207843, 0.231373, 0.223529, 0.231373, 0.235294, 0.247059, 0.243137, 0.243137, 0.247059, 0.243137, 0.235294, 0.243137, 0.184314, 0.250980, 0.254902, 0.239216, 0.239216, 0.266667, 0.262745, 0.274510, 0.282353, 0.294118, 0.223529, 0.184314, 0.188235, 0.203922, 0.196078, 0.188235, 0.156863, 0.180392, 0.180392, 0.184314, 0.188235, 0.192157, 0.266667, 0.756863, 0.564706, 0.533333, 0.517647, 0.517647, 0.521569, 0.521569, 0.525490, 0.525490, 0.533333, 0.521569, 0.525490, 0.521569, 0.517647, 0.517647, 0.521569, 0.509804, 0.509804, 0.509804, 0.498039, 0.501961, 0.501961, 0.498039, 0.490196, 0.490196, 0.482353, 0.482353, 0.474510, 0.474510, 0.466667, 0.462745, 0.458824, 0.447059, 0.443137, 0.439216, 0.435294, 0.439216, 0.427451, 0.423529, 0.415686, 0.411765, 0.403922, 0.392157, 0.384314, 0.388235, 0.372549, 0.372549, 0.368627, 0.352941, 0.203922, 0.207843, 0.211765, 0.200000, 0.203922, 0.207843, 0.211765, 0.207843, 0.203922, 0.211765, 0.223529, 0.223529, 0.243137, 0.243137, 0.231373, 0.223529, 0.227451, 0.211765, 0.231373, 0.227451, 0.239216, 0.247059, 0.247059, 0.227451, 0.235294, 0.231373, 0.250980, 0.239216, 0.235294, 0.250980, 0.301961, 0.274510, 0.278431, 0.309804, 0.227451, 0.184314, 0.184314, 0.207843, 0.188235, 0.207843, 0.200000, 0.184314, 0.176471, 0.188235, 0.184314, 0.184314, 0.266667, 0.443137, 0.556863, 0.529412, 0.513726, 0.509804, 0.521569, 0.517647, 0.521569, 0.521569, 0.525490, 0.521569, 0.521569, 0.517647, 0.517647, 0.513726, 0.517647, 0.509804, 0.505882, 0.501961, 0.501961, 0.494118, 0.498039, 0.490196, 0.490196, 0.490196, 0.478431, 0.474510, 0.470588, 0.466667, 0.450980, 0.450980, 0.454902, 0.447059, 0.443137, 0.439216, 0.431373, 0.431373, 0.423529, 0.419608, 0.407843, 0.400000, 0.403922, 0.396078, 0.392157, 0.384314, 0.380392, 0.380392, 0.364706, 0.364706, 0.219608, 0.207843, 0.211765, 0.203922, 0.207843, 0.207843, 0.192157, 0.211765, 0.168627, 0.203922, 0.192157, 0.223529, 0.200000, 0.207843, 0.215686, 0.215686, 0.250980, 0.227451, 0.223529, 0.231373, 0.231373, 0.239216, 0.231373, 0.219608, 0.227451, 0.247059, 0.243137, 0.301961, 0.243137, 0.239216, 0.247059, 0.301961, 0.266667, 0.286275, 0.203922, 0.192157, 0.180392, 0.203922, 0.164706, 0.180392, 0.180392, 0.176471, 0.168627, 0.176471, 0.168627, 0.184314, 0.219608, 0.125490, 0.568627, 0.533333, 0.509804, 0.509804, 0.513726, 0.509804, 0.509804, 0.513726, 0.521569, 0.513726, 0.521569, 0.513726, 0.509804, 0.509804, 0.509804, 0.505882, 0.501961, 0.498039, 0.498039, 0.498039, 0.494118, 0.490196, 0.486275, 0.478431, 0.474510, 0.470588, 0.474510, 0.458824, 0.454902, 0.450980, 0.450980, 0.447059, 0.443137, 0.447059, 0.427451, 0.427451, 0.415686, 0.411765, 0.403922, 0.403922, 0.392157, 0.392157, 0.388235, 0.372549, 0.368627, 0.360784, 0.349020, 0.368627, 0.203922, 0.211765, 0.200000, 0.203922, 0.196078, 0.196078, 0.219608, 0.203922, 0.207843, 0.188235, 0.196078, 0.192157, 0.207843, 0.211765, 0.227451, 0.211765, 0.223529, 0.215686, 0.219608, 0.219608, 0.231373, 0.235294, 0.235294, 0.250980, 0.239216, 0.250980, 0.235294, 0.243137, 0.215686, 0.243137, 0.247059, 0.286275, 0.266667, 0.290196, 0.172549, 0.203922, 0.168627, 0.188235, 0.188235, 0.176471, 0.168627, 0.176471, 0.176471, 0.180392, 0.180392, 0.192157, 0.192157, 0.145098, 0.568627, 0.537255, 0.517647, 0.505882, 0.501961, 0.505882, 0.501961, 0.501961, 0.509804, 0.509804, 0.509804, 0.509804, 0.509804, 0.505882, 0.501961, 0.498039, 0.498039, 0.498039, 0.494118, 0.490196, 0.490196, 0.486275, 0.486275, 0.474510, 0.474510, 0.474510, 0.462745, 0.462745, 0.454902, 0.454902, 0.443137, 0.443137, 0.415686, 0.435294, 0.431373, 0.423529, 0.415686, 0.419608, 0.411765, 0.407843, 0.400000, 0.396078, 0.380392, 0.376471, 0.364706, 0.372549, 0.345098, 0.356863, 0.196078, 0.200000, 0.223529, 0.200000, 0.192157, 0.192157, 0.192157, 0.200000, 0.164706, 0.196078, 0.192157, 0.184314, 0.188235, 0.192157, 0.196078, 0.211765, 0.239216, 0.231373, 0.200000, 0.223529, 0.254902, 0.223529, 0.227451, 0.231373, 0.227451, 0.231373, 0.247059, 0.243137, 0.239216, 0.247059, 0.258824, 0.258824, 0.262745, 0.278431, 0.200000, 0.203922, 0.192157, 0.180392, 0.180392, 0.184314, 0.168627, 0.180392, 0.160784, 0.176471, 0.180392, 0.180392, 0.184314, 0.254902, 0.631373, 0.549020, 0.509804, 0.498039, 0.501961, 0.498039, 0.498039, 0.498039, 0.498039, 0.509804, 0.509804, 0.505882, 0.505882, 0.501961, 0.498039, 0.498039, 0.494118, 0.486275, 0.486275, 0.486275, 0.486275, 0.486275, 0.474510, 0.474510, 0.470588, 0.474510, 0.462745, 0.458824, 0.454902, 0.450980, 0.450980, 0.443137, 0.435294, 0.435294, 0.427451, 0.419608, 0.411765, 0.407843, 0.396078, 0.403922, 0.392157, 0.392157, 0.384314, 0.376471, 0.364706, 0.360784, 0.352941, 0.352941, 0.200000, 0.192157, 0.223529, 0.200000, 0.215686, 0.203922, 0.207843, 0.207843, 0.207843, 0.207843, 0.239216, 0.200000, 0.207843, 0.219608, 0.215686, 0.223529, 0.219608, 0.227451, 0.235294, 0.215686, 0.243137, 0.207843, 0.231373, 0.235294, 0.227451, 0.211765, 0.215686, 0.235294, 0.227451, 0.247059, 0.247059, 0.258824, 0.274510, 0.298039, 0.184314, 0.247059, 0.196078, 0.188235, 0.180392, 0.184314, 0.192157, 0.196078, 0.192157, 0.176471, 0.172549, 0.180392, 0.196078, 0.247059, 0.400000, 0.552941, 0.509804, 0.498039, 0.498039, 0.498039, 0.498039, 0.501961, 0.501961, 0.501961, 0.494118, 0.505882, 0.505882, 0.498039, 0.490196, 0.494118, 0.494118, 0.486275, 0.486275, 0.486275, 0.482353, 0.478431, 0.478431, 0.478431, 0.466667, 0.470588, 0.454902, 0.454902, 0.443137, 0.447059, 0.443137, 0.447059, 0.427451, 0.423529, 0.427451, 0.423529, 0.415686, 0.415686, 0.400000, 0.400000, 0.388235, 0.392157, 0.380392, 0.376471, 0.364706, 0.360784, 0.356863, 0.345098, 0.219608, 0.203922, 0.207843, 0.231373, 0.219608, 0.223529, 0.211765, 0.215686, 0.152941, 0.215686, 0.227451, 0.223529, 0.203922, 0.219608, 0.227451, 0.223529, 0.219608, 0.207843, 0.235294, 0.223529, 0.215686, 0.227451, 0.227451, 0.223529, 0.223529, 0.219608, 0.215686, 0.235294, 0.250980, 0.231373, 0.247059, 0.262745, 0.274510, 0.278431, 0.235294, 0.184314, 0.188235, 0.168627, 0.176471, 0.184314, 0.160784, 0.145098, 0.184314, 0.180392, 0.172549, 0.180392, 0.180392, 0.188235, 0.200000, 0.580392, 0.498039, 0.498039, 0.490196, 0.494118, 0.498039, 0.498039, 0.501961, 0.498039, 0.498039, 0.498039, 0.498039, 0.498039, 0.490196, 0.490196, 0.490196, 0.486275, 0.486275, 0.478431, 0.474510, 0.474510, 0.470588, 0.462745, 0.458824, 0.447059, 0.462745, 0.458824, 0.447059, 0.450980, 0.443137, 0.439216, 0.427451, 0.427451, 0.423529, 0.415686, 0.411765, 0.407843, 0.400000, 0.392157, 0.380392, 0.388235, 0.380392, 0.364706, 0.364706, 0.360784, 0.352941, 0.345098, 0.211765, 0.227451, 0.215686, 0.223529, 0.203922, 0.207843, 0.207843, 0.203922, 0.203922, 0.215686, 0.203922, 0.207843, 0.215686, 0.223529, 0.231373, 0.203922, 0.219608, 0.215686, 0.207843, 0.215686, 0.184314, 0.227451, 0.227451, 0.227451, 0.227451, 0.203922, 0.231373, 0.239216, 0.223529, 0.227451, 0.235294, 0.247059, 0.258824, 0.294118, 0.266667, 0.192157, 0.180392, 0.176471, 0.180392, 0.184314, 0.180392, 0.168627, 0.172549, 0.172549, 0.192157, 0.184314, 0.164706, 0.149020, 0.196078, 0.737255, 0.513726, 0.498039, 0.490196, 0.486275, 0.490196, 0.494118, 0.494118, 0.494118, 0.490196, 0.490196, 0.494118, 0.494118, 0.490196, 0.486275, 0.486275, 0.482353, 0.478431, 0.474510, 0.470588, 0.470588, 0.462745, 0.462745, 0.458824, 0.458824, 0.450980, 0.450980, 0.439216, 0.439216, 0.439216, 0.431373, 0.427451, 0.415686, 0.415686, 0.411765, 0.407843, 0.403922, 0.400000, 0.388235, 0.372549, 0.380392, 0.376471, 0.368627, 0.364706, 0.360784, 0.345098, 0.333333, 0.211765, 0.219608, 0.215686, 0.207843, 0.200000, 0.203922, 0.200000, 0.203922, 0.207843, 0.207843, 0.211765, 0.219608, 0.211765, 0.211765, 0.223529, 0.250980, 0.215686, 0.219608, 0.215686, 0.223529, 0.211765, 0.215686, 0.215686, 0.223529, 0.235294, 0.215686, 0.231373, 0.223529, 0.227451, 0.227451, 0.227451, 0.250980, 0.258824, 0.274510, 0.239216, 0.145098, 0.180392, 0.180392, 0.172549, 0.172549, 0.180392, 0.188235, 0.168627, 0.176471, 0.172549, 0.203922, 0.176471, 0.149020, 0.270588, 0.635294, 0.541176, 0.498039, 0.490196, 0.482353, 0.482353, 0.486275, 0.490196, 0.490196, 0.486275, 0.486275, 0.490196, 0.482353, 0.478431, 0.482353, 0.486275, 0.474510, 0.466667, 0.470588, 0.466667, 0.466667, 0.462745, 0.462745, 0.462745, 0.450980, 0.439216, 0.439216, 0.439216, 0.439216, 0.431373, 0.427451, 0.415686, 0.415686, 0.415686, 0.403922, 0.388235, 0.400000, 0.400000, 0.388235, 0.372549, 0.372549, 0.368627, 0.360784, 0.356863, 0.345098, 0.349020, 0.337255, 0.203922, 0.227451, 0.200000, 0.207843, 0.184314, 0.235294, 0.219608, 0.207843, 0.203922, 0.219608, 0.215686, 0.211765, 0.227451, 0.227451, 0.223529, 0.207843, 0.215686, 0.207843, 0.219608, 0.215686, 0.223529, 0.207843, 0.219608, 0.196078, 0.211765, 0.219608, 0.227451, 0.227451, 0.219608, 0.188235, 0.227451, 0.247059, 0.243137, 0.278431, 0.239216, 0.192157, 0.180392, 0.180392, 0.192157, 0.188235, 0.176471, 0.176471, 0.180392, 0.168627, 0.180392, 0.188235, 0.184314, 0.172549, 0.270588, 0.262745, 0.533333, 0.509804, 0.482353, 0.474510, 0.482353, 0.486275, 0.490196, 0.490196, 0.482353, 0.478431, 0.486275, 0.478431, 0.474510, 0.474510, 0.474510, 0.470588, 0.470588, 0.474510, 0.466667, 0.462745, 0.458824, 0.454902, 0.443137, 0.443137, 0.439216, 0.435294, 0.435294, 0.439216, 0.431373, 0.423529, 0.407843, 0.415686, 0.415686, 0.396078, 0.400000, 0.392157, 0.392157, 0.380392, 0.380392, 0.368627, 0.368627, 0.356863, 0.356863, 0.352941, 0.337255, 0.333333, 0.207843, 0.207843, 0.239216, 0.203922, 0.207843, 0.180392, 0.254902, 0.211765, 0.203922, 0.203922, 0.215686, 0.219608, 0.219608, 0.223529, 0.219608, 0.219608, 0.215686, 0.239216, 0.188235, 0.219608, 0.215686, 0.215686, 0.211765, 0.223529, 0.215686, 0.219608, 0.215686, 0.215686, 0.227451, 0.243137, 0.227451, 0.231373, 0.254902, 0.274510, 0.274510, 0.188235, 0.180392, 0.176471, 0.172549, 0.176471, 0.180392, 0.180392, 0.180392, 0.180392, 0.164706, 0.188235, 0.176471, 0.172549, 0.203922, 0.141176, 0.552941, 0.505882, 0.486275, 0.478431, 0.478431, 0.478431, 0.478431, 0.474510, 0.478431, 0.474510, 0.482353, 0.474510, 0.474510, 0.478431, 0.466667, 0.470588, 0.470588, 0.466667, 0.462745, 0.454902, 0.450980, 0.447059, 0.443137, 0.443137, 0.443137, 0.439216, 0.439216, 0.427451, 0.423529, 0.419608, 0.415686, 0.407843, 0.407843, 0.396078, 0.396078, 0.380392, 0.380392, 0.384314, 0.368627, 0.368627, 0.364706, 0.352941, 0.345098, 0.352941, 0.345098, 0.345098, 0.207843, 0.207843, 0.215686, 0.203922, 0.207843, 0.207843, 0.219608, 0.200000, 0.211765, 0.196078, 0.231373, 0.188235, 0.223529, 0.219608, 0.215686, 0.247059, 0.219608, 0.215686, 0.219608, 0.215686, 0.223529, 0.207843, 0.223529, 0.223529, 0.200000, 0.203922, 0.207843, 0.215686, 0.211765, 0.203922, 0.235294, 0.243137, 0.250980, 0.266667, 0.254902, 0.176471, 0.184314, 0.180392, 0.176471, 0.180392, 0.176471, 0.180392, 0.180392, 0.184314, 0.168627, 0.180392, 0.184314, 0.172549, 0.137255, 0.203922, 0.588235, 0.509804, 0.478431, 0.474510, 0.470588, 0.470588, 0.470588, 0.474510, 0.474510, 0.474510, 0.490196, 0.498039, 0.474510, 0.470588, 0.462745, 0.466667, 0.466667, 0.458824, 0.439216, 0.435294, 0.443137, 0.439216, 0.439216, 0.439216, 0.443137, 0.435294, 0.431373, 0.431373, 0.423529, 0.419608, 0.407843, 0.400000, 0.403922, 0.400000, 0.396078, 0.380392, 0.384314, 0.372549, 0.364706, 0.349020, 0.360784, 0.356863, 0.349020, 0.345098, 0.329412, 0.333333, 0.203922, 0.223529, 0.215686, 0.203922, 0.215686, 0.223529, 0.207843, 0.211765, 0.211765, 0.227451, 0.219608, 0.211765, 0.223529, 0.211765, 0.211765, 0.207843, 0.207843, 0.211765, 0.223529, 0.211765, 0.235294, 0.219608, 0.215686, 0.207843, 0.227451, 0.227451, 0.223529, 0.219608, 0.215686, 0.215686, 0.227451, 0.239216, 0.239216, 0.266667, 0.286275, 0.176471, 0.180392, 0.180392, 0.152941, 0.180392, 0.184314, 0.184314, 0.172549, 0.137255, 0.184314, 0.172549, 0.172549, 0.164706, 0.192157, 0.258824, 0.627451, 0.545098, 0.513726, 0.474510, 0.458824, 0.466667, 0.466667, 0.560784, 0.513726, 0.380392, 0.298039, 0.258824, 0.258824, 0.384314, 0.356863, 0.415686, 0.329412, 0.360784, 0.364706, 0.388235, 0.301961, 0.223529, 0.458824, 0.564706, 0.482353, 0.431373, 0.431373, 0.423529, 0.411765, 0.407843, 0.403922, 0.403922, 0.392157, 0.396078, 0.388235, 0.384314, 0.380392, 0.380392, 0.372549, 0.360784, 0.352941, 0.321569, 0.345098, 0.341176, 0.329412, 0.321569, 0.211765, 0.203922, 0.215686, 0.203922, 0.203922, 0.211765, 0.215686, 0.227451, 0.215686, 0.219608, 0.215686, 0.176471, 0.211765, 0.215686, 0.211765, 0.219608, 0.196078, 0.211765, 0.211765, 0.215686, 0.207843, 0.231373, 0.227451, 0.203922, 0.211765, 0.223529, 0.227451, 0.211765, 0.215686, 0.219608, 0.231373, 0.231373, 0.239216, 0.231373, 0.262745, 0.168627, 0.172549, 0.184314, 0.180392, 0.168627, 0.164706, 0.180392, 0.113725, 0.149020, 0.192157, 0.141176, 0.160784, 0.149020, 0.117647, 0.364706, 0.482353, 0.345098, 0.321569, 0.356863, 0.352941, 0.356863, 0.298039, 0.337255, 0.388235, 0.380392, 0.321569, 0.384314, 0.360784, 0.352941, 0.349020, 0.352941, 0.321569, 0.349020, 0.337255, 0.317647, 0.282353, 0.235294, 0.247059, 0.274510, 0.286275, 0.286275, 0.333333, 0.341176, 0.415686, 0.419608, 0.411765, 0.396078, 0.400000, 0.388235, 0.388235, 0.372549, 0.368627, 0.368627, 0.360784, 0.352941, 0.352941, 0.345098, 0.341176, 0.329412, 0.333333, 0.321569, 0.211765, 0.219608, 0.215686, 0.196078, 0.192157, 0.207843, 0.215686, 0.235294, 0.207843, 0.215686, 0.203922, 0.211765, 0.203922, 0.215686, 0.219608, 0.207843, 0.211765, 0.203922, 0.207843, 0.215686, 0.215686, 0.211765, 0.211765, 0.207843, 0.203922, 0.215686, 0.203922, 0.203922, 0.207843, 0.192157, 0.215686, 0.207843, 0.215686, 0.274510, 0.262745, 0.168627, 0.172549, 0.231373, 0.298039, 0.247059, 0.541176, 0.427451, 0.227451, 0.352941, 0.329412, 0.274510, 0.270588, 0.372549, 0.223529, 0.356863, 0.352941, 0.301961, 0.313726, 0.325490, 0.309804, 0.301961, 0.396078, 0.360784, 0.384314, 0.266667, 0.349020, 0.313726, 0.290196, 0.298039, 0.274510, 0.384314, 0.305882, 0.345098, 0.321569, 0.341176, 0.239216, 0.231373, 0.258824, 0.305882, 0.317647, 0.298039, 0.309804, 0.309804, 0.305882, 0.254902, 0.196078, 0.313726, 0.494118, 0.447059, 0.427451, 0.376471, 0.372549, 0.360784, 0.360784, 0.384314, 0.349020, 0.349020, 0.333333, 0.337255, 0.329412, 0.317647, 0.207843, 0.211765, 0.219608, 0.200000, 0.184314, 0.203922, 0.215686, 0.211765, 0.219608, 0.207843, 0.227451, 0.223529, 0.203922, 0.215686, 0.231373, 0.247059, 0.219608, 0.196078, 0.215686, 0.184314, 0.192157, 0.176471, 0.211765, 0.203922, 0.215686, 0.200000, 0.215686, 0.219608, 0.207843, 0.223529, 0.231373, 0.235294, 0.215686, 0.258824, 0.243137, 0.184314, 0.254902, 0.294118, 0.200000, 0.211765, 0.172549, 0.270588, 0.262745, 0.235294, 0.247059, 0.298039, 0.317647, 0.305882, 0.247059, 0.219608, 0.235294, 0.215686, 0.317647, 0.278431, 0.207843, 0.294118, 0.352941, 0.298039, 0.294118, 0.231373, 0.274510, 0.282353, 0.321569, 0.227451, 0.227451, 0.254902, 0.250980, 0.258824, 0.278431, 0.278431, 0.223529, 0.231373, 0.223529, 0.278431, 0.278431, 0.274510, 0.305882, 0.274510, 0.274510, 0.231373, 0.247059, 0.298039, 0.282353, 0.329412, 0.247059, 0.152941, 0.356863, 0.349020, 0.352941, 0.345098, 0.341176, 0.337255, 0.329412, 0.325490, 0.317647, 0.313726, 0.227451, 0.196078, 0.215686, 0.219608, 0.215686, 0.227451, 0.235294, 0.215686, 0.207843, 0.227451, 0.219608, 0.211765, 0.207843, 0.231373, 0.227451, 0.215686, 0.215686, 0.247059, 0.203922, 0.203922, 0.227451, 0.184314, 0.250980, 0.207843, 0.207843, 0.203922, 0.215686, 0.211765, 0.207843, 0.219608, 0.219608, 0.231373, 0.215686, 0.227451, 0.231373, 0.254902, 0.243137, 0.207843, 0.219608, 0.239216, 0.211765, 0.188235, 0.258824, 0.239216, 0.227451, 0.250980, 0.247059, 0.243137, 0.231373, 0.211765, 0.223529, 0.227451, 0.274510, 0.247059, 0.235294, 0.207843, 0.239216, 0.239216, 0.239216, 0.231373, 0.247059, 0.215686, 0.239216, 0.231373, 0.227451, 0.219608, 0.239216, 0.239216, 0.231373, 0.215686, 0.239216, 0.223529, 0.223529, 0.211765, 0.231373, 0.239216, 0.262745, 0.278431, 0.266667, 0.196078, 0.215686, 0.247059, 0.282353, 0.270588, 0.239216, 0.180392, 0.239216, 0.360784, 0.345098, 0.349020, 0.337255, 0.349020, 0.333333, 0.313726, 0.321569, 0.321569, 0.188235, 0.231373, 0.231373, 0.243137, 0.219608, 0.231373, 0.203922, 0.145098, 0.227451, 0.223529, 0.219608, 0.200000, 0.203922, 0.227451, 0.215686, 0.219608, 0.215686, 0.235294, 0.223529, 0.211765, 0.188235, 0.207843, 0.266667, 0.207843, 0.203922, 0.196078, 0.196078, 0.203922, 0.207843, 0.227451, 0.211765, 0.219608, 0.215686, 0.231373, 0.250980, 0.250980, 0.266667, 0.227451, 0.203922, 0.219608, 0.223529, 0.215686, 0.219608, 0.231373, 0.231373, 0.235294, 0.235294, 0.223529, 0.219608, 0.207843, 0.231373, 0.239216, 0.254902, 0.247059, 0.227451, 0.239216, 0.250980, 0.247059, 0.227451, 0.227451, 0.239216, 0.239216, 0.231373, 0.215686, 0.211765, 0.211765, 0.215686, 0.211765, 0.231373, 0.196078, 0.219608, 0.219608, 0.211765, 0.203922, 0.203922, 0.231373, 0.227451, 0.247059, 0.235294, 0.211765, 0.215686, 0.227451, 0.278431, 0.278431, 0.219608, 0.215686, 0.207843, 0.247059, 0.329412, 0.243137, 0.305882, 0.333333, 0.317647, 0.321569, 0.321569, 0.309804, 0.227451, 0.235294, 0.235294, 0.227451, 0.223529, 0.203922, 0.215686, 0.215686, 0.223529, 0.243137, 0.219608, 0.211765, 0.207843, 0.207843, 0.223529, 0.207843, 0.223529, 0.176471, 0.200000, 0.207843, 0.219608, 0.207843, 0.196078, 0.196078, 0.200000, 0.219608, 0.211765, 0.203922, 0.223529, 0.203922, 0.203922, 0.215686, 0.215686, 0.215686, 0.250980, 0.250980, 0.247059, 0.211765, 0.203922, 0.203922, 0.215686, 0.203922, 0.239216, 0.243137, 0.211765, 0.219608, 0.219608, 0.207843, 0.211765, 0.207843, 0.227451, 0.215686, 0.219608, 0.219608, 0.227451, 0.227451, 0.239216, 0.223529, 0.219608, 0.223529, 0.219608, 0.219608, 0.231373, 0.215686, 0.223529, 0.239216, 0.215686, 0.207843, 0.211765, 0.188235, 0.211765, 0.215686, 0.215686, 0.200000, 0.196078, 0.207843, 0.200000, 0.215686, 0.196078, 0.203922, 0.203922, 0.223529, 0.266667, 0.239216, 0.207843, 0.203922, 0.219608, 0.200000, 0.203922, 0.219608, 0.215686, 0.239216, 0.337255, 0.317647, 0.309804, 0.321569, 0.227451, 0.223529, 0.223529, 0.219608, 0.223529, 0.211765, 0.203922, 0.219608, 0.215686, 0.172549, 0.211765, 0.235294, 0.223529, 0.207843, 0.235294, 0.231373, 0.219608, 0.219608, 0.219608, 0.192157, 0.227451, 0.239216, 0.188235, 0.200000, 0.203922, 0.200000, 0.207843, 0.207843, 0.196078, 0.203922, 0.200000, 0.207843, 0.207843, 0.215686, 0.219608, 0.243137, 0.231373, 0.215686, 0.203922, 0.203922, 0.223529, 0.192157, 0.219608, 0.215686, 0.203922, 0.215686, 0.223529, 0.207843, 0.203922, 0.215686, 0.207843, 0.207843, 0.227451, 0.219608, 0.219608, 0.235294, 0.219608, 0.211765, 0.196078, 0.211765, 0.219608, 0.207843, 0.200000, 0.203922, 0.207843, 0.149020, 0.215686, 0.211765, 0.200000, 0.196078, 0.196078, 0.207843, 0.211765, 0.203922, 0.203922, 0.200000, 0.203922, 0.219608, 0.207843, 0.200000, 0.196078, 0.211765, 0.223529, 0.207843, 0.196078, 0.196078, 0.192157, 0.219608, 0.200000, 0.192157, 0.211765, 0.211765, 0.184314, 0.207843, 0.243137, 0.313726, 0.247059, 0.239216, 0.219608, 0.227451, 0.250980, 0.211765, 0.211765, 0.215686, 0.215686, 0.223529, 0.215686, 0.211765, 0.219608, 0.211765, 0.219608, 0.219608, 0.211765, 0.207843, 0.215686, 0.207843, 0.200000, 0.203922, 0.203922, 0.203922, 0.215686, 0.203922, 0.184314, 0.203922, 0.200000, 0.200000, 0.200000, 0.203922, 0.211765, 0.227451, 0.227451, 0.235294, 0.247059, 0.235294, 0.200000, 0.207843, 0.207843, 0.188235, 0.207843, 0.203922, 0.203922, 0.211765, 0.207843, 0.203922, 0.211765, 0.235294, 0.219608, 0.211765, 0.215686, 0.211765, 0.215686, 0.219608, 0.219608, 0.176471, 0.211765, 0.207843, 0.215686, 0.219608, 0.211765, 0.200000, 0.211765, 0.215686, 0.203922, 0.203922, 0.192157, 0.188235, 0.192157, 0.200000, 0.203922, 0.200000, 0.184314, 0.203922, 0.203922, 0.203922, 0.203922, 0.203922, 0.192157, 0.215686, 0.203922, 0.207843, 0.196078, 0.200000, 0.200000, 0.200000, 0.203922, 0.188235, 0.184314, 0.203922, 0.200000, 0.207843, 0.211765, 0.215686, 0.235294, 0.219608, 0.207843, 0.227451, 0.207843, 0.223529, 0.211765, 0.211765, 0.215686, 0.215686, 0.211765, 0.207843, 0.219608, 0.215686, 0.207843, 0.215686, 0.227451, 0.219608, 0.207843, 0.203922, 0.211765, 0.203922, 0.203922, 0.203922, 0.192157, 0.200000, 0.200000, 0.203922, 0.203922, 0.203922, 0.211765, 0.196078, 0.215686, 0.207843, 0.231373, 0.235294, 0.235294, 0.215686, 0.203922, 0.223529, 0.207843, 0.203922, 0.207843, 0.211765, 0.207843, 0.203922, 0.215686, 0.188235, 0.203922, 0.200000, 0.207843, 0.219608, 0.211765, 0.203922, 0.211765, 0.215686, 0.219608, 0.200000, 0.203922, 0.203922, 0.215686, 0.203922, 0.203922, 0.200000, 0.188235, 0.184314, 0.203922, 0.192157, 0.188235, 0.203922, 0.188235, 0.203922, 0.207843, 0.200000, 0.192157, 0.196078, 0.188235, 0.200000, 0.200000, 0.192157, 0.168627, 0.188235, 0.207843, 0.203922, 0.188235, 0.192157, 0.176471, 0.192157, 0.196078, 0.196078, 0.180392, 0.188235, 0.203922, 0.200000, 0.219608, 0.200000, 0.227451, 0.219608, 0.227451, 0.192157, 0.219608, 0.211765, 0.231373, 0.223529, 0.231373, 0.207843, 0.215686, 0.207843, 0.215686, 0.215686, 0.200000, 0.207843, 0.192157, 0.211765, 0.203922, 0.215686, 0.133333, 0.211765, 0.223529, 0.203922, 0.203922, 0.200000, 0.203922, 0.203922, 0.200000, 0.203922, 0.200000, 0.215686, 0.215686, 0.211765, 0.231373, 0.231373, 0.235294, 0.207843, 0.172549, 0.196078, 0.203922, 0.200000, 0.200000, 0.219608, 0.196078, 0.200000, 0.207843, 0.203922, 0.203922, 0.207843, 0.207843, 0.215686, 0.203922, 0.207843, 0.200000, 0.203922, 0.207843, 0.203922, 0.200000, 0.200000, 0.200000, 0.188235, 0.196078, 0.207843, 0.200000, 0.196078, 0.192157, 0.192157, 0.192157, 0.180392, 0.188235, 0.188235, 0.192157, 0.200000, 0.200000, 0.188235, 0.192157, 0.192157, 0.188235, 0.192157, 0.176471, 0.180392, 0.200000, 0.196078, 0.192157, 0.192157, 0.172549, 0.176471, 0.188235, 0.188235, 0.184314, 0.184314, 0.188235, 0.145098, 0.188235, 0.200000, 0.223529, 0.211765, 0.219608, 0.211765, 0.203922, 0.200000, 0.207843, 0.215686, 0.196078, 0.203922, 0.207843, 0.203922, 0.196078, 0.196078, 0.231373, 0.207843, 0.180392, 0.200000, 0.203922, 0.207843, 0.200000, 0.207843, 0.188235, 0.196078, 0.207843, 0.192157, 0.188235, 0.192157, 0.192157, 0.203922, 0.203922, 0.211765, 0.215686, 0.207843, 0.223529, 0.207843, 0.227451, 0.211765, 0.196078, 0.192157, 0.200000, 0.203922, 0.203922, 0.160784, 0.192157, 0.203922, 0.211765, 0.207843, 0.200000, 0.196078, 0.203922, 0.200000, 0.207843, 0.200000, 0.196078, 0.200000, 0.200000, 0.172549, 0.192157, 0.200000, 0.196078, 0.188235, 0.203922, 0.192157, 0.200000, 0.192157, 0.188235, 0.192157, 0.192157, 0.180392, 0.188235, 0.192157, 0.192157, 0.188235, 0.176471, 0.184314, 0.188235, 0.164706, 0.180392, 0.180392, 0.200000, 0.184314, 0.192157, 0.203922, 0.188235, 0.192157, 0.184314, 0.172549, 0.184314, 0.188235, 0.180392, 0.180392, 0.172549, 0.172549, 0.180392, 0.184314, 0.239216, 0.215686, 0.211765, 0.215686, 0.235294, 0.211765, 0.243137, 0.219608, 0.207843, 0.203922, 0.219608, 0.203922, 0.203922, 0.211765, 0.196078, 0.203922, 0.176471, 0.223529, 0.211765, 0.203922, 0.211765, 0.203922, 0.196078, 0.196078, 0.211765, 0.176471, 0.200000, 0.200000, 0.196078, 0.203922, 0.188235, 0.207843, 0.211765, 0.215686, 0.203922, 0.184314, 0.219608, 0.207843, 0.203922, 0.211765, 0.192157, 0.196078, 0.203922, 0.200000, 0.192157, 0.207843, 0.207843, 0.203922, 0.192157, 0.200000, 0.200000, 0.196078, 0.188235, 0.192157, 0.184314, 0.192157, 0.192157, 0.188235, 0.200000, 0.188235, 0.200000, 0.200000, 0.200000, 0.196078, 0.192157, 0.192157, 0.196078, 0.188235, 0.200000, 0.188235, 0.180392, 0.192157, 0.188235, 0.192157, 0.188235, 0.184314, 0.192157, 0.184314, 0.180392, 0.192157, 0.176471, 0.180392, 0.192157, 0.192157, 0.184314, 0.192157, 0.188235, 0.172549, 0.192157, 0.121569, 0.180392, 0.176471, 0.176471, 0.176471, 0.184314, 0.172549, 0.211765, 0.196078, 0.211765, 0.219608, 0.200000, 0.215686, 0.247059, 0.219608, 0.207843, 0.207843, 0.211765, 0.200000, 0.200000, 0.211765, 0.196078, 0.188235, 0.192157, 0.203922, 0.196078, 0.180392, 0.200000, 0.192157, 0.200000, 0.180392, 0.192157, 0.196078, 0.203922, 0.196078, 0.184314, 0.200000, 0.207843, 0.207843, 0.211765, 0.215686, 0.219608, 0.219608, 0.223529, 0.200000, 0.203922, 0.188235, 0.196078, 0.192157, 0.196078, 0.196078, 0.188235, 0.200000, 0.203922, 0.203922, 0.196078, 0.184314, 0.188235, 0.200000, 0.196078, 0.168627, 0.188235, 0.184314, 0.192157, 0.196078, 0.200000, 0.192157, 0.192157, 0.196078, 0.192157, 0.192157, 0.196078, 0.188235, 0.196078, 0.196078, 0.180392, 0.192157, 0.188235, 0.176471, 0.184314, 0.184314, 0.203922, 0.184314, 0.192157, 0.180392, 0.168627, 0.168627, 0.188235, 0.184314, 0.188235, 0.180392, 0.188235, 0.192157, 0.176471, 0.176471, 0.180392, 0.184314, 0.188235, 0.176471, 0.180392, 0.180392, 0.176471, 0.180392, 0.207843, 0.215686, 0.207843, 0.227451, 0.223529, 0.215686, 0.227451, 0.203922, 0.200000, 0.211765, 0.203922, 0.196078, 0.215686, 0.200000, 0.203922, 0.203922, 0.192157, 0.203922, 0.196078, 0.184314, 0.203922, 0.211765, 0.203922, 0.188235, 0.203922, 0.188235, 0.203922, 0.184314, 0.200000, 0.192157, 0.200000, 0.223529, 0.203922, 0.215686, 0.219608, 0.211765, 0.223529, 0.200000, 0.203922, 0.192157, 0.200000, 0.207843, 0.203922, 0.192157, 0.188235, 0.203922, 0.200000, 0.200000, 0.196078, 0.196078, 0.192157, 0.192157, 0.200000, 0.184314, 0.180392, 0.188235, 0.188235, 0.196078, 0.196078, 0.200000, 0.192157, 0.196078, 0.152941, 0.188235, 0.188235, 0.188235, 0.176471, 0.180392, 0.188235, 0.184314, 0.184314, 0.200000, 0.180392, 0.188235, 0.188235, 0.180392, 0.180392, 0.188235, 0.180392, 0.180392, 0.188235, 0.192157, 0.188235, 0.188235, 0.184314, 0.188235, 0.184314, 0.172549, 0.168627, 0.180392, 0.172549, 0.184314, 0.184314, 0.184314, 0.172549, 0.176471, 0.192157, 0.227451, 0.227451, 0.223529, 0.203922, 0.203922, 0.200000, 0.203922, 0.207843, 0.200000, 0.196078, 0.168627, 0.172549, 0.200000, 0.145098, 0.192157, 0.192157, 0.192157, 0.192157, 0.196078, 0.188235, 0.192157, 0.192157, 0.180392, 0.207843, 0.176471, 0.192157, 0.196078, 0.203922, 0.200000, 0.203922, 0.196078, 0.203922, 0.203922, 0.203922, 0.203922, 0.207843, 0.184314, 0.203922, 0.200000, 0.192157, 0.200000, 0.203922, 0.192157, 0.133333, 0.200000, 0.196078, 0.196078, 0.180392, 0.196078, 0.200000, 0.192157, 0.180392, 0.180392, 0.188235, 0.211765, 0.192157, 0.196078, 0.192157, 0.196078, 0.196078, 0.196078, 0.188235, 0.192157, 0.188235, 0.180392, 0.188235, 0.192157, 0.188235, 0.180392, 0.184314, 0.180392, 0.184314, 0.180392, 0.184314, 0.188235, 0.184314, 0.180392, 0.180392, 0.180392, 0.203922, 0.172549, 0.168627, 0.207843, 0.176471, 0.176471, 0.172549, 0.160784, 0.164706, 0.168627, 0.168627, 0.176471, 0.176471, 0.160784, 0.172549, 0.172549, 0.219608, 0.211765, 0.211765, 0.231373, 0.211765, 0.207843, 0.192157, 0.188235, 0.203922, 0.188235, 0.200000, 0.203922, 0.215686, 0.200000, 0.172549, 0.180392, 0.192157, 0.192157, 0.192157, 0.200000, 0.192157, 0.196078, 0.200000, 0.200000, 0.192157, 0.168627, 0.192157, 0.196078, 0.188235, 0.196078, 0.223529, 0.207843, 0.211765, 0.207843, 0.203922, 0.207843, 0.211765, 0.211765, 0.196078, 0.184314, 0.176471, 0.184314, 0.203922, 0.192157, 0.192157, 0.192157, 0.203922, 0.192157, 0.200000, 0.196078, 0.192157, 0.192157, 0.184314, 0.184314, 0.196078, 0.188235, 0.192157, 0.192157, 0.192157, 0.200000, 0.196078, 0.188235, 0.196078, 0.176471, 0.180392, 0.188235, 0.180392, 0.192157, 0.192157, 0.180392, 0.172549, 0.184314, 0.180392, 0.188235, 0.180392, 0.180392, 0.180392, 0.196078, 0.176471, 0.176471, 0.168627, 0.172549, 0.180392, 0.168627, 0.180392, 0.176471, 0.172549, 0.156863, 0.156863, 0.168627, 0.172549, 0.172549, 0.168627, 0.176471, 0.172549, 0.176471, 0.196078, 0.192157, 0.215686, 0.200000, 0.203922, 0.203922, 0.188235, 0.196078, 0.192157, 0.176471, 0.203922, 0.200000, 0.227451, 0.184314, 0.188235, 0.192157, 0.176471, 0.164706, 0.203922, 0.192157, 0.192157, 0.207843, 0.192157, 0.196078, 0.192157, 0.196078, 0.196078, 0.188235, 0.203922, 0.196078, 0.203922, 0.203922, 0.215686, 0.211765, 0.203922, 0.203922, 0.203922, 0.192157, 0.196078, 0.184314, 0.192157, 0.192157, 0.196078, 0.172549, 0.180392, 0.172549, 0.200000, 0.192157, 0.192157, 0.188235, 0.184314, 0.192157, 0.196078, 0.196078, 0.188235, 0.180392, 0.192157, 0.188235, 0.180392, 0.192157, 0.192157, 0.196078, 0.192157, 0.180392, 0.188235, 0.184314, 0.188235, 0.196078, 0.192157, 0.184314, 0.172549, 0.172549, 0.172549, 0.172549, 0.184314, 0.172549, 0.184314, 0.176471, 0.172549, 0.168627, 0.176471, 0.160784, 0.176471, 0.176471, 0.176471, 0.180392, 0.176471, 0.164706, 0.168627, 0.168627, 0.168627, 0.176471, 0.168627, 0.180392, 0.168627, 0.164706, 0.223529, 0.211765, 0.160784, 0.203922, 0.203922, 0.200000, 0.196078, 0.192157, 0.211765, 0.262745, 0.215686, 0.192157, 0.200000, 0.200000, 0.192157, 0.184314, 0.184314, 0.188235, 0.184314, 0.188235, 0.196078, 0.196078, 0.188235, 0.192157, 0.192157, 0.207843, 0.184314, 0.203922, 0.180392, 0.203922, 0.196078, 0.196078, 0.211765, 0.203922, 0.200000, 0.196078, 0.184314, 0.192157, 0.180392, 0.203922, 0.168627, 0.188235, 0.188235, 0.176471, 0.196078, 0.192157, 0.184314, 0.203922, 0.203922, 0.196078, 0.184314, 0.188235, 0.192157, 0.192157, 0.188235, 0.188235, 0.180392, 0.184314, 0.180392, 0.192157, 0.184314, 0.184314, 0.192157, 0.172549, 0.180392, 0.180392, 0.192157, 0.180392, 0.184314, 0.180392, 0.180392, 0.168627, 0.172549, 0.180392, 0.172549, 0.188235, 0.196078, 0.180392, 0.180392, 0.180392, 0.168627, 0.172549, 0.172549, 0.168627, 0.168627, 0.160784, 0.176471, 0.168627, 0.164706, 0.168627, 0.164706, 0.168627, 0.160784, 0.176471, 0.172549, 0.160784, 0.227451, 0.211765, 0.223529, 0.215686, 0.188235, 0.203922, 0.192157, 0.188235, 0.184314, 0.192157, 0.200000, 0.180392, 0.192157, 0.188235, 0.192157, 0.192157, 0.196078, 0.192157, 0.184314, 0.192157, 0.176471, 0.200000, 0.196078, 0.149020, 0.203922, 0.200000, 0.180392, 0.192157, 0.192157, 0.200000, 0.192157, 0.211765, 0.203922, 0.203922, 0.203922, 0.203922, 0.200000, 0.180392, 0.176471, 0.188235, 0.192157, 0.180392, 0.192157, 0.188235, 0.176471, 0.180392, 0.196078, 0.196078, 0.200000, 0.196078, 0.180392, 0.188235, 0.176471, 0.192157, 0.192157, 0.200000, 0.188235, 0.188235, 0.192157, 0.192157, 0.180392, 0.180392, 0.184314, 0.180392, 0.184314, 0.180392, 0.168627, 0.184314, 0.176471, 0.176471, 0.184314, 0.180392, 0.176471, 0.176471, 0.176471, 0.180392, 0.176471, 0.172549, 0.176471, 0.184314, 0.172549, 0.168627, 0.172549, 0.168627, 0.180392, 0.172549, 0.168627, 0.168627, 0.164706, 0.160784, 0.168627, 0.164706, 0.168627, 0.168627, 0.172549, 0.172549, 0.203922, 0.203922, 0.211765, 0.203922, 0.196078, 0.207843, 0.215686, 0.203922, 0.215686, 0.192157, 0.200000, 0.192157, 0.196078, 0.184314, 0.188235, 0.203922, 0.184314, 0.188235, 0.192157, 0.192157, 0.196078, 0.200000, 0.223529, 0.160784, 0.196078, 0.200000, 0.192157, 0.196078, 0.196078, 0.200000, 0.196078, 0.192157, 0.200000, 0.184314, 0.200000, 0.196078, 0.192157, 0.207843, 0.207843, 0.188235, 0.184314, 0.192157, 0.192157, 0.192157, 0.172549, 0.196078, 0.192157, 0.203922, 0.196078, 0.184314, 0.192157, 0.180392, 0.188235, 0.192157, 0.192157, 0.180392, 0.192157, 0.192157, 0.192157, 0.192157, 0.184314, 0.188235, 0.172549, 0.184314, 0.180392, 0.184314, 0.192157, 0.176471, 0.184314, 0.188235, 0.180392, 0.176471, 0.172549, 0.168627, 0.176471, 0.168627, 0.180392, 0.180392, 0.168627, 0.168627, 0.180392, 0.168627, 0.164706, 0.172549, 0.172549, 0.180392, 0.172549, 0.172549, 0.156863, 0.141176, 0.168627, 0.168627, 0.168627, 0.156863, 0.156863, 0.164706, 0.188235, 0.203922, 0.200000, 0.192157, 0.203922, 0.188235, 0.172549, 0.188235, 0.192157, 0.203922, 0.196078, 0.188235, 0.192157, 0.184314, 0.192157, 0.196078, 0.184314, 0.156863, 0.196078, 0.196078, 0.192157, 0.196078, 0.192157, 0.188235, 0.168627, 0.200000, 0.192157, 0.196078, 0.200000, 0.196078, 0.200000, 0.200000, 0.203922, 0.203922, 0.184314, 0.180392, 0.184314, 0.192157, 0.192157, 0.188235, 0.192157, 0.188235, 0.180392, 0.172549, 0.184314, 0.180392, 0.192157, 0.207843, 0.176471, 0.192157, 0.196078, 0.180392, 0.168627, 0.180392, 0.188235, 0.188235, 0.184314, 0.192157, 0.192157, 0.192157, 0.192157, 0.188235, 0.184314, 0.176471, 0.180392, 0.180392, 0.184314, 0.188235, 0.176471, 0.176471, 0.176471, 0.180392, 0.176471, 0.176471, 0.168627, 0.172549, 0.172549, 0.180392, 0.176471, 0.176471, 0.180392, 0.180392, 0.176471, 0.168627, 0.168627, 0.168627, 0.168627, 0.160784, 0.164706, 0.168627, 0.168627, 0.168627, 0.160784, 0.156863, 0.156863, 0.168627, 0.227451, 0.207843, 0.203922, 0.223529, 0.200000, 0.188235, 0.211765, 0.203922, 0.203922, 0.200000, 0.203922, 0.188235, 0.196078, 0.196078, 0.203922, 0.188235, 0.239216, 0.192157, 0.176471, 0.196078, 0.200000, 0.192157, 0.211765, 0.188235, 0.188235, 0.200000, 0.192157, 0.207843, 0.184314, 0.196078, 0.200000, 0.203922, 0.227451, 0.200000, 0.188235, 0.196078, 0.196078, 0.188235, 0.176471, 0.184314, 0.192157, 0.188235, 0.188235, 0.168627, 0.180392, 0.184314, 0.188235, 0.192157, 0.192157, 0.184314, 0.211765, 0.192157, 0.184314, 0.184314, 0.188235, 0.184314, 0.184314, 0.192157, 0.192157, 0.188235, 0.176471, 0.180392, 0.180392, 0.176471, 0.180392, 0.172549, 0.184314, 0.184314, 0.188235, 0.176471, 0.172549, 0.180392, 0.168627, 0.168627, 0.176471, 0.176471, 0.168627, 0.176471, 0.168627, 0.168627, 0.168627, 0.168627, 0.176471, 0.168627, 0.164706, 0.164706, 0.176471, 0.168627, 0.160784, 0.168627, 0.172549, 0.156863, 0.145098, 0.156863, 0.160784, 0.156863, 0.223529, 0.215686, 0.219608, 0.231373, 0.211765, 0.180392, 0.203922, 0.203922, 0.203922, 0.203922, 0.188235, 0.211765, 0.196078, 0.200000, 0.196078, 0.192157, 0.192157, 0.192157, 0.188235, 0.207843, 0.192157, 0.184314, 0.192157, 0.188235, 0.188235, 0.180392, 0.211765, 0.207843, 0.203922, 0.192157, 0.200000, 0.262745, 0.207843, 0.200000, 0.192157, 0.196078, 0.192157, 0.192157, 0.203922, 0.184314, 0.196078, 0.196078, 0.188235, 0.192157, 0.184314, 0.192157, 0.192157, 0.196078, 0.188235, 0.184314, 0.188235, 0.192157, 0.188235, 0.172549, 0.188235, 0.188235, 0.160784, 0.172549, 0.192157, 0.172549, 0.176471, 0.196078, 0.184314, 0.184314, 0.180392, 0.184314, 0.184314, 0.200000, 0.184314, 0.176471, 0.180392, 0.172549, 0.184314, 0.180392, 0.168627, 0.180392, 0.180392, 0.172549, 0.172549, 0.168627, 0.168627, 0.172549, 0.156863, 0.164706, 0.164706, 0.168627, 0.168627, 0.164706, 0.164706, 0.156863, 0.156863, 0.156863, 0.164706, 0.164706, 0.156863, 0.156863, 0.243137, 0.176471, 0.231373, 0.211765, 0.215686, 0.211765, 0.219608, 0.207843, 0.203922, 0.203922, 0.203922, 0.200000, 0.203922, 0.200000, 0.200000, 0.200000, 0.200000, 0.172549, 0.192157, 0.196078, 0.196078, 0.196078, 0.196078, 0.184314, 0.184314, 0.192157, 0.200000, 0.172549, 0.203922, 0.207843, 0.180392, 0.192157, 0.192157, 0.184314, 0.200000, 0.180392, 0.188235, 0.176471, 0.184314, 0.200000, 0.192157, 0.196078, 0.188235, 0.180392, 0.176471, 0.184314, 0.180392, 0.188235, 0.184314, 0.180392, 0.180392, 0.188235, 0.184314, 0.180392, 0.184314, 0.188235, 0.188235, 0.196078, 0.180392, 0.180392, 0.176471, 0.180392, 0.180392, 0.172549, 0.176471, 0.180392, 0.184314, 0.176471, 0.172549, 0.176471, 0.176471, 0.176471, 0.168627, 0.176471, 0.168627, 0.172549, 0.176471, 0.176471, 0.172549, 0.168627, 0.168627, 0.168627, 0.164706, 0.172549, 0.168627, 0.168627, 0.172549, 0.156863, 0.168627, 0.176471, 0.164706, 0.176471, 0.168627, 0.160784, 0.141176, 0.168627, 0.223529, 0.235294, 0.219608, 0.215686, 0.203922, 0.219608, 0.219608, 0.207843, 0.215686, 0.188235, 0.184314, 0.200000, 0.200000, 0.203922, 0.196078, 0.188235, 0.192157, 0.200000, 0.207843, 0.203922, 0.180392, 0.192157, 0.215686, 0.192157, 0.184314, 0.188235, 0.196078, 0.200000, 0.196078, 0.196078, 0.200000, 0.203922, 0.192157, 0.184314, 0.188235, 0.172549, 0.180392, 0.184314, 0.192157, 0.196078, 0.192157, 0.207843, 0.184314, 0.172549, 0.192157, 0.172549, 0.188235, 0.180392, 0.184314, 0.180392, 0.180392, 0.184314, 0.188235, 0.188235, 0.184314, 0.184314, 0.192157, 0.164706, 0.176471, 0.176471, 0.184314, 0.184314, 0.172549, 0.184314, 0.180392, 0.180392, 0.172549, 0.172549, 0.168627, 0.176471, 0.184314, 0.168627, 0.168627, 0.168627, 0.176471, 0.168627, 0.172549, 0.176471, 0.168627, 0.176471, 0.168627, 0.164706, 0.164706, 0.160784, 0.168627, 0.172549, 0.164706, 0.164706, 0.172549, 0.164706, 0.168627, 0.160784, 0.156863, 0.160784, 0.164706, 0.172549, 0.231373, 0.227451, 0.223529, 0.235294, 0.200000, 0.223529, 0.227451, 0.192157, 0.203922, 0.203922, 0.207843, 0.219608, 0.196078, 0.235294, 0.203922, 0.196078, 0.180392, 0.196078, 0.200000, 0.192157, 0.188235, 0.200000, 0.192157, 0.192157, 0.211765, 0.196078, 0.200000, 0.203922, 0.192157, 0.188235, 0.184314, 0.192157, 0.188235, 0.207843, 0.188235, 0.196078, 0.196078, 0.184314, 0.192157, 0.188235, 0.184314, 0.172549, 0.168627, 0.196078, 0.184314, 0.168627, 0.184314, 0.196078, 0.184314, 0.180392, 0.176471, 0.180392, 0.176471, 0.184314, 0.180392, 0.180392, 0.188235, 0.180392, 0.172549, 0.188235, 0.184314, 0.176471, 0.172549, 0.172549, 0.172549, 0.184314, 0.184314, 0.172549, 0.172549, 0.164706, 0.172549, 0.172549, 0.176471, 0.168627, 0.168627, 0.176471, 0.168627, 0.168627, 0.168627, 0.176471, 0.172549, 0.168627, 0.168627, 0.156863, 0.160784, 0.168627, 0.164706, 0.168627, 0.160784, 0.145098, 0.164706, 0.160784, 0.160784, 0.160784, 0.160784, 0.160784, 0.215686, 0.196078, 0.215686, 0.227451, 0.223529, 0.207843, 0.215686, 0.215686, 0.211765, 0.203922, 0.211765, 0.207843, 0.203922, 0.192157, 0.203922, 0.156863, 0.203922, 0.188235, 0.200000, 0.200000, 0.192157, 0.192157, 0.207843, 0.196078, 0.192157, 0.200000, 0.192157, 0.192157, 0.188235, 0.192157, 0.188235, 0.203922, 0.184314, 0.192157, 0.184314, 0.180392, 0.192157, 0.188235, 0.184314, 0.176471, 0.188235, 0.180392, 0.184314, 0.184314, 0.188235, 0.176471, 0.168627, 0.184314, 0.188235, 0.184314, 0.176471, 0.184314, 0.180392, 0.184314, 0.184314, 0.176471, 0.149020, 0.184314, 0.184314, 0.176471, 0.180392, 0.176471, 0.176471, 0.176471, 0.172549, 0.164706, 0.176471, 0.180392, 0.172549, 0.176471, 0.168627, 0.172549, 0.184314, 0.160784, 0.168627, 0.172549, 0.176471, 0.172549, 0.172549, 0.176471, 0.168627, 0.168627, 0.156863, 0.168627, 0.168627, 0.152941, 0.164706, 0.160784, 0.156863, 0.164706, 0.164706, 0.152941, 0.164706, 0.160784, 0.156863, 0.149020, 0.262745, 0.227451, 0.215686, 0.207843, 0.211765, 0.235294, 0.227451, 0.211765, 0.203922, 0.207843, 0.211765, 0.203922, 0.203922, 0.207843, 0.196078, 0.180392, 0.239216, 0.215686, 0.200000, 0.192157, 0.192157, 0.200000, 0.184314, 0.188235, 0.200000, 0.180392, 0.192157, 0.188235, 0.188235, 0.176471, 0.156863, 0.184314, 0.145098, 0.188235, 0.188235, 0.180392, 0.192157, 0.180392, 0.180392, 0.180392, 0.176471, 0.180392, 0.172549, 0.180392, 0.184314, 0.184314, 0.192157, 0.180392, 0.180392, 0.180392, 0.180392, 0.180392, 0.180392, 0.180392, 0.188235, 0.192157, 0.184314, 0.184314, 0.188235, 0.176471, 0.188235, 0.172549, 0.176471, 0.176471, 0.180392, 0.164706, 0.180392, 0.168627, 0.172549, 0.168627, 0.176471, 0.164706, 0.164706, 0.164706, 0.172549, 0.160784, 0.160784, 0.160784, 0.160784, 0.168627, 0.168627, 0.160784, 0.156863, 0.168627, 0.160784, 0.152941, 0.160784, 0.168627, 0.160784, 0.156863, 0.145098, 0.156863, 0.156863, 0.160784, 0.156863, 0.168627, 0.231373, 0.227451, 0.223529, 0.219608, 0.227451, 0.207843, 0.211765, 0.200000, 0.203922, 0.215686, 0.207843, 0.200000, 0.200000, 0.196078, 0.192157, 0.200000, 0.200000, 0.196078, 0.180392, 0.180392, 0.188235, 0.207843, 0.192157, 0.203922, 0.192157, 0.168627, 0.196078, 0.192157, 0.196078, 0.184314, 0.176471, 0.180392, 0.184314, 0.184314, 0.192157, 0.180392, 0.180392, 0.192157, 0.172549, 0.180392, 0.160784, 0.188235, 0.180392, 0.184314, 0.168627, 0.176471, 0.188235, 0.180392, 0.192157, 0.192157, 0.180392, 0.188235, 0.188235, 0.184314, 0.184314, 0.192157, 0.180392, 0.180392, 0.168627, 0.180392, 0.180392, 0.176471, 0.172549, 0.168627, 0.172549, 0.180392, 0.168627, 0.176471, 0.188235, 0.180392, 0.172549, 0.164706, 0.160784, 0.141176, 0.168627, 0.160784, 0.164706, 0.129412, 0.160784, 0.156863, 0.168627, 0.168627, 0.164706, 0.156863, 0.160784, 0.152941, 0.164706, 0.164706, 0.168627, 0.164706, 0.164706, 0.149020, 0.152941, 0.145098, 0.152941, 0.156863, 0.223529, 0.227451, 0.219608, 0.227451, 0.215686, 0.219608, 0.231373, 0.207843, 0.239216, 0.203922, 0.203922, 0.203922, 0.203922, 0.207843, 0.203922, 0.203922, 0.203922, 0.200000, 0.192157, 0.192157, 0.227451, 0.203922, 0.203922, 0.184314, 0.211765, 0.219608, 0.203922, 0.192157, 0.196078, 0.192157, 0.184314, 0.184314, 0.192157, 0.180392, 0.196078, 0.188235, 0.164706, 0.196078, 0.168627, 0.164706, 0.203922, 0.180392, 0.172549, 0.180392, 0.192157, 0.180392, 0.184314, 0.184314, 0.184314, 0.188235, 0.180392, 0.172549, 0.176471, 0.180392, 0.188235, 0.168627, 0.184314, 0.184314, 0.180392, 0.184314, 0.196078, 0.168627, 0.176471, 0.168627, 0.180392, 0.172549, 0.188235, 0.180392, 0.168627, 0.176471, 0.172549, 0.172549, 0.168627, 0.172549, 0.172549, 0.160784, 0.172549, 0.164706, 0.164706, 0.180392, 0.168627, 0.164706, 0.156863, 0.164706, 0.160784, 0.152941, 0.152941, 0.149020, 0.172549, 0.156863, 0.160784, 0.137255, 0.149020, 0.149020, 0.145098, 0.149020, 0.215686, 0.231373, 0.227451, 0.219608, 0.227451, 0.211765, 0.192157, 0.211765, 0.211765, 0.203922, 0.203922, 0.196078, 0.207843, 0.200000, 0.196078, 0.207843, 0.200000, 0.200000, 0.203922, 0.200000, 0.196078, 0.192157, 0.196078, 0.207843, 0.200000, 0.196078, 0.203922, 0.184314, 0.192157, 0.188235, 0.188235, 0.180392, 0.180392, 0.184314, 0.168627, 0.188235, 0.180392, 0.172549, 0.188235, 0.176471, 0.188235, 0.188235, 0.176471, 0.176471, 0.176471, 0.188235, 0.176471, 0.180392, 0.188235, 0.188235, 0.180392, 0.180392, 0.176471, 0.188235, 0.168627, 0.180392, 0.176471, 0.180392, 0.168627, 0.180392, 0.172549, 0.184314, 0.180392, 0.180392, 0.176471, 0.176471, 0.180392, 0.168627, 0.164706, 0.180392, 0.172549, 0.172549, 0.184314, 0.168627, 0.172549, 0.168627, 0.164706, 0.164706, 0.164706, 0.164706, 0.164706, 0.160784, 0.149020, 0.164706, 0.160784, 0.152941, 0.156863, 0.164706, 0.160784, 0.149020, 0.156863, 0.156863, 0.160784, 0.168627, 0.156863, 0.152941, 0.227451, 0.235294, 0.219608, 0.215686, 0.215686, 0.211765, 0.215686, 0.207843, 0.203922, 0.207843, 0.196078, 0.192157, 0.196078, 0.200000, 0.196078, 0.188235, 0.176471, 0.203922, 0.192157, 0.184314, 0.192157, 0.180392, 0.184314, 0.156863, 0.196078, 0.192157, 0.188235, 0.200000, 0.180392, 0.188235, 0.196078, 0.184314, 0.172549, 0.180392, 0.180392, 0.164706, 0.203922, 0.176471, 0.184314, 0.184314, 0.192157, 0.184314, 0.176471, 0.180392, 0.180392, 0.168627, 0.176471, 0.184314, 0.176471, 0.180392, 0.184314, 0.196078, 0.176471, 0.192157, 0.188235, 0.156863, 0.176471, 0.172549, 0.176471, 0.168627, 0.172549, 0.168627, 0.184314, 0.192157, 0.172549, 0.168627, 0.172549, 0.164706, 0.172549, 0.176471, 0.164706, 0.160784, 0.160784, 0.184314, 0.156863, 0.168627, 0.160784, 0.164706, 0.164706, 0.160784, 0.168627, 0.156863, 0.164706, 0.156863, 0.152941, 0.152941, 0.152941, 0.156863, 0.172549, 0.164706, 0.152941, 0.172549, 0.152941, 0.149020, 0.152941, 0.160784, 0.227451, 0.227451, 0.231373, 0.215686, 0.215686, 0.215686, 0.211765, 0.219608, 0.207843, 0.211765, 0.258824, 0.203922, 0.196078, 0.203922, 0.200000, 0.203922, 0.215686, 0.188235, 0.196078, 0.200000, 0.196078, 0.192157, 0.192157, 0.192157, 0.180392, 0.192157, 0.196078, 0.164706, 0.203922, 0.180392, 0.180392, 0.192157, 0.196078, 0.176471, 0.180392, 0.172549, 0.180392, 0.172549, 0.172549, 0.176471, 0.192157, 0.180392, 0.192157, 0.180392, 0.184314, 0.176471, 0.180392, 0.180392, 0.184314, 0.180392, 0.180392, 0.180392, 0.184314, 0.180392, 0.176471, 0.172549, 0.176471, 0.180392, 0.176471, 0.172549, 0.176471, 0.180392, 0.172549, 0.137255, 0.176471, 0.172549, 0.172549, 0.168627, 0.168627, 0.180392, 0.164706, 0.168627, 0.168627, 0.168627, 0.168627, 0.168627, 0.168627, 0.164706, 0.160784, 0.168627, 0.160784, 0.164706, 0.168627, 0.156863, 0.152941, 0.164706, 0.152941, 0.149020, 0.164706, 0.156863, 0.156863, 0.156863, 0.156863, 0.152941, 0.149020, 0.145098, 
[0;32mI (32101) cam_hal: Buffer cleaned for frame position 1[0m
[0;31mE (32481) task_wdt: Task watchdog got triggered. The following tasks/users did not reset the watchdog in time:[0m
[0;31mE (32481) task_wdt:  - IDLE0 (CPU 0)[0m
[0;31mE (32481) task_wdt: Tasks currently running:[0m
[0;31mE (32481) task_wdt: CPU 0: tf_main[0m
[0;31mE (32481) task_wdt: CPU 1: IDLE1[0m
[0;31mE (32481) task_wdt: Print CPU 0 (current core) backtrace[0m


Backtrace: 0x400EFFB0:0x3FFB11B0 0x40084595:0x3FFB11E0 0x400E397F:0x3FFB6A10 0x400DBBB1:0x3FFB6B00 0x400D92FE:0x3FFB7050 0x400D8FDA:0x3FFB7080 0x400D85BA:0x3FFB70A0 0x400D7FFA:0x3FFB70E0

Input type: FLOAT32
Output type: FLOAT32
Detected sign: rock
abierta: 0.007812, apuntar: 0.003906, cero: 0.023438, chill: 0.121094, perro: 0.000000, rock: 0.839844
