ets Jun  8 2016 00:22:57

rst:0x1 (POWERON_RESET),boot:0x13 (SPI_FAST_FLASH_BOOT)
configsip: 0, SPIWP:0xee
clk_drv:0x00,q_drv:0x00,d_drv:0x00,cs0_drv:0x00,hd_drv:0x00,wp_drv:0x00
mode:DIO, clock div:1
load:0x3fff0030,len:6592
load:0x40078000,len:16676
ho 0 tail 12 room 4
load:0x40080400,len:4
load:0x40080404,len:4272
entry 0x40080658
[0;32mI (30) boot: ESP-IDF v5.4-dev-3602-ga97a7b0962-dirty 2nd stage bootloader[0m
[0;32mI (30) boot: compile time Oct 26 2024 20:39:10[0m
[0;32mI (30) boot: Multicore bootloader[0m
[0;32mI (34) boot: chip revision: v1.0[0m
[0;32mI (37) qio_mode: Enabling default flash chip QIO[0m
[0;32mI (41) boot.esp32: SPI Speed      : 80MHz[0m
[0;32mI (45) boot.esp32: SPI Mode       : QIO[0m
[0;32mI (48) boot.esp32: SPI Flash Size : 4MB[0m
[0;32mI (52) boot: Enabling RNG early entropy source...[0m
[0;32mI (56) boot: Partition Table:[0m
[0;32mI (59) boot: ## Label            Usage          Type ST Offset   Length[0m
[0;32mI (65) boot:  0 nvs              WiFi data        01 02 00009000 00006000[0m
[0;32mI (72) boot:  1 phy_init         RF data          01 01 0000f000 00001000[0m
[0;32mI (78) boot:  2 factory          factory app      00 00 00010000 00300000[0m
[0;32mI (85) boot: End of partition table[0m
[0;32mI (88) esp_image: segment 0: paddr=00010020 vaddr=3f400020 size=1b30f0h (1782000) map[0m
[0;32mI (550) esp_image: segment 1: paddr=001c3118 vaddr=3ff80000 size=00018h (    24) load[0m
[0;32mI (551) esp_image: segment 2: paddr=001c3138 vaddr=3ffb0000 size=03514h ( 13588) load[0m
[0;32mI (558) esp_image: segment 3: paddr=001c6654 vaddr=40080000 size=099c4h ( 39364) load[0m
[0;32mI (574) esp_image: segment 4: paddr=001d0020 vaddr=400d0020 size=2f250h (193104) map[0m
[0;32mI (623) esp_image: segment 5: paddr=001ff278 vaddr=400899c4 size=06d24h ( 27940) load[0m
[0;32mI (640) boot: Loaded app from partition at offset 0x10000[0m
[0;32mI (640) boot: Disabling RNG early entropy source...[0m
[0;32mI (650) quad_psram: This chip is ESP32-D0WD[0m
[0;32mI (650) esp_psram: Found 8MB PSRAM device[0m
[0;32mI (651) esp_psram: Speed: 80MHz[0m
[0;32mI (654) esp_psram: PSRAM initialized, cache is in low/high (2-core) mode.[0m
[0;33mW (662) esp_psram: Virtual address not enough for PSRAM, map as much as we can. 4MB is mapped[0m
[0;32mI (671) cpu_start: Multicore app[0m
[0;32mI (1138) esp_psram: SPI SRAM memory test OK[0m
[0;32mI (1147) cpu_start: Pro cpu start user code[0m
[0;32mI (1147) cpu_start: cpu freq: 240000000 Hz[0m
[0;32mI (1147) app_init: Application information:[0m
[0;32mI (1150) app_init: Project name:     person_detection[0m
[0;32mI (1156) app_init: App version:      4c474cc-dirty[0m
[0;32mI (1162) app_init: Compile time:     Oct 28 2024 20:10:37[0m
[0;32mI (1168) app_init: ELF file SHA256:  3ecd3c289...[0m
[0;32mI (1173) app_init: ESP-IDF:          v5.4-dev-3602-ga97a7b0962-dirty[0m
[0;32mI (1180) efuse_init: Min chip rev:     v0.0[0m
[0;32mI (1185) efuse_init: Max chip rev:     v3.99 [0m
[0;32mI (1190) efuse_init: Chip rev:         v1.0[0m
[0;32mI (1195) heap_init: Initializing. RAM available for dynamic allocation:[0m
[0;32mI (1202) heap_init: At 3FFAE6E0 len 00001920 (6 KiB): DRAM[0m
[0;32mI (1208) heap_init: At 3FFB41B0 len 0002BE50 (175 KiB): DRAM[0m
[0;32mI (1215) heap_init: At 3FFE0440 len 00003AE0 (14 KiB): D/IRAM[0m
[0;32mI (1221) heap_init: At 3FFE4350 len 0001BCB0 (111 KiB): D/IRAM[0m
[0;32mI (1228) heap_init: At 400906E8 len 0000F918 (62 KiB): IRAM[0m
[0;32mI (1234) esp_psram: Adding pool of 4096K of PSRAM memory to heap allocator[0m
[0;32mI (1242) spi_flash: detected chip: generic[0m
[0;32mI (1246) spi_flash: flash io: qio[0m
[0;33mW (1250) i2c: This driver is an old driver, please migrate your application code to adapt `driver/i2c_master.h`[0m
[0;32mI (1261) main_task: Started on CPU0[0m
[0;32mI (1271) main_task: Calling app_main()[0m
Total heap size: 4509440
Free heap size: 4486564
Total PSRAM size: 8388608
Free PSRAM size: 4191548
Free heap size after allocation: 4306336
Free PSRAM size after allocation: 4011320
[0;32mI (1281) gpio: GPIO[25]| InputEn: 1| OutputEn: 0| OpenDrain: 0| Pullup: 1| Pulldown: 0| Intr:2 [0m
[0;32mI (1291) cam_hal: cam init ok[0m
[0;32mI (1291) sccb: pin_sda 26 pin_scl 27[0m
[0;32mI (1301) sccb: sccb_i2c_port=1[0m
[0;32mI (1301) gpio: GPIO[32]| InputEn: 0| OutputEn: 1| OpenDrain: 0| Pullup: 0| Pulldown: 0| Intr:0 [0m
[0;32mI (1341) camera: Detected camera at address=0x30[0m
[0;32mI (1341) camera: Detected OV2640 camera[0m
[0;32mI (1341) camera: Camera PID=0x26 VER=0x42 MIDL=0x7f MIDH=0xa2[0m
[0;32mI (1411) esp32 ll_cam: node_size: 3072, nodes_per_line: 1, lines_per_node: 4, dma_half_buffer_min:  3072, dma_half_buffer: 12288,lines_per_half_buffer: 16, dma_buffer_size: 24576, image_size: 18432[0m
[0;32mI (1421) cam_hal: buffer_size: 24576, half_buffer_size: 12288, node_buffer_size: 3072, node_cnt: 8, total_cnt: 1[0m
[0;32mI (1431) cam_hal: Allocating 9216 Byte frame buffer in PSRAM[0m
[0;32mI (1441) cam_hal: Allocating 9216 Byte frame buffer in PSRAM[0m
[0;32mI (1441) cam_hal: cam config ok[0m
[0;32mI (1451) ov2640: Set PLL: clk_2x: 0, clk_div: 3, pclk_auto: 1, pclk_div: 8[0m
Modificando los sensores...
PID: 0x26
Camera Initialized

[0;32mI (1691) cam_hal: Buffer cleared for frame position 0[0m
[0;32mI (1701) cam_hal: Frame 0 captured with new buffer.[0m
[0;32mI (1801) cam_hal: Buffer cleared for frame position 1[0m

0.203922, 0.203922, 0.215686, 0.227451, 0.215686, 0.227451, 0.227451, 0.219608, 0.227451, 0.247059, 0.247059, 0.235294, 0.247059, [0;32mI (1811) cam_hal: Frame 1 captured with new buffer.[0m
0.235294, 0.254902, 0.235294, 0.250980, 0.266667, 0.294118, 0.274510, 0.266667, 0.282353, 0.290196, 0.262745, 0.286275, 0.250980, 0.266667, 0.243137, 0.254902, 0.227451, 0.219608, 0.227451, 0.235294, 0.227451, 0.231373, 0.231373, 0.247059, 0.223529, 0.247059, 0.247059, 0.239216, 0.239216, 0.227451, 0.211765, 0.219608, 0.231373, 0.223529, 0.211765, 0.219608, 0.219608, 0.231373, 0.223529, 0.231373, 0.215686, 0.227451, 0.203922, 0.231373, 0.219608, 0.207843, 0.219608, 0.223529, 0.203922, 0.211765, 0.203922, 0.203922, 0.192157, 0.200000, 0.203922, 0.196078, 0.184314, 0.180392, 0.180392, 0.156863, 0.156863, 0.176471, 0.176471, 0.176471, 0.156863, 0.172549, 0.172549, 0.180392, 0.152941, 0.192157, 0.172549, 0.180392, 0.172549, 0.168627, 0.164706, 0.176471, 0.188235, 0.168627, 0.180392, 0.176471, 0.192157, 0.180392, 0.172549, 0.207843, 0.215686, 0.250980, 0.231373, 0.207843, 0.207843, 0.211765, 0.219608, 0.215686, 0.239216, 0.227451, 0.239216, 0.247059, 0.211765, 0.247059, 0.231373, 0.258824, 0.254902, 0.262745, 0.274510, 0.282353, 0.286275, 0.286275, 0.239216, 0.290196, 0.286275, 0.243137, 0.250980, 0.250980, 0.239216, 0.227451, 0.223529, 0.215686, 0.235294, 0.196078, 0.243137, 0.200000, 0.207843, 0.223529, 0.215686, 0.227451, 0.227451, 0.231373, 0.227451, 0.227451, 0.219608, 0.219608, 0.207843, 0.227451, 0.227451, 0.215686, 0.235294, 0.227451, 0.219608, 0.215686, 0.211765, 0.192157, 0.200000, 0.211765, 0.207843, 0.211765, 0.203922, 0.231373, 0.219608, 0.207843, 0.196078, 0.196078, 0.192157, 0.211765, 0.188235, 0.188235, 0.164706, 0.156863, 0.176471, 0.168627, 0.180392, 0.180392, 0.168627, 0.152941, 0.164706, 0.156863, 0.172549, 0.172549, 0.168627, 0.172549, 0.164706, 0.168627, 0.160784, 0.168627, 0.168627, 0.164706, 0.176471, 0.172549, 0.180392, 0.180392, 0.168627, 0.223529, 0.231373, 0.215686, 0.247059, 0.215686, 0.211765, 0.172549, 0.196078, 0.239216, 0.239216, 0.231373, 0.207843, 0.247059, 0.254902, 0.262745, 0.321569, 0.254902, 0.258824, 0.254902, 0.250980, 0.282353, 0.254902, 0.290196, 0.270588, 0.262745, 0.254902, 0.254902, 0.227451, 0.250980, 0.227451, 0.223529, 0.219608, 0.211765, 0.223529, 0.239216, 0.203922, 0.219608, 0.219608, 0.227451, 0.219608, 0.219608, 0.215686, 0.223529, 0.223529, 0.215686, 0.219608, 0.211765, 0.247059, 0.215686, 0.215686, 0.250980, 0.227451, 0.227451, 0.207843, 0.231373, 0.215686, 0.203922, 0.219608, 0.231373, 0.219608, 0.200000, 0.215686, 0.207843, 0.200000, 0.211765, 0.203922, 0.196078, 0.192157, 0.180392, 0.176471, 0.176471, 0.168627, 0.180392, 0.172549, 0.180392, 0.180392, 0.188235, 0.176471, 0.149020, 0.168627, 0.160784, 0.160784, 0.180392, 0.160784, 0.180392, 0.168627, 0.156863, 0.168627, 0.172549, 0.160784, 0.156863, 0.156863, 0.180392, 0.184314, 0.164706, 0.164706, 0.227451, 0.211765, 0.164706, 0.203922, 0.200000, 0.200000, 0.207843, 0.223529, 0.231373, 0.262745, 0.239216, 0.215686, 0.207843, 0.223529, 0.239216, 0.258824, 0.258824, 0.258824, 0.270588, 0.250980, 0.270588, 0.258824, 0.294118, 0.290196, 0.301961, 0.247059, 0.250980, 0.247059, 0.231373, 0.219608, 0.235294, 0.254902, 0.207843, 0.227451, 0.215686, 0.231373, 0.231373, 0.219608, 0.227451, 0.223529, 0.215686, 0.227451, 0.270588, 0.219608, 0.211765, 0.223529, 0.223529, 0.219608, 0.211765, 0.200000, 0.235294, 0.215686, 0.231373, 0.215686, 0.219608, 0.203922, 0.215686, 0.223529, 0.203922, 0.239216, 0.196078, 0.227451, 0.203922, 0.223529, 0.203922, 0.207843, 0.172549, 0.200000, 0.176471, 0.172549, 0.160784, 0.168627, 0.176471, 0.172549, 0.160784, 0.168627, 0.125490, 0.168627, 0.168627, 0.168627, 0.172549, 0.168627, 0.180392, 0.168627, 0.164706, 0.168627, 0.141176, 0.160784, 0.168627, 0.156863, 0.137255, 0.180392, 0.184314, 0.180392, 0.164706, 0.149020, 0.203922, 0.223529, 0.200000, 0.211765, 0.215686, 0.219608, 0.231373, 0.219608, 0.215686, 0.235294, 0.227451, 0.227451, 0.239216, 0.243137, 0.258824, 0.235294, 0.262745, 0.243137, 0.250980, 0.266667, 0.278431, 0.270588, 0.274510, 0.266667, 0.274510, 0.266667, 0.270588, 0.227451, 0.239216, 0.196078, 0.235294, 0.227451, 0.231373, 0.219608, 0.227451, 0.219608, 0.239216, 0.219608, 0.219608, 0.219608, 0.227451, 0.219608, 0.239216, 0.215686, 0.211765, 0.211765, 0.211765, 0.223529, 0.223529, 0.223529, 0.243137, 0.215686, 0.219608, 0.231373, 0.231373, 0.203922, 0.215686, 0.231373, 0.215686, 0.211765, 0.215686, 0.203922, 0.215686, 0.211765, 0.203922, 0.200000, 0.192157, 0.200000, 0.188235, 0.168627, 0.176471, 0.176471, 0.184314, 0.137255, 0.145098, 0.192157, 0.172549, 0.168627, 0.164706, 0.156863, 0.156863, 0.172549, 0.168627, 0.192157, 0.172549, 0.176471, 0.168627, 0.160784, 0.172549, 0.164706, 0.180392, 0.168627, 0.180392, 0.168627, 0.164706, 0.156863, 0.203922, 0.239216, 0.219608, 0.215686, 0.219608, 0.219608, 0.286275, 0.219608, 0.215686, 0.231373, 0.243137, 0.235294, 0.243137, 0.266667, 0.258824, 0.258824, 0.254902, 0.250980, 0.278431, 0.266667, 0.270588, 0.290196, 0.294118, 0.286275, 0.274510, 0.274510, 0.247059, 0.266667, 0.235294, 0.227451, 0.239216, 0.235294, 0.247059, 0.254902, 0.219608, 0.219608, 0.231373, 0.231373, 0.215686, 0.243137, 0.235294, 0.219608, 0.223529, 0.227451, 0.223529, 0.196078, 0.219608, 0.227451, 0.200000, 0.231373, 0.227451, 0.211765, 0.207843, 0.215686, 0.211765, 0.219608, 0.207843, 0.215686, 0.223529, 0.207843, 0.203922, 0.215686, 0.203922, 0.211765, 0.203922, 0.192157, 0.192157, 0.196078, 0.172549, 0.188235, 0.180392, 0.184314, 0.176471, 0.188235, 0.168627, 0.188235, 0.176471, 0.172549, 0.168627, 0.176471, 0.160784, 0.176471, 0.184314, 0.180392, 0.180392, 0.172549, 0.176471, 0.192157, 0.180392, 0.160784, 0.172549, 0.172549, 0.164706, 0.160784, 0.168627, 0.164706, 0.196078, 0.211765, 0.203922, 0.207843, 0.200000, 0.247059, 0.239216, 0.227451, 0.231373, 0.239216, 0.227451, 0.200000, 0.235294, 0.235294, 0.239216, 0.262745, 0.250980, 0.262745, 0.266667, 0.254902, 0.266667, 0.286275, 0.286275, 0.250980, 0.254902, 0.270588, 0.243137, 0.243137, 0.247059, 0.223529, 0.274510, 0.258824, 0.235294, 0.227451, 0.231373, 0.243137, 0.235294, 0.231373, 0.239216, 0.223529, 0.215686, 0.227451, 0.207843, 0.227451, 0.211765, 0.215686, 0.219608, 0.219608, 0.215686, 0.227451, 0.215686, 0.219608, 0.223529, 0.223529, 0.215686, 0.227451, 0.223529, 0.211765, 0.207843, 0.215686, 0.207843, 0.203922, 0.211765, 0.203922, 0.200000, 0.196078, 0.168627, 0.188235, 0.172549, 0.180392, 0.180392, 0.180392, 0.188235, 0.176471, 0.172549, 0.168627, 0.176471, 0.168627, 0.164706, 0.168627, 0.180392, 0.176471, 0.184314, 0.168627, 0.168627, 0.164706, 0.164706, 0.168627, 0.168627, 0.160784, 0.164706, 0.180392, 0.180392, 0.168627, 0.164706, 0.184314, 0.203922, 0.235294, 0.231373, 0.211765, 0.223529, 0.211765, 0.219608, 0.219608, 0.219608, 0.227451, 0.227451, 0.235294, 0.243137, 0.250980, 0.243137, 0.250980, 0.262745, 0.266667, 0.282353, 0.270588, 0.278431, 0.243137, 0.301961, 0.262745, 0.274510, 0.254902, 0.250980, 0.243137, 0.227451, 0.235294, 0.239216, 0.227451, 0.223529, 0.227451, 0.258824, 0.250980, 0.231373, 0.223529, 0.247059, 0.223529, 0.223529, 0.215686, 0.211765, 0.227451, 0.215686, 0.223529, 0.207843, 0.215686, 0.219608, 0.227451, 0.207843, 0.200000, 0.207843, 0.207843, 0.211765, 0.207843, 0.219608, 0.207843, 0.215686, 0.215686, 0.219608, 0.215686, 0.219608, 0.207843, 0.200000, 0.196078, 0.188235, 0.192157, 0.176471, 0.172549, 0.176471, 0.176471, 0.156863, 0.172549, 0.168627, 0.168627, 0.172549, 0.172549, 0.156863, 0.164706, 0.176471, 0.180392, 0.172549, 0.176471, 0.172549, 0.168627, 0.168627, 0.160784, 0.160784, 0.168627, 0.156863, 0.180392, 0.176471, 0.164706, 0.164706, 0.172549, 0.231373, 0.156863, 0.227451, 0.235294, 0.211765, 0.219608, 0.235294, 0.215686, 0.219608, 0.227451, 0.247059, 0.235294, 0.247059, 0.247059, 0.247059, 0.254902, 0.258824, 0.262745, 0.262745, 0.266667, 0.278431, 0.274510, 0.294118, 0.258824, 0.250980, 0.309804, 0.250980, 0.235294, 0.219608, 0.223529, 0.235294, 0.219608, 0.219608, 0.231373, 0.215686, 0.211765, 0.227451, 0.227451, 0.223529, 0.223529, 0.211765, 0.219608, 0.215686, 0.211765, 0.219608, 0.219608, 0.200000, 0.188235, 0.215686, 0.207843, 0.215686, 0.219608, 0.219608, 0.211765, 0.223529, 0.207843, 0.203922, 0.211765, 0.211765, 0.203922, 0.211765, 0.215686, 0.207843, 0.203922, 0.207843, 0.200000, 0.188235, 0.184314, 0.164706, 0.176471, 0.180392, 0.184314, 0.160784, 0.176471, 0.172549, 0.168627, 0.172549, 0.168627, 0.160784, 0.172549, 0.176471, 0.164706, 0.164706, 0.168627, 0.168627, 0.172549, 0.164706, 0.168627, 0.176471, 0.168627, 0.164706, 0.168627, 0.168627, 0.164706, 0.176471, 0.168627, 0.211765, 0.109804, 0.223529, 0.203922, 0.227451, 0.207843, 0.215686, 0.200000, 0.227451, 0.282353, 0.239216, 0.250980, 0.247059, 0.239216, 0.250980, 0.254902, 0.262745, 0.254902, 0.266667, 0.274510, 0.278431, 0.270588, 0.258824, 0.266667, 0.266667, 0.254902, 0.243137, 0.243137, 0.239216, 0.250980, 0.227451, 0.235294, 0.207843, 0.250980, 0.211765, 0.223529, 0.243137, 0.239216, 0.254902, 0.207843, 0.258824, 0.215686, 0.188235, 0.235294, 0.254902, 0.215686, 0.227451, 0.278431, 0.215686, 0.219608, 0.219608, 0.219608, 0.203922, 0.219608, 0.223529, 0.207843, 0.207843, 0.207843, 0.219608, 0.200000, 0.200000, 0.215686, 0.203922, 0.207843, 0.196078, 0.196078, 0.192157, 0.188235, 0.203922, 0.172549, 0.188235, 0.180392, 0.184314, 0.168627, 0.168627, 0.184314, 0.164706, 0.172549, 0.168627, 0.164706, 0.164706, 0.172549, 0.172549, 0.149020, 0.172549, 0.164706, 0.172549, 0.152941, 0.168627, 0.172549, 0.172549, 0.168627, 0.164706, 0.160784, 0.164706, 0.172549, 0.219608, 0.180392, 0.180392, 0.231373, 0.215686, 0.247059, 0.231373, 0.231373, 0.227451, 0.172549, 0.235294, 0.254902, 0.235294, 0.227451, 0.231373, 0.254902, 0.274510, 0.262745, 0.258824, 0.262745, 0.274510, 0.282353, 0.270588, 0.274510, 0.247059, 0.254902, 0.239216, 0.231373, 0.239216, 0.231373, 0.215686, 0.235294, 0.231373, 0.215686, 0.231373, 0.227451, 0.258824, 0.223529, 0.227451, 0.219608, 0.231373, 0.219608, 0.227451, 0.211765, 0.203922, 0.231373, 0.223529, 0.219608, 0.247059, 0.227451, 0.207843, 0.211765, 0.211765, 0.215686, 0.223529, 0.207843, 0.231373, 0.203922, 0.203922, 0.207843, 0.211765, 0.215686, 0.203922, 0.203922, 0.196078, 0.192157, 0.192157, 0.192157, 0.172549, 0.156863, 0.168627, 0.176471, 0.196078, 0.168627, 0.156863, 0.160784, 0.164706, 0.152941, 0.164706, 0.168627, 0.164706, 0.176471, 0.176471, 0.176471, 0.168627, 0.180392, 0.164706, 0.172549, 0.156863, 0.160784, 0.168627, 0.156863, 0.164706, 0.168627, 0.168627, 0.160784, 0.207843, 0.243137, 0.219608, 0.211765, 0.219608, 0.219608, 0.215686, 0.243137, 0.227451, 0.254902, 0.243137, 0.250980, 0.243137, 0.250980, 0.258824, 0.254902, 0.266667, 0.278431, 0.278431, 0.286275, 0.290196, 0.286275, 0.270588, 0.270588, 0.266667, 0.254902, 0.262745, 0.235294, 0.223529, 0.239216, 0.219608, 0.223529, 0.239216, 0.215686, 0.227451, 0.235294, 0.231373, 0.247059, 0.227451, 0.223529, 0.192157, 0.223529, 0.211765, 0.235294, 0.211765, 0.227451, 0.219608, 0.215686, 0.219608, 0.223529, 0.231373, 0.223529, 0.219608, 0.203922, 0.223529, 0.223529, 0.215686, 0.227451, 0.219608, 0.219608, 0.231373, 0.207843, 0.215686, 0.203922, 0.188235, 0.184314, 0.184314, 0.184314, 0.192157, 0.172549, 0.176471, 0.160784, 0.176471, 0.141176, 0.164706, 0.180392, 0.168627, 0.172549, 0.176471, 0.176471, 0.160784, 0.176471, 0.168627, 0.172549, 0.168627, 0.164706, 0.164706, 0.168627, 0.164706, 0.172549, 0.145098, 0.156863, 0.164706, 0.172549, 0.168627, 0.168627, 0.215686, 0.196078, 0.211765, 0.215686, 0.211765, 0.227451, 0.309804, 0.203922, 0.200000, 0.239216, 0.219608, 0.231373, 0.274510, 0.266667, 0.266667, 0.266667, 0.258824, 0.270588, 0.278431, 0.278431, 0.286275, 0.278431, 0.266667, 0.250980, 0.235294, 0.250980, 0.239216, 0.227451, 0.207843, 0.219608, 0.211765, 0.227451, 0.227451, 0.219608, 0.227451, 0.231373, 0.223529, 0.211765, 0.211765, 0.196078, 0.223529, 0.215686, 0.207843, 0.219608, 0.215686, 0.219608, 0.223529, 0.219608, 0.231373, 0.211765, 0.207843, 0.215686, 0.211765, 0.223529, 0.200000, 0.203922, 0.200000, 0.223529, 0.203922, 0.203922, 0.207843, 0.203922, 0.196078, 0.203922, 0.207843, 0.196078, 0.180392, 0.184314, 0.180392, 0.164706, 0.180392, 0.188235, 0.129412, 0.156863, 0.160784, 0.200000, 0.176471, 0.168627, 0.172549, 0.168627, 0.164706, 0.172549, 0.168627, 0.160784, 0.156863, 0.164706, 0.164706, 0.160784, 0.149020, 0.164706, 0.168627, 0.176471, 0.168627, 0.164706, 0.176471, 0.133333, 0.207843, 0.207843, 0.215686, 0.211765, 0.211765, 0.219608, 0.211765, 0.223529, 0.231373, 0.247059, 0.200000, 0.215686, 0.223529, 0.239216, 0.254902, 0.254902, 0.286275, 0.266667, 0.262745, 0.262745, 0.274510, 0.274510, 0.286275, 0.247059, 0.239216, 0.239216, 0.243137, 0.247059, 0.227451, 0.223529, 0.211765, 0.231373, 0.231373, 0.215686, 0.203922, 0.227451, 0.235294, 0.219608, 0.227451, 0.211765, 0.211765, 0.219608, 0.215686, 0.219608, 0.223529, 0.235294, 0.282353, 0.211765, 0.223529, 0.219608, 0.196078, 0.211765, 0.207843, 0.196078, 0.215686, 0.203922, 0.203922, 0.219608, 0.207843, 0.203922, 0.223529, 0.192157, 0.196078, 0.207843, 0.184314, 0.203922, 0.188235, 0.192157, 0.188235, 0.176471, 0.172549, 0.172549, 0.176471, 0.168627, 0.168627, 0.184314, 0.180392, 0.172549, 0.168627, 0.168627, 0.160784, 0.168627, 0.156863, 0.168627, 0.164706, 0.160784, 0.160784, 0.156863, 0.168627, 0.164706, 0.168627, 0.172549, 0.164706, 0.160784, 0.160784, 0.149020, 0.227451, 0.215686, 0.211765, 0.211765, 0.239216, 0.184314, 0.239216, 0.235294, 0.223529, 0.231373, 0.274510, 0.262745, 0.250980, 0.250980, 0.250980, 0.266667, 0.266667, 0.274510, 0.274510, 0.282353, 0.278431, 0.274510, 0.239216, 0.274510, 0.247059, 0.250980, 0.231373, 0.231373, 0.231373, 0.231373, 0.215686, 0.227451, 0.235294, 0.215686, 0.207843, 0.235294, 0.219608, 0.207843, 0.215686, 0.231373, 0.215686, 0.215686, 0.211765, 0.188235, 0.250980, 0.227451, 0.215686, 0.219608, 0.215686, 0.227451, 0.215686, 0.211765, 0.203922, 0.203922, 0.215686, 0.203922, 0.203922, 0.215686, 0.215686, 0.200000, 0.211765, 0.211765, 0.196078, 0.200000, 0.196078, 0.196078, 0.184314, 0.184314, 0.188235, 0.184314, 0.176471, 0.152941, 0.188235, 0.176471, 0.176471, 0.168627, 0.180392, 0.176471, 0.164706, 0.168627, 0.172549, 0.156863, 0.188235, 0.160784, 0.156863, 0.160784, 0.160784, 0.168627, 0.164706, 0.168627, 0.156863, 0.168627, 0.168627, 0.160784, 0.156863, 0.168627, 0.219608, 0.215686, 0.215686, 0.215686, 0.203922, 0.243137, 0.235294, 0.227451, 0.239216, 0.247059, 0.227451, 0.247059, 0.247059, 0.258824, 0.262745, 0.270588, 0.266667, 0.258824, 0.286275, 0.286275, 0.274510, 0.278431, 0.270588, 0.278431, 0.254902, 0.278431, 0.231373, 0.227451, 0.227451, 0.227451, 0.223529, 0.219608, 0.211765, 0.211765, 0.211765, 0.215686, 0.215686, 0.223529, 0.215686, 0.215686, 0.215686, 0.219608, 0.262745, 0.207843, 0.211765, 0.196078, 0.215686, 0.219608, 0.219608, 0.215686, 0.215686, 0.203922, 0.207843, 0.211765, 0.207843, 0.203922, 0.215686, 0.211765, 0.215686, 0.211765, 0.203922, 0.184314, 0.196078, 0.211765, 0.200000, 0.184314, 0.160784, 0.207843, 0.180392, 0.184314, 0.168627, 0.176471, 0.160784, 0.192157, 0.180392, 0.176471, 0.184314, 0.180392, 0.168627, 0.164706, 0.168627, 0.180392, 0.172549, 0.164706, 0.168627, 0.172549, 0.172549, 0.156863, 0.168627, 0.149020, 0.168627, 0.168627, 0.168627, 0.168627, 0.168627, 0.160784, 0.207843, 0.215686, 0.219608, 0.219608, 0.223529, 0.231373, 0.247059, 0.215686, 0.227451, 0.239216, 0.247059, 0.258824, 0.262745, 0.250980, 0.258824, 0.262745, 0.286275, 0.298039, 0.254902, 0.282353, 0.282353, 0.262745, 0.266667, 0.294118, 0.235294, 0.239216, 0.243137, 0.231373, 0.239216, 0.227451, 0.227451, 0.219608, 0.203922, 0.211765, 0.219608, 0.223529, 0.219608, 0.215686, 0.219608, 0.203922, 0.211765, 0.200000, 0.219608, 0.203922, 0.215686, 0.227451, 0.211765, 0.227451, 0.227451, 0.203922, 0.203922, 0.215686, 0.207843, 0.203922, 0.231373, 0.215686, 0.207843, 0.207843, 0.207843, 0.215686, 0.207843, 0.203922, 0.203922, 0.172549, 0.172549, 0.192157, 0.180392, 0.180392, 0.172549, 0.172549, 0.172549, 0.172549, 0.152941, 0.168627, 0.172549, 0.164706, 0.168627, 0.164706, 0.192157, 0.180392, 0.180392, 0.180392, 0.156863, 0.168627, 0.172549, 0.164706, 0.156863, 0.160784, 0.168627, 0.168627, 0.164706, 0.168627, 0.168627, 0.160784, 0.160784, 0.156863, 0.231373, 0.211765, 0.180392, 0.219608, 0.215686, 0.223529, 0.215686, 0.219608, 0.219608, 0.235294, 0.250980, 0.247059, 0.282353, 0.247059, 0.262745, 0.250980, 0.266667, 0.274510, 0.286275, 0.247059, 0.274510, 0.270588, 0.262745, 0.282353, 0.258824, 0.239216, 0.235294, 0.200000, 0.211765, 0.219608, 0.215686, 0.215686, 0.211765, 0.215686, 0.207843, 0.219608, 0.227451, 0.203922, 0.211765, 0.211765, 0.215686, 0.207843, 0.203922, 0.215686, 0.223529, 0.215686, 0.227451, 0.219608, 0.211765, 0.215686, 0.180392, 0.203922, 0.203922, 0.207843, 0.203922, 0.207843, 0.215686, 0.211765, 0.203922, 0.211765, 0.207843, 0.200000, 0.207843, 0.192157, 0.196078, 0.192157, 0.180392, 0.172549, 0.172549, 0.168627, 0.176471, 0.168627, 0.168627, 0.164706, 0.176471, 0.160784, 0.156863, 0.176471, 0.164706, 0.149020, 0.172549, 0.196078, 0.160784, 0.168627, 0.172549, 0.156863, 0.180392, 0.160784, 0.156863, 0.168627, 0.168627, 0.149020, 0.156863, 0.160784, 0.156863, 0.164706, 0.196078, 0.196078, 0.192157, 0.223529, 0.227451, 0.231373, 0.227451, 0.247059, 0.219608, 0.250980, 0.250980, 0.254902, 0.262745, 0.254902, 0.254902, 0.247059, 0.298039, 0.290196, 0.278431, 0.278431, 0.270588, 0.262745, 0.258824, 0.243137, 0.250980, 0.231373, 0.203922, 0.215686, 0.231373, 0.223529, 0.219608, 0.211765, 0.203922, 0.215686, 0.215686, 0.223529, 0.223529, 0.207843, 0.215686, 0.223529, 0.211765, 0.219608, 0.207843, 0.203922, 0.223529, 0.215686, 0.203922, 0.203922, 0.196078, 0.211765, 0.211765, 0.203922, 0.215686, 0.215686, 0.215686, 0.203922, 0.219608, 0.203922, 0.203922, 0.211765, 0.203922, 0.203922, 0.192157, 0.196078, 0.172549, 0.192157, 0.184314, 0.180392, 0.180392, 0.168627, 0.168627, 0.168627, 0.172549, 0.168627, 0.168627, 0.172549, 0.172549, 0.164706, 0.164706, 0.164706, 0.176471, 0.156863, 0.176471, 0.160784, 0.168627, 0.168627, 0.168627, 0.160784, 0.164706, 0.164706, 0.176471, 0.180392, 0.168627, 0.149020, 0.152941, 0.156863, 0.207843, 0.215686, 0.211765, 0.227451, 0.227451, 0.227451, 0.227451, 0.227451, 0.243137, 0.250980, 0.258824, 0.247059, 0.290196, 0.258824, 0.321569, 0.274510, 0.274510, 0.286275, 0.282353, 0.286275, 0.278431, 0.262745, 0.262745, 0.231373, 0.247059, 0.250980, 0.235294, 0.219608, 0.215686, 0.215686, 0.219608, 0.215686, 0.219608, 0.211765, 0.235294, 0.200000, 0.219608, 0.231373, 0.219608, 0.215686, 0.211765, 0.207843, 0.219608, 0.207843, 0.215686, 0.207843, 0.219608, 0.211765, 0.211765, 0.215686, 0.203922, 0.203922, 0.219608, 0.207843, 0.211765, 0.196078, 0.207843, 0.203922, 0.200000, 0.203922, 0.203922, 0.200000, 0.200000, 0.184314, 0.192157, 0.176471, 0.184314, 0.176471, 0.176471, 0.188235, 0.176471, 0.180392, 0.164706, 0.168627, 0.168627, 0.168627, 0.168627, 0.160784, 0.164706, 0.160784, 0.168627, 0.172549, 0.149020, 0.172549, 0.164706, 0.160784, 0.164706, 0.168627, 0.164706, 0.164706, 0.180392, 0.176471, 0.168627, 0.156863, 0.160784, 0.149020, 0.219608, 0.215686, 0.200000, 0.243137, 0.219608, 0.227451, 0.243137, 0.239216, 0.231373, 0.215686, 0.254902, 0.254902, 0.266667, 0.278431, 0.282353, 0.262745, 0.247059, 0.317647, 0.282353, 0.274510, 0.250980, 0.250980, 0.274510, 0.243137, 0.239216, 0.243137, 0.207843, 0.227451, 0.215686, 0.227451, 0.203922, 0.215686, 0.219608, 0.215686, 0.223529, 0.215686, 0.211765, 0.203922, 0.215686, 0.207843, 0.215686, 0.203922, 0.207843, 0.219608, 0.223529, 0.211765, 0.211765, 0.207843, 0.211765, 0.203922, 0.200000, 0.203922, 0.192157, 0.196078, 0.203922, 0.192157, 0.196078, 0.203922, 0.211765, 0.207843, 0.188235, 0.203922, 0.207843, 0.192157, 0.184314, 0.184314, 0.196078, 0.184314, 0.180392, 0.176471, 0.164706, 0.168627, 0.176471, 0.172549, 0.152941, 0.152941, 0.168627, 0.176471, 0.172549, 0.168627, 0.180392, 0.168627, 0.168627, 0.160784, 0.164706, 0.164706, 0.160784, 0.160784, 0.160784, 0.168627, 0.121569, 0.168627, 0.168627, 0.168627, 0.164706, 0.164706, 0.223529, 0.219608, 0.243137, 0.223529, 0.211765, 0.223529, 0.231373, 0.235294, 0.243137, 0.235294, 0.247059, 0.250980, 0.258824, 0.270588, 0.270588, 0.286275, 0.274510, 0.290196, 0.270588, 0.298039, 0.270588, 0.270588, 0.254902, 0.250980, 0.207843, 0.223529, 0.250980, 0.223529, 0.207843, 0.211765, 0.192157, 0.215686, 0.203922, 0.215686, 0.215686, 0.215686, 0.215686, 0.211765, 0.223529, 0.235294, 0.215686, 0.215686, 0.211765, 0.200000, 0.219608, 0.215686, 0.211765, 0.203922, 0.203922, 0.203922, 0.203922, 0.207843, 0.203922, 0.207843, 0.207843, 0.207843, 0.200000, 0.200000, 0.207843, 0.192157, 0.200000, 0.207843, 0.192157, 0.188235, 0.192157, 0.180392, 0.196078, 0.184314, 0.168627, 0.168627, 0.172549, 0.164706, 0.164706, 0.168627, 0.156863, 0.196078, 0.176471, 0.168627, 0.149020, 0.168627, 0.188235, 0.160784, 0.160784, 0.168627, 0.164706, 0.160784, 0.149020, 0.160784, 0.156863, 0.152941, 0.152941, 0.172549, 0.160784, 0.164706, 0.145098, 0.156863, 0.203922, 0.231373, 0.223529, 0.239216, 0.231373, 0.223529, 0.231373, 0.243137, 0.254902, 0.211765, 0.270588, 0.266667, 0.270588, 0.262745, 0.282353, 0.274510, 0.282353, 0.286275, 0.274510, 0.274510, 0.247059, 0.266667, 0.211765, 0.227451, 0.243137, 0.235294, 0.207843, 0.215686, 0.223529, 0.203922, 0.196078, 0.219608, 0.196078, 0.215686, 0.211765, 0.211765, 0.203922, 0.203922, 0.203922, 0.207843, 0.243137, 0.219608, 0.219608, 0.211765, 0.211765, 0.176471, 0.207843, 0.203922, 0.203922, 0.192157, 0.196078, 0.211765, 0.207843, 0.188235, 0.215686, 0.196078, 0.184314, 0.207843, 0.196078, 0.207843, 0.203922, 0.200000, 0.200000, 0.196078, 0.200000, 0.188235, 0.215686, 0.172549, 0.176471, 0.168627, 0.172549, 0.188235, 0.145098, 0.168627, 0.164706, 0.168627, 0.156863, 0.160784, 0.168627, 0.172549, 0.164706, 0.172549, 0.160784, 0.164706, 0.160784, 0.156863, 0.164706, 0.156863, 0.164706, 0.164706, 0.172549, 0.160784, 0.176471, 0.168627, 0.164706, 0.152941, 0.211765, 0.215686, 0.231373, 0.231373, 0.223529, 0.227451, 0.227451, 0.215686, 0.231373, 0.247059, 0.219608, 0.243137, 0.270588, 0.270588, 0.286275, 0.278431, 0.274510, 0.317647, 0.266667, 0.274510, 0.254902, 0.247059, 0.250980, 0.254902, 0.200000, 0.247059, 0.203922, 0.223529, 0.207843, 0.215686, 0.200000, 0.215686, 0.211765, 0.223529, 0.223529, 0.203922, 0.211765, 0.223529, 0.219608, 0.203922, 0.219608, 0.211765, 0.219608, 0.223529, 0.172549, 0.207843, 0.211765, 0.203922, 0.215686, 0.219608, 0.215686, 0.211765, 0.200000, 0.203922, 0.203922, 0.203922, 0.200000, 0.192157, 0.200000, 0.192157, 0.207843, 0.192157, 0.192157, 0.156863, 0.164706, 0.172549, 0.227451, 0.211765, 0.176471, 0.168627, 0.176471, 0.168627, 0.149020, 0.168627, 0.160784, 0.156863, 0.184314, 0.168627, 0.172549, 0.168627, 0.160784, 0.164706, 0.164706, 0.164706, 0.156863, 0.168627, 0.176471, 0.145098, 0.168627, 0.164706, 0.160784, 0.152941, 0.168627, 0.184314, 0.168627, 0.141176, 0.188235, 0.207843, 0.239216, 0.235294, 0.215686, 0.227451, 0.235294, 0.286275, 0.231373, 0.247059, 0.250980, 0.262745, 0.266667, 0.270588, 0.270588, 0.282353, 0.305882, 0.290196, 0.274510, 0.274510, 0.243137, 0.254902, 0.258824, 0.211765, 0.215686, 0.223529, 0.247059, 0.219608, 0.211765, 0.227451, 0.196078, 0.203922, 0.243137, 0.235294, 0.227451, 0.211765, 0.211765, 0.200000, 0.203922, 0.207843, 0.215686, 0.211765, 0.215686, 0.219608, 0.203922, 0.211765, 0.203922, 0.180392, 0.211765, 0.203922, 0.207843, 0.211765, 0.200000, 0.196078, 0.211765, 0.200000, 0.200000, 0.188235, 0.172549, 0.200000, 0.192157, 0.203922, 0.184314, 0.188235, 0.176471, 0.184314, 0.200000, 0.200000, 0.180392, 0.172549, 0.164706, 0.176471, 0.152941, 0.168627, 0.180392, 0.160784, 0.160784, 0.168627, 0.164706, 0.164706, 0.172549, 0.172549, 0.164706, 0.156863, 0.156863, 0.164706, 0.152941, 0.156863, 0.164706, 0.156863, 0.164706, 0.164706, 0.164706, 0.149020, 0.164706, 0.164706, 0.211765, 0.223529, 0.239216, 0.231373, 0.243137, 0.247059, 0.239216, 0.243137, 0.239216, 0.227451, 0.235294, 0.266667, 0.250980, 0.278431, 0.282353, 0.278431, 0.298039, 0.278431, 0.278431, 0.270588, 0.250980, 0.254902, 0.219608, 0.231373, 0.231373, 0.219608, 0.215686, 0.219608, 0.239216, 0.231373, 0.207843, 0.203922, 0.223529, 0.211765, 0.203922, 0.203922, 0.207843, 0.203922, 0.211765, 0.211765, 0.223529, 0.219608, 0.219608, 0.219608, 0.215686, 0.196078, 0.203922, 0.203922, 0.196078, 0.203922, 0.207843, 0.203922, 0.203922, 0.203922, 0.207843, 0.200000, 0.192157, 0.192157, 0.192157, 0.188235, 0.192157, 0.192157, 0.196078, 0.192157, 0.188235, 0.192157, 0.184314, 0.184314, 0.180392, 0.176471, 0.164706, 0.168627, 0.176471, 0.156863, 0.156863, 0.168627, 0.160784, 0.168627, 0.160784, 0.168627, 0.164706, 0.164706, 0.156863, 0.160784, 0.156863, 0.164706, 0.156863, 0.152941, 0.160784, 0.168627, 0.168627, 0.160784, 0.160784, 0.164706, 0.164706, 0.156863, 0.219608, 0.250980, 0.227451, 0.200000, 0.203922, 0.231373, 0.227451, 0.239216, 0.250980, 0.258824, 0.250980, 0.262745, 0.262745, 0.270588, 0.274510, 0.278431, 0.286275, 0.282353, 0.274510, 0.274510, 0.258824, 0.254902, 0.247059, 0.239216, 0.227451, 0.184314, 0.188235, 0.200000, 0.235294, 0.200000, 0.207843, 0.211765, 0.200000, 0.227451, 0.215686, 0.200000, 0.184314, 0.231373, 0.196078, 0.207843, 0.203922, 0.203922, 0.203922, 0.219608, 0.203922, 0.188235, 0.196078, 0.203922, 0.184314, 0.203922, 0.203922, 0.203922, 0.203922, 0.203922, 0.203922, 0.203922, 0.192157, 0.203922, 0.188235, 0.184314, 0.192157, 0.188235, 0.196078, 0.188235, 0.180392, 0.184314, 0.203922, 0.176471, 0.196078, 0.164706, 0.168627, 0.109804, 0.168627, 0.164706, 0.172549, 0.156863, 0.156863, 0.156863, 0.160784, 0.176471, 0.168627, 0.160784, 0.176471, 0.149020, 0.160784, 0.156863, 0.156863, 0.164706, 0.152941, 0.203922, 0.160784, 0.164706, 0.176471, 0.156863, 0.156863, 0.168627, 0.227451, 0.219608, 0.235294, 0.231373, 0.235294, 0.243137, 0.235294, 0.262745, 0.250980, 0.250980, 0.247059, 0.258824, 0.282353, 0.266667, 0.298039, 0.286275, 0.286275, 0.290196, 0.266667, 0.250980, 0.254902, 0.250980, 0.266667, 0.247059, 0.215686, 0.215686, 0.203922, 0.231373, 0.207843, 0.200000, 0.223529, 0.207843, 0.215686, 0.219608, 0.203922, 0.200000, 0.211765, 0.223529, 0.203922, 0.219608, 0.203922, 0.192157, 0.196078, 0.207843, 0.203922, 0.203922, 0.192157, 0.219608, 0.184314, 0.215686, 0.203922, 0.200000, 0.200000, 0.200000, 0.203922, 0.203922, 0.200000, 0.188235, 0.200000, 0.192157, 0.192157, 0.176471, 0.184314, 0.188235, 0.176471, 0.188235, 0.156863, 0.180392, 0.188235, 0.176471, 0.160784, 0.184314, 0.145098, 0.184314, 0.164706, 0.164706, 0.164706, 0.160784, 0.156863, 0.168627, 0.164706, 0.156863, 0.156863, 0.172549, 0.172549, 0.156863, 0.156863, 0.164706, 0.160784, 0.164706, 0.180392, 0.164706, 0.164706, 0.164706, 0.149020, 0.172549, 0.219608, 0.215686, 0.227451, 0.227451, 0.223529, 0.239216, 0.223529, 0.250980, 0.176471, 0.254902, 0.250980, 0.266667, 0.274510, 0.270588, 0.294118, 0.282353, 0.290196, 0.286275, 0.290196, 0.262745, 0.258824, 0.250980, 0.227451, 0.231373, 0.219608, 0.200000, 0.188235, 0.196078, 0.203922, 0.203922, 0.211765, 0.200000, 0.203922, 0.215686, 0.188235, 0.211765, 0.200000, 0.207843, 0.203922, 0.203922, 0.203922, 0.207843, 0.200000, 0.211765, 0.200000, 0.203922, 0.196078, 0.254902, 0.203922, 0.192157, 0.200000, 0.215686, 0.215686, 0.211765, 0.211765, 0.196078, 0.192157, 0.188235, 0.196078, 0.196078, 0.192157, 0.203922, 0.192157, 0.192157, 0.207843, 0.180392, 0.180392, 0.176471, 0.168627, 0.172549, 0.156863, 0.164706, 0.152941, 0.156863, 0.156863, 0.156863, 0.164706, 0.152941, 0.164706, 0.168627, 0.172549, 0.168627, 0.149020, 0.164706, 0.121569, 0.137255, 0.152941, 0.160784, 0.156863, 0.121569, 0.156863, 0.176471, 0.152941, 0.156863, 0.168627, 0.168627, 0.203922, 0.223529, 0.227451, 0.235294, 0.223529, 0.231373, 0.247059, 0.235294, 0.211765, 0.239216, 0.254902, 0.258824, 0.262745, 0.278431, 0.294118, 0.290196, 0.282353, 0.258824, 0.270588, 0.250980, 0.247059, 0.231373, 0.258824, 0.215686, 0.215686, 0.231373, 0.196078, 0.215686, 0.203922, 0.203922, 0.200000, 0.207843, 0.203922, 0.203922, 0.207843, 0.223529, 0.203922, 0.215686, 0.203922, 0.207843, 0.180392, 0.196078, 0.200000, 0.203922, 0.207843, 0.203922, 0.200000, 0.203922, 0.200000, 0.215686, 0.207843, 0.203922, 0.200000, 0.200000, 0.203922, 0.200000, 0.196078, 0.203922, 0.196078, 0.188235, 0.192157, 0.196078, 0.192157, 0.188235, 0.180392, 0.180392, 0.180392, 0.168627, 0.141176, 0.168627, 0.176471, 0.160784, 0.160784, 0.164706, 0.164706, 0.160784, 0.164706, 0.164706, 0.149020, 0.160784, 0.156863, 0.168627, 0.168627, 0.156863, 0.149020, 0.156863, 0.156863, 0.156863, 0.160784, 0.156863, 0.164706, 0.164706, 0.156863, 0.160784, 0.149020, 0.160784, 0.203922, 0.219608, 0.180392, 0.239216, 0.207843, 0.239216, 0.262745, 0.243137, 0.254902, 0.262745, 0.247059, 0.282353, 0.258824, 0.278431, 0.278431, 0.286275, 0.294118, 0.266667, 0.266667, 0.262745, 0.239216, 0.231373, 0.227451, 0.164706, 0.192157, 0.203922, 0.215686, 0.196078, 0.207843, 0.184314, 0.188235, 0.203922, 0.203922, 0.203922, 0.203922, 0.207843, 0.203922, 0.203922, 0.223529, 0.203922, 0.207843, 0.215686, 0.203922, 0.203922, 0.203922, 0.200000, 0.200000, 0.207843, 0.203922, 0.203922, 0.196078, 0.200000, 0.207843, 0.203922, 0.207843, 0.203922, 0.188235, 0.192157, 0.203922, 0.188235, 0.200000, 0.200000, 0.196078, 0.172549, 0.176471, 0.180392, 0.180392, 0.176471, 0.180392, 0.133333, 0.180392, 0.164706, 0.168627, 0.164706, 0.168627, 0.164706, 0.156863, 0.172549, 0.168627, 0.168627, 0.137255, 0.172549, 0.156863, 0.164706, 0.168627, 0.168627, 0.152941, 0.145098, 0.160784, 0.145098, 0.137255, 0.156863, 0.149020, 0.180392, 0.164706, 0.168627, 0.207843, 0.223529, 0.223529, 0.239216, 0.227451, 0.203922, 0.239216, 0.247059, 0.262745, 0.258824, 0.262745, 0.258824, 0.262745, 0.282353, 0.266667, 0.290196, 0.298039, 0.278431, 0.262745, 0.247059, 0.270588, 0.239216, 0.215686, 0.200000, 0.219608, 0.203922, 0.196078, 0.203922, 0.207843, 0.203922, 0.207843, 0.200000, 0.203922, 0.203922, 0.207843, 0.203922, 0.203922, 0.203922, 0.207843, 0.203922, 0.203922, 0.207843, 0.196078, 0.203922, 0.203922, 0.203922, 0.203922, 0.196078, 0.200000, 0.207843, 0.203922, 0.203922, 0.196078, 0.196078, 0.196078, 0.203922, 0.200000, 0.196078, 0.192157, 0.200000, 0.184314, 0.184314, 0.192157, 0.196078, 0.176471, 0.188235, 0.176471, 0.180392, 0.176471, 0.184314, 0.176471, 0.149020, 0.168627, 0.160784, 0.156863, 0.168627, 0.164706, 0.160784, 0.160784, 0.160784, 0.160784, 0.160784, 0.168627, 0.149020, 0.168627, 0.160784, 0.156863, 0.168627, 0.141176, 0.172549, 0.160784, 0.164706, 0.164706, 0.152941, 0.164706, 0.149020, 0.200000, 0.219608, 0.231373, 0.211765, 0.235294, 0.235294, 0.247059, 0.239216, 0.239216, 0.258824, 0.239216, 0.250980, 0.270588, 0.262745, 0.274510, 0.286275, 0.278431, 0.282353, 0.274510, 0.266667, 0.250980, 0.235294, 0.172549, 0.250980, 0.207843, 0.227451, 0.196078, 0.176471, 0.192157, 0.215686, 0.203922, 0.188235, 0.215686, 0.215686, 0.203922, 0.200000, 0.207843, 0.203922, 0.203922, 0.203922, 0.192157, 0.203922, 0.203922, 0.200000, 0.192157, 0.196078, 0.188235, 0.200000, 0.200000, 0.211765, 0.203922, 0.200000, 0.207843, 0.188235, 0.192157, 0.200000, 0.200000, 0.196078, 0.188235, 0.188235, 0.184314, 0.188235, 0.200000, 0.184314, 0.176471, 0.188235, 0.180392, 0.188235, 0.188235, 0.160784, 0.156863, 0.141176, 0.168627, 0.168627, 0.168627, 0.164706, 0.160784, 0.168627, 0.152941, 0.160784, 0.164706, 0.152941, 0.160784, 0.164706, 0.164706, 0.156863, 0.156863, 0.156863, 0.164706, 0.160784, 0.156863, 0.164706, 0.164706, 0.156863, 0.160784, 0.160784, 0.215686, 0.223529, 0.270588, 0.227451, 0.231373, 0.239216, 0.250980, 0.235294, 0.258824, 0.266667, 0.282353, 0.286275, 0.274510, 0.266667, 0.286275, 0.290196, 0.282353, 0.278431, 0.282353, 0.254902, 0.247059, 0.231373, 0.184314, 0.211765, 0.219608, 0.207843, 0.200000, 0.200000, 0.207843, 0.188235, 0.192157, 0.203922, 0.203922, 0.200000, 0.203922, 0.203922, 0.203922, 0.203922, 0.196078, 0.203922, 0.196078, 0.207843, 0.192157, 0.200000, 0.207843, 0.215686, 0.196078, 0.200000, 0.207843, 0.203922, 0.184314, 0.200000, 0.196078, 0.196078, 0.200000, 0.200000, 0.192157, 0.196078, 0.203922, 0.192157, 0.168627, 0.207843, 0.188235, 0.184314, 0.184314, 0.172549, 0.180392, 0.180392, 0.172549, 0.180392, 0.164706, 0.168627, 0.164706, 0.164706, 0.156863, 0.152941, 0.160784, 0.172549, 0.156863, 0.168627, 0.164706, 0.156863, 0.160784, 0.172549, 0.117647, 0.160784, 0.164706, 0.160784, 0.160784, 0.164706, 0.156863, 0.172549, 0.152941, 0.176471, 0.156863, 0.160784, 0.211765, 0.215686, 0.227451, 0.231373, 0.247059, 0.247059, 0.266667, 0.235294, 0.270588, 0.262745, 0.266667, 0.270588, 0.266667, 0.301961, 0.286275, 0.294118, 0.278431, 0.258824, 0.262745, 0.266667, 0.250980, 0.243137, 0.215686, 0.215686, 0.203922, 0.200000, 0.203922, 0.203922, 0.200000, 0.200000, 0.200000, 0.192157, 0.145098, 0.200000, 0.203922, 0.145098, 0.215686, 0.200000, 0.203922, 0.196078, 0.203922, 0.192157, 0.192157, 0.192157, 0.203922, 0.184314, 0.196078, 0.192157, 0.180392, 0.203922, 0.196078, 0.196078, 0.196078, 0.192157, 0.196078, 0.172549, 0.211765, 0.180392, 0.192157, 0.188235, 0.180392, 0.180392, 0.180392, 0.156863, 0.172549, 0.164706, 0.156863, 0.196078, 0.176471, 0.172549, 0.164706, 0.164706, 0.176471, 0.168627, 0.164706, 0.156863, 0.160784, 0.164706, 0.160784, 0.160784, 0.164706, 0.156863, 0.152941, 0.152941, 0.160784, 0.164706, 0.156863, 0.141176, 0.160784, 0.156863, 0.184314, 0.164706, 0.164706, 0.160784, 0.172549, 0.156863, 0.219608, 0.219608, 0.219608, 0.274510, 0.235294, 0.247059, 0.247059, 0.243137, 0.239216, 0.274510, 0.254902, 0.239216, 0.274510, 0.290196, 0.286275, 0.301961, 0.278431, 0.266667, 0.254902, 0.247059, 0.235294, 0.231373, 0.207843, 0.207843, 0.211765, 0.203922, 0.196078, 0.215686, 0.215686, 0.188235, 0.203922, 0.200000, 0.192157, 0.207843, 0.203922, 0.207843, 0.192157, 0.196078, 0.200000, 0.203922, 0.203922, 0.192157, 0.196078, 0.192157, 0.203922, 0.192157, 0.207843, 0.200000, 0.200000, 0.192157, 0.192157, 0.196078, 0.192157, 0.192157, 0.200000, 0.192157, 0.192157, 0.196078, 0.192157, 0.188235, 0.184314, 0.184314, 0.184314, 0.176471, 0.172549, 0.149020, 0.180392, 0.172549, 0.168627, 0.176471, 0.164706, 0.164706, 0.164706, 0.152941, 0.141176, 0.164706, 0.168627, 0.164706, 0.168627, 0.156863, 0.164706, 0.156863, 0.152941, 0.164706, 0.160784, 0.160784, 0.156863, 0.164706, 0.160784, 0.160784, 0.168627, 0.152941, 0.168627, 0.164706, 0.160784, 0.160784, 0.215686, 0.211765, 0.215686, 0.180392, 0.227451, 0.235294, 0.227451, 0.262745, 0.274510, 0.250980, 0.270588, 0.262745, 0.266667, 0.282353, 0.290196, 0.278431, 0.250980, 0.215686, 0.254902, 0.247059, 0.254902, 0.223529, 0.231373, 0.200000, 0.207843, 0.211765, 0.203922, 0.200000, 0.203922, 0.203922, 0.196078, 0.203922, 0.196078, 0.172549, 0.207843, 0.200000, 0.200000, 0.200000, 0.164706, 0.207843, 0.192157, 0.188235, 0.203922, 0.192157, 0.200000, 0.188235, 0.196078, 0.192157, 0.207843, 0.192157, 0.188235, 0.196078, 0.188235, 0.184314, 0.200000, 0.184314, 0.196078, 0.192157, 0.192157, 0.184314, 0.180392, 0.180392, 0.184314, 0.184314, 0.184314, 0.164706, 0.172549, 0.180392, 0.164706, 0.168627, 0.168627, 0.164706, 0.160784, 0.160784, 0.160784, 0.160784, 0.172549, 0.141176, 0.172549, 0.164706, 0.125490, 0.156863, 0.156863, 0.156863, 0.164706, 0.160784, 0.160784, 0.168627, 0.156863, 0.152941, 0.168627, 0.164706, 0.160784, 0.168627, 0.168627, 0.160784, 0.223529, 0.243137, 0.211765, 0.227451, 0.227451, 0.239216, 0.262745, 0.243137, 0.266667, 0.258824, 0.254902, 0.262745, 0.274510, 0.286275, 0.286275, 0.270588, 0.270588, 0.262745, 0.266667, 0.270588, 0.254902, 0.215686, 0.211765, 0.192157, 0.203922, 0.203922, 0.180392, 0.211765, 0.196078, 0.207843, 0.196078, 0.203922, 0.203922, 0.203922, 0.203922, 0.192157, 0.200000, 0.203922, 0.211765, 0.200000, 0.196078, 0.192157, 0.200000, 0.203922, 0.203922, 0.200000, 0.215686, 0.184314, 0.192157, 0.196078, 0.192157, 0.200000, 0.184314, 0.188235, 0.200000, 0.196078, 0.192157, 0.188235, 0.180392, 0.188235, 0.184314, 0.180392, 0.192157, 0.164706, 0.180392, 0.184314, 0.184314, 0.180392, 0.172549, 0.156863, 0.168627, 0.168627, 0.160784, 0.156863, 0.168627, 0.152941, 0.164706, 0.160784, 0.168627, 0.156863, 0.160784, 0.160784, 0.168627, 0.164706, 0.176471, 0.164706, 0.160784, 0.156863, 0.137255, 0.172549, 0.176471, 0.160784, 0.156863, 0.164706, 0.168627, 0.164706, 0.215686, 0.219608, 0.231373, 0.231373, 0.294118, 0.243137, 0.239216, 0.235294, 0.247059, 0.247059, 0.270588, 0.266667, 0.278431, 0.286275, 0.286275, 0.270588, 0.254902, 0.274510, 0.258824, 0.250980, 0.231373, 0.203922, 0.207843, 0.215686, 0.196078, 0.196078, 0.219608, 0.203922, 0.200000, 0.207843, 0.203922, 0.200000, 0.207843, 0.200000, 0.188235, 0.200000, 0.207843, 0.192157, 0.211765, 0.196078, 0.200000, 0.196078, 0.211765, 0.176471, 0.200000, 0.188235, 0.184314, 0.192157, 0.192157, 0.192157, 0.203922, 0.196078, 0.188235, 0.192157, 0.196078, 0.180392, 0.196078, 0.203922, 0.188235, 0.188235, 0.184314, 0.188235, 0.168627, 0.180392, 0.176471, 0.172549, 0.188235, 0.164706, 0.164706, 0.168627, 0.168627, 0.164706, 0.164706, 0.168627, 0.172549, 0.137255, 0.164706, 0.160784, 0.164706, 0.156863, 0.156863, 0.164706, 0.156863, 0.156863, 0.164706, 0.156863, 0.156863, 0.152941, 0.125490, 0.152941, 0.168627, 0.160784, 0.168627, 0.168627, 0.152941, 0.160784, 0.219608, 0.223529, 0.227451, 0.188235, 0.211765, 0.227451, 0.254902, 0.231373, 0.270588, 0.266667, 0.262745, 0.282353, 0.258824, 0.294118, 0.294118, 0.290196, 0.270588, 0.266667, 0.250980, 0.231373, 0.239216, 0.207843, 0.211765, 0.203922, 0.200000, 0.145098, 0.149020, 0.196078, 0.231373, 0.203922, 0.203922, 0.196078, 0.196078, 0.180392, 0.203922, 0.196078, 0.203922, 0.196078, 0.196078, 0.188235, 0.203922, 0.184314, 0.192157, 0.196078, 0.164706, 0.200000, 0.180392, 0.192157, 0.188235, 0.180392, 0.188235, 0.196078, 0.192157, 0.188235, 0.184314, 0.184314, 0.192157, 0.180392, 0.188235, 0.192157, 0.180392, 0.184314, 0.192157, 0.184314, 0.168627, 0.164706, 0.164706, 0.176471, 0.168627, 0.160784, 0.168627, 0.160784, 0.168627, 0.168627, 0.156863, 0.172549, 0.156863, 0.160784, 0.160784, 0.156863, 0.152941, 0.160784, 0.164706, 0.152941, 0.156863, 0.149020, 0.164706, 0.156863, 0.168627, 0.164706, 0.176471, 0.164706, 0.129412, 0.145098, 0.152941, 0.156863, 0.219608, 0.231373, 0.235294, 0.227451, 0.235294, 0.247059, 0.247059, 0.243137, 0.254902, 0.250980, 0.266667, 0.266667, 0.266667, 0.286275, 0.286275, 0.309804, 0.270588, 0.270588, 0.239216, 0.247059, 0.223529, 0.211765, 0.203922, 0.196078, 0.200000, 0.196078, 0.203922, 0.203922, 0.203922, 0.203922, 0.200000, 0.200000, 0.196078, 0.211765, 0.192157, 0.203922, 0.211765, 0.184314, 0.196078, 0.200000, 0.203922, 0.192157, 0.196078, 0.192157, 0.188235, 0.203922, 0.180392, 0.188235, 0.184314, 0.192157, 0.184314, 0.192157, 0.180392, 0.188235, 0.180392, 0.192157, 0.192157, 0.184314, 0.188235, 0.184314, 0.184314, 0.184314, 0.168627, 0.172549, 0.172549, 0.168627, 0.164706, 0.172549, 0.164706, 0.192157, 0.168627, 0.168627, 0.192157, 0.160784, 0.164706, 0.152941, 0.152941, 0.152941, 0.160784, 0.156863, 0.156863, 0.160784, 0.160784, 0.164706, 0.156863, 0.152941, 0.152941, 0.152941, 0.129412, 0.156863, 0.156863, 0.156863, 0.160784, 0.164706, 0.160784, 0.156863, 0.215686, 0.235294, 0.231373, 0.223529, 0.247059, 0.250980, 0.250980, 0.254902, 0.262745, 0.262745, 0.227451, 0.278431, 0.274510, 0.286275, 0.290196, 0.274510, 0.278431, 0.266667, 0.247059, 0.243137, 0.235294, 0.215686, 0.203922, 0.203922, 0.192157, 0.192157, 0.203922, 0.211765, 0.203922, 0.203922, 0.196078, 0.203922, 0.160784, 0.203922, 0.196078, 0.203922, 0.192157, 0.192157, 0.192157, 0.223529, 0.192157, 0.188235, 0.196078, 0.184314, 0.200000, 0.192157, 0.200000, 0.188235, 0.192157, 0.188235, 0.184314, 0.192157, 0.200000, 0.184314, 0.196078, 0.196078, 0.172549, 0.180392, 0.176471, 0.188235, 0.184314, 0.176471, 0.176471, 0.184314, 0.168627, 0.168627, 0.176471, 0.156863, 0.168627, 0.172549, 0.152941, 0.160784, 0.133333, 0.129412, 0.164706, 0.164706, 0.141176, 0.160784, 0.149020, 0.156863, 0.141176, 0.149020, 0.145098, 0.156863, 0.156863, 0.156863, 0.168627, 0.152941, 0.176471, 0.156863, 0.149020, 0.160784, 0.160784, 0.164706, 0.156863, 0.164706, 0.227451, 0.211765, 0.243137, 0.270588, 0.235294, 0.247059, 0.239216, 0.250980, 0.247059, 0.286275, 0.317647, 0.274510, 0.278431, 0.290196, 0.290196, 0.286275, 0.262745, 0.254902, 0.250980, 0.235294, 0.231373, 0.223529, 0.207843, 0.215686, 0.203922, 0.196078, 0.203922, 0.203922, 0.203922, 0.207843, 0.196078, 0.200000, 0.200000, 0.215686, 0.203922, 0.145098, 0.192157, 0.184314, 0.211765, 0.168627, 0.196078, 0.200000, 0.192157, 0.196078, 0.188235, 0.200000, 0.192157, 0.188235, 0.200000, 0.196078, 0.192157, 0.196078, 0.200000, 0.188235, 0.184314, 0.192157, 0.188235, 0.176471, 0.184314, 0.180392, 0.172549, 0.192157, 0.172549, 0.180392, 0.200000, 0.164706, 0.168627, 0.180392, 0.168627, 0.168627, 0.176471, 0.156863, 0.152941, 0.168627, 0.160784, 0.152941, 0.164706, 0.164706, 0.156863, 0.156863, 0.156863, 0.156863, 0.168627, 0.156863, 0.176471, 0.156863, 0.156863, 0.149020, 0.156863, 0.156863, 0.160784, 0.160784, 0.156863, 0.133333, 0.152941, 0.164706, 0.223529, 0.231373, 0.231373, 0.247059, 0.231373, 0.223529, 0.290196, 0.254902, 0.254902, 0.262745, 0.254902, 0.274510, 0.274510, 0.286275, 0.286275, 0.298039, 0.301961, 0.254902, 0.239216, 0.227451, 0.247059, 0.239216, 0.196078, 0.207843, 0.196078, 0.196078, 0.196078, 0.207843, 0.200000, 0.200000, 0.203922, 0.203922, 0.207843, 0.211765, 0.176471, 0.200000, 0.203922, 0.203922, 0.192157, 0.192157, 0.192157, 0.196078, 0.196078, 0.184314, 0.188235, 0.192157, 0.200000, 0.184314, 0.200000, 0.192157, 0.192157, 0.192157, 0.200000, 0.196078, 0.192157, 0.180392, 0.188235, 0.188235, 0.180392, 0.192157, 0.192157, 0.184314, 0.180392, 0.176471, 0.172549, 0.168627, 0.168627, 0.172549, 0.172549, 0.168627, 0.168627, 0.156863, 0.203922, 0.156863, 0.168627, 0.145098, 0.149020, 0.152941, 0.164706, 0.156863, 0.156863, 0.160784, 0.160784, 0.164706, 0.160784, 0.160784, 0.160784, 0.133333, 0.149020, 0.152941, 0.156863, 0.160784, 0.160784, 0.152941, 0.156863, 0.168627, 0.219608, 0.192157, 0.223529, 0.239216, 0.235294, 0.243137, 0.239216, 0.250980, 0.239216, 0.270588, 0.266667, 0.274510, 0.278431, 0.290196, 0.282353, 0.270588, 0.274510, 0.262745, 0.250980, 0.227451, 0.227451, 0.219608, 0.215686, 0.203922, 0.203922, 0.176471, 0.200000, 0.200000, 0.196078, 0.200000, 0.192157, 0.188235, 0.196078, 0.207843, 0.196078, 0.192157, 0.192157, 0.192157, 0.196078, 0.207843, 0.200000, 0.184314, 0.180392, 0.203922, 0.188235, 0.192157, 0.192157, 0.196078, 0.196078, 0.176471, 0.192157, 0.192157, 0.200000, 0.188235, 0.196078, 0.188235, 0.192157, 0.184314, 0.188235, 0.184314, 0.176471, 0.176471, 0.168627, 0.168627, 0.172549, 0.176471, 0.160784, 0.168627, 0.172549, 0.168627, 0.164706, 0.156863, 0.152941, 0.168627, 0.152941, 0.160784, 0.160784, 0.160784, 0.160784, 0.168627, 0.160784, 0.156863, 0.152941, 0.160784, 0.156863, 0.149020, 0.160784, 0.145098, 0.156863, 0.156863, 0.152941, 0.156863, 0.160784, 0.164706, 0.133333, 0.145098, 0.223529, 0.231373, 0.227451, 0.215686, 0.247059, 0.254902, 0.286275, 0.286275, 0.274510, 0.282353, 0.247059, 0.262745, 0.278431, 0.274510, 0.282353, 0.262745, 0.274510, 0.262745, 0.239216, 0.227451, 0.227451, 0.219608, 0.196078, 0.192157, 0.203922, 0.188235, 0.203922, 0.207843, 0.215686, 0.192157, 0.215686, 0.203922, 0.192157, 0.172549, 0.200000, 0.188235, 0.188235, 0.180392, 0.192157, 0.176471, 0.184314, 0.192157, 0.192157, 0.176471, 0.184314, 0.188235, 0.188235, 0.200000, 0.192157, 0.192157, 0.211765, 0.188235, 0.192157, 0.192157, 0.176471, 0.176471, 0.180392, 0.188235, 0.184314, 0.176471, 0.176471, 0.176471, 0.172549, 0.180392, 0.168627, 0.168627, 0.176471, 0.168627, 0.172549, 0.184314, 0.176471, 0.156863, 0.156863, 0.160784, 0.156863, 0.156863, 0.149020, 0.160784, 0.160784, 0.168627, 0.168627, 0.164706, 0.152941, 0.160784, 0.152941, 0.152941, 0.145098, 0.172549, 0.152941, 0.160784, 0.149020, 0.149020, 0.156863, 0.149020, 0.164706, 0.160784, 0.219608, 0.243137, 0.235294, 0.243137, 0.219608, 0.235294, 0.235294, 0.247059, 0.270588, 0.290196, 0.274510, 0.290196, 0.282353, 0.294118, 0.282353, 0.262745, 0.239216, 0.258824, 0.247059, 0.231373, 0.223529, 0.211765, 0.219608, 0.196078, 0.200000, 0.200000, 0.203922, 0.203922, 0.160784, 0.192157, 0.184314, 0.215686, 0.192157, 0.200000, 0.203922, 0.200000, 0.188235, 0.188235, 0.192157, 0.192157, 0.200000, 0.196078, 0.192157, 0.188235, 0.184314, 0.196078, 0.188235, 0.207843, 0.176471, 0.207843, 0.180392, 0.207843, 0.196078, 0.192157, 0.172549, 0.176471, 0.172549, 0.184314, 0.184314, 0.180392, 0.164706, 0.176471, 0.164706, 0.164706, 0.180392, 0.172549, 0.172549, 0.176471, 0.160784, 0.152941, 0.152941, 0.160784, 0.152941, 0.168627, 0.160784, 0.168627, 0.156863, 0.164706, 0.156863, 0.156863, 0.156863, 0.164706, 0.160784, 0.149020, 0.149020, 0.145098, 0.141176, 0.152941, 0.152941, 0.160784, 0.145098, 0.156863, 0.164706, 0.152941, 0.156863, 0.160784, 0.203922, 0.250980, 0.192157, 0.235294, 0.219608, 0.239216, 0.262745, 0.239216, 0.262745, 0.274510, 0.290196, 0.286275, 0.286275, 0.258824, 0.325490, 0.282353, 0.278431, 0.258824, 0.247059, 0.235294, 0.223529, 0.219608, 0.203922, 0.203922, 0.196078, 0.200000, 0.203922, 0.203922, 0.203922, 0.203922, 0.184314, 0.192157, 0.196078, 0.203922, 0.196078, 0.192157, 0.192157, 0.192157, 0.200000, 0.196078, 0.196078, 0.203922, 0.176471, 0.188235, 0.188235, 0.192157, 0.188235, 0.192157, 0.192157, 0.192157, 0.192157, 0.192157, 0.196078, 0.188235, 0.184314, 0.192157, 0.184314, 0.180392, 0.180392, 0.180392, 0.188235, 0.172549, 0.188235, 0.172549, 0.168627, 0.172549, 0.164706, 0.168627, 0.160784, 0.160784, 0.168627, 0.160784, 0.152941, 0.156863, 0.160784, 0.168627, 0.156863, 0.156863, 0.156863, 0.164706, 0.152941, 0.168627, 0.164706, 0.184314, 0.160784, 0.145098, 0.145098, 0.152941, 0.137255, 0.149020, 0.168627, 0.156863, 0.156863, 0.156863, 0.156863, 0.149020, 0.235294, 0.239216, 0.215686, 0.239216, 0.235294, 0.203922, 0.247059, 0.247059, 0.254902, 0.266667, 0.294118, 0.278431, 0.274510, 0.278431, 0.286275, 0.266667, 0.270588, 0.262745, 0.239216, 0.223529, 0.215686, 0.188235, 0.207843, 0.203922, 0.196078, 0.200000, 0.211765, 0.192157, 0.200000, 0.192157, 0.203922, 0.188235, 0.188235, 0.188235, 0.192157, 0.192157, 0.200000, 0.196078, 0.200000, 0.207843, 0.192157, 0.200000, 0.211765, 0.196078, 0.192157, 0.196078, 0.192157, 0.203922, 0.180392, 0.188235, 0.188235, 0.180392, 0.172549, 0.188235, 0.176471, 0.176471, 0.184314, 0.180392, 0.176471, 0.192157, 0.176471, 0.172549, 0.180392, 0.176471, 0.152941, 0.168627, 0.168627, 0.176471, 0.168627, 0.160784, 0.160784, 0.168627, 0.172549, 0.156863, 0.160784, 0.160784, 0.156863, 0.137255, 0.156863, 0.160784, 0.156863, 0.149020, 0.160784, 0.152941, 0.152941, 0.129412, 0.156863, 0.133333, 0.160784, 0.149020, 0.160784, 0.152941, 0.156863, 0.156863, 0.160784, 0.156863, 0.215686, 0.235294, 0.207843, 0.215686, 0.239216, 0.247059, 0.219608, 0.262745, 0.290196, 0.266667, 0.258824, 0.282353, 0.282353, 0.286275, 0.298039, 0.278431, 0.274510, 0.239216, 0.223529, 0.235294, 0.211765, 0.196078, 0.211765, 0.196078, 0.200000, 0.207843, 0.192157, 0.192157, 0.200000, 0.196078, 0.200000, 0.184314, 0.203922, 0.196078, 0.200000, 0.200000, 0.196078, 0.196078, 0.200000, 0.192157, 0.188235, 0.192157, 0.196078, 0.192157, 0.196078, 0.192157, 0.192157, 0.192157, 0.192157, 0.176471, 0.172549, 0.188235, 0.188235, 0.180392, 0.172549, 0.176471, 0.172549, 0.176471, 0.180392, 0.172549, 0.180392, 0.176471, 0.168627, 0.168627, 0.172549, 0.164706, 0.176471, 0.164706, 0.168627, 0.160784, 0.160784, 0.156863, 0.156863, 0.156863, 0.145098, 0.156863, 0.156863, 0.160784, 0.156863, 0.160784, 0.156863, 0.156863, 0.152941, 0.160784, 0.156863, 0.168627, 0.145098, 0.149020, 0.156863, 0.156863, 0.152941, 0.160784, 0.152941, 0.149020, 0.156863, 0.152941, 0.215686, 0.215686, 0.239216, 0.235294, 0.231373, 0.239216, 0.247059, 0.258824, 0.258824, 0.266667, 0.254902, 0.274510, 0.254902, 0.270588, 0.286275, 0.254902, 0.282353, 0.250980, 0.239216, 0.207843, 0.203922, 0.200000, 0.219608, 0.196078, 0.203922, 0.203922, 0.196078, 0.180392, 0.188235, 0.172549, 0.215686, 0.184314, 0.176471, 0.192157, 0.200000, 0.188235, 0.192157, 0.200000, 0.200000, 0.192157, 0.192157, 0.192157, 0.196078, 0.188235, 0.192157, 0.188235, 0.200000, 0.164706, 0.188235, 0.188235, 0.176471, 0.188235, 0.184314, 0.188235, 0.200000, 0.184314, 0.188235, 0.176471, 0.180392, 0.172549, 0.180392, 0.168627, 0.176471, 0.141176, 0.168627, 0.180392, 0.160784, 0.164706, 0.164706, 0.172549, 0.156863, 0.160784, 0.164706, 0.149020, 0.152941, 0.149020, 0.156863, 0.156863, 0.156863, 0.156863, 0.149020, 0.152941, 0.141176, 0.156863, 0.145098, 0.172549, 0.152941, 0.152941, 0.145098, 0.168627, 0.156863, 0.176471, 0.152941, 0.149020, 0.152941, 0.152941, 0.207843, 0.223529, 0.219608, 0.235294, 0.227451, 0.262745, 0.243137, 0.262745, 0.254902, 0.258824, 0.258824, 0.278431, 0.262745, 0.278431, 0.282353, 0.274510, 0.270588, 0.247059, 0.254902, 0.235294, 0.211765, 0.196078, 0.203922, 0.192157, 0.196078, 0.200000, 0.203922, 0.196078, 0.188235, 0.196078, 0.192157, 0.196078, 0.200000, 0.200000, 0.196078, 0.184314, 0.196078, 0.180392, 0.188235, 0.192157, 0.184314, 0.188235, 0.188235, 0.196078, 0.200000, 0.192157, 0.192157, 0.172549, 0.180392, 0.211765, 0.196078, 0.192157, 0.188235, 0.192157, 0.192157, 0.168627, 0.188235, 0.176471, 0.184314, 0.172549, 0.172549, 0.176471, 0.176471, 0.172549, 0.215686, 0.164706, 0.168627, 0.160784, 0.149020, 0.145098, 0.156863, 0.156863, 0.152941, 0.160784, 0.137255, 0.160784, 0.160784, 0.160784, 0.152941, 0.156863, 0.156863, 0.149020, 0.156863, 0.152941, 0.156863, 0.149020, 0.141176, 0.145098, 0.141176, 0.152941, 0.149020, 0.160784, 0.141176, 0.149020, 0.145098, 0.152941, 0.215686, 0.250980, 0.235294, 0.227451, 0.243137, 0.227451, 0.258824, 0.258824, 0.254902, 0.254902, 0.270588, 0.266667, 0.262745, 0.286275, 0.282353, 0.270588, 0.254902, 0.250980, 0.243137, 0.231373, 0.211765, 0.258824, 0.211765, 0.196078, 0.196078, 0.192157, 0.203922, 0.203922, 0.188235, 0.203922, 0.196078, 0.188235, 0.203922, 0.196078, 0.192157, 0.203922, 0.203922, 0.203922, 0.176471, 0.207843, 0.192157, 0.180392, 0.192157, 0.188235, 0.192157, 0.192157, 0.184314, 0.188235, 0.168627, 0.188235, 0.180392, 0.188235, 0.180392, 0.188235, 0.184314, 0.188235, 0.160784, 0.176471, 0.180392, 0.180392, 0.172549, 0.180392, 0.172549, 0.164706, 0.180392, 0.156863, 0.168627, 0.168627, 0.160784, 0.156863, 0.156863, 0.160784, 0.168627, 0.133333, 0.149020, 0.196078, 0.164706, 0.172549, 0.125490, 0.164706, 0.156863, 0.149020, 0.164706, 0.156863, 0.149020, 0.145098, 0.141176, 0.149020, 0.156863, 0.168627, 0.145098, 0.160784, 0.149020, 0.149020, 0.156863, 0.160784, 0.192157, 0.247059, 0.250980, 0.239216, 0.239216, 0.203922, 0.262745, 0.250980, 0.266667, 0.262745, 0.266667, 0.278431, 0.262745, 0.262745, 0.278431, 0.266667, 0.262745, 0.247059, 0.227451, 0.227451, 0.184314, 0.207843, 0.207843, 0.200000, 0.192157, 0.188235, 0.211765, 0.200000, 0.184314, 0.188235, 0.203922, 0.200000, 0.180392, 0.200000, 0.192157, 0.203922, 0.164706, 0.200000, 0.196078, 0.192157, 0.196078, 0.203922, 0.168627, 0.196078, 0.192157, 0.192157, 0.188235, 0.196078, 0.180392, 0.188235, 0.184314, 0.184314, 0.188235, 0.184314, 0.196078, 0.192157, 0.188235, 0.184314, 0.176471, 0.188235, 0.168627, 0.180392, 0.180392, 0.156863, 0.176471, 0.168627, 0.180392, 0.168627, 0.164706, 0.168627, 0.172549, 0.164706, 0.164706, 0.156863, 0.160784, 0.156863, 0.160784, 0.192157, 0.156863, 0.156863, 0.145098, 0.149020, 0.176471, 0.168627, 0.145098, 0.168627, 0.152941, 0.149020, 0.149020, 0.156863, 0.160784, 0.152941, 0.156863, 0.164706, 0.156863, 0.160784, 0.215686, 0.227451, 0.231373, 0.235294, 0.227451, 0.227451, 0.258824, 0.250980, 0.254902, 0.243137, 0.282353, 0.286275, 0.262745, 0.270588, 0.247059, 0.223529, 0.262745, 0.247059, 0.239216, 0.227451, 0.207843, 0.207843, 0.192157, 0.192157, 0.188235, 0.200000, 0.188235, 0.184314, 0.188235, 0.196078, 0.196078, 0.200000, 0.152941, 0.200000, 0.203922, 0.172549, 0.184314, 0.196078, 0.164706, 0.200000, 0.188235, 0.172549, 0.188235, 0.192157, 0.192157, 0.192157, 0.188235, 0.192157, 0.192157, 0.188235, 0.188235, 0.196078, 0.184314, 0.184314, 0.176471, 0.184314, 0.176471, 0.176471, 0.176471, 0.184314, 0.172549, 0.176471, 0.176471, 0.176471, 0.168627, 0.164706, 0.172549, 0.172549, 0.160784, 0.168627, 0.168627, 0.164706, 0.164706, 0.164706, 0.160784, 0.145098, 0.164706, 0.149020, 0.164706, 0.152941, 0.156863, 0.156863, 0.211765, 0.152941, 0.160784, 0.160784, 0.137255, 0.149020, 0.156863, 0.137255, 0.156863, 0.156863, 0.152941, 0.152941, 0.141176, 0.160784, 0.215686, 0.239216, 0.231373, 0.231373, 0.227451, 0.231373, 0.250980, 0.250980, 0.262745, 0.250980, 0.270588, 0.262745, 0.270588, 0.274510, 0.274510, 0.258824, 0.262745, 0.239216, 0.227451, 0.176471, 0.211765, 0.203922, 0.211765, 0.203922, 0.192157, 0.192157, 0.196078, 0.196078, 0.184314, 0.192157, 0.196078, 0.192157, 0.200000, 0.200000, 0.192157, 0.184314, 0.188235, 0.196078, 0.168627, 0.200000, 0.188235, 0.188235, 0.188235, 0.192157, 0.180392, 0.192157, 0.180392, 0.184314, 0.188235, 0.168627, 0.180392, 0.192157, 0.180392, 0.176471, 0.180392, 0.172549, 0.180392, 0.180392, 0.184314, 0.180392, 0.180392, 0.164706, 0.172549, 0.176471, 0.164706, 0.168627, 0.168627, 0.172549, 0.156863, 0.156863, 0.164706, 0.160784, 0.156863, 0.149020, 0.160784, 0.156863, 0.156863, 0.149020, 0.152941, 0.129412, 0.156863, 0.156863, 0.152941, 0.156863, 0.149020, 0.152941, 0.149020, 0.145098, 0.160784, 0.145098, 0.152941, 0.152941, 0.149020, 0.152941, 0.156863, 0.149020, 0.215686, 0.231373, 0.227451, 0.247059, 0.227451, 0.235294, 0.239216, 0.262745, 0.274510, 0.247059, 0.266667, 0.258824, 0.278431, 0.278431, 0.278431, 0.266667, 0.231373, 0.239216, 0.231373, 0.215686, 0.215686, 0.207843, 0.200000, 0.203922, 0.200000, 0.196078, 0.200000, 0.203922, 0.200000, 0.196078, 0.203922, 0.219608, 0.203922, 0.192157, 0.196078, 0.196078, 0.184314, 0.180392, 0.188235, 0.192157, 0.121569, 0.180392, 0.176471, 0.180392, 0.196078, 0.192157, 0.184314, 0.180392, 0.188235, 0.184314, 0.180392, 0.184314, 0.180392, 0.188235, 0.184314, 0.149020, 0.188235, 0.172549, 0.180392, 0.176471, 0.168627, 0.172549, 0.168627, 0.160784, 0.168627, 0.160784, 0.160784, 0.172549, 0.160784, 0.164706, 0.156863, 0.160784, 0.168627, 0.160784, 0.149020, 0.156863, 0.160784, 0.137255, 0.145098, 0.149020, 0.156863, 0.156863, 0.156863, 0.152941, 0.152941, 0.152941, 0.149020, 0.141176, 0.145098, 0.160784, 0.160784, 0.160784, 0.156863, 0.156863, 0.152941, 0.145098, 0.227451, 0.203922, 0.231373, 0.219608, 0.227451, 0.239216, 0.254902, 0.215686, 0.262745, 0.274510, 0.270588, 0.262745, 0.282353, 0.274510, 0.278431, 0.258824, 0.254902, 0.239216, 0.247059, 0.211765, 0.207843, 0.200000, 0.203922, 0.192157, 0.203922, 0.192157, 0.203922, 0.196078, 0.203922, 0.200000, 0.200000, 0.200000, 0.180392, 0.192157, 0.203922, 0.192157, 0.180392, 0.192157, 0.184314, 0.188235, 0.184314, 0.172549, 0.184314, 0.184314, 0.203922, 0.141176, 0.188235, 0.188235, 0.192157, 0.184314, 0.184314, 0.188235, 0.176471, 0.172549, 0.172549, 0.184314, 0.176471, 0.168627, 0.180392, 0.184314, 0.176471, 0.176471, 0.168627, 0.168627, 0.164706, 0.164706, 0.160784, 0.176471, 0.168627, 0.164706, 0.152941, 0.156863, 0.156863, 0.156863, 0.149020, 0.156863, 0.149020, 0.145098, 0.156863, 0.152941, 0.156863, 0.156863, 0.152941, 0.164706, 0.152941, 0.164706, 0.156863, 0.141176, 0.152941, 0.152941, 0.156863, 0.156863, 0.164706, 0.156863, 0.152941, 0.152941, 0.215686, 0.223529, 0.215686, 0.250980, 0.227451, 0.231373, 0.239216, 0.243137, 0.254902, 0.254902, 0.262745, 0.250980, 0.258824, 0.274510, 0.274510, 0.254902, 0.282353, 0.243137, 0.235294, 0.223529, 0.192157, 0.200000, 0.211765, 0.200000, 0.203922, 0.203922, 0.196078, 0.192157, 0.192157, 0.192157, 0.196078, 0.192157, 0.192157, 0.184314, 0.188235, 0.200000, 0.192157, 0.200000, 0.196078, 0.184314, 0.141176, 0.184314, 0.192157, 0.180392, 0.180392, 0.188235, 0.188235, 0.184314, 0.168627, 0.180392, 0.184314, 0.188235, 0.176471, 0.180392, 0.168627, 0.156863, 0.168627, 0.180392, 0.180392, 0.176471, 0.180392, 0.176471, 0.168627, 0.164706, 0.176471, 0.164706, 0.164706, 0.164706, 0.172549, 0.160784, 0.160784, 0.156863, 0.137255, 0.156863, 0.149020, 0.145098, 0.156863, 0.152941, 0.156863, 0.149020, 0.152941, 0.156863, 0.152941, 0.141176, 0.156863, 0.152941, 0.156863, 0.156863, 0.156863, 0.156863, 0.156863, 0.156863, 0.145098, 0.149020, 0.152941, 0.152941, 0.215686, 0.227451, 0.223529, 0.231373, 0.227451, 0.235294, 0.305882, 0.278431, 0.250980, 0.247059, 0.262745, 0.262745, 0.274510, 0.266667, 0.274510, 0.254902, 0.254902, 0.243137, 0.239216, 0.235294, 0.203922, 0.203922, 0.164706, 0.176471, 0.176471, 0.203922, 0.192157, 0.200000, 0.196078, 0.192157, 0.184314, 0.168627, 0.196078, 0.192157, 0.180392, 0.188235, 0.188235, 0.192157, 0.196078, 0.196078, 0.164706, 0.200000, 0.188235, 0.184314, 0.184314, 0.184314, 0.196078, 0.192157, 0.188235, 0.192157, 0.192157, 0.168627, 0.168627, 0.184314, 0.188235, 0.168627, 0.176471, 0.180392, 0.176471, 0.176471, 0.172549, 0.176471, 0.176471, 0.168627, 0.172549, 0.168627, 0.172549, 0.172549, 0.160784, 0.152941, 0.164706, 0.164706, 0.160784, 0.152941, 0.133333, 0.137255, 0.160784, 0.149020, 0.149020, 0.152941, 0.152941, 0.149020, 0.149020, 0.149020, 0.156863, 0.156863, 0.149020, 0.141176, 0.156863, 0[0;31mE (6791) task_wdt: Task watchdog got triggered. The following tasks/users did not reset the watchdog in time:[0m
[0;31mE (6791) task_wdt:  - IDLE0 (CPU 0)[0m
[0;31mE (6791) task_wdt: Tasks currently running:[0m
[0;31mE (6791) task_wdt: CPU 0: tf_main[0m
[0;31mE (6791) task_wdt: CPU 1: IDLE1[0m
[0;31mE (6791) task_wdt: Print CPU 0 (current core) backtrace[0m


Backtrace: 0x400EFFE8:0x3FFB11B0 0x40084595:0x3FFB11E0 0x400D546E:0x3FFB6B60 0x400D606E:0x3FFB6B90 0x400D6DE1:0x3FFB6BC0 0x4000BD83:0x3FFB6BE0 0x4000182A:0x3FFB6C00 0x400D6A05:0x3FFB6C20 0x400D6DE1:0x3FFB6C40 0x40086E95:0x3FFB6C60 0x40086315:0x3FFB6C80 0x4008636A:0x3FFB6CA0 0x40086837:0x3FFB6CC0 0x400F6E0F:0x3FFB6CF0 0x400F67D9:0x3FFB6D10 0x400F8CDB:0x3FFB7030 0x400D8723:0x3FFB7080 0x400D8596:0x3FFB70A0 0x400D7FFA:0x3FFB70E0

.156863, 0.152941, 0.152941, 0.152941, 0.149020, 0.149020, 0.149020, 0.207843, 0.223529, 0.215686, 0.223529, 0.215686, 0.211765, 0.239216, 0.235294, 0.247059, 0.254902, 0.243137, 0.266667, 0.274510, 0.270588, 0.266667, 0.258824, 0.250980, 0.243137, 0.243137, 0.215686, 0.200000, 0.196078, 0.196078, 0.196078, 0.192157, 0.192157, 0.192157, 0.192157, 0.188235, 0.188235, 0.188235, 0.196078, 0.192157, 0.196078, 0.192157, 0.188235, 0.188235, 0.192157, 0.176471, 0.192157, 0.192157, 0.184314, 0.184314, 0.180392, 0.180392, 0.184314, 0.168627, 0.192157, 0.180392, 0.184314, 0.160784, 0.184314, 0.176471, 0.180392, 0.160784, 0.176471, 0.184314, 0.176471, 0.168627, 0.172549, 0.172549, 0.160784, 0.176471, 0.172549, 0.168627, 0.164706, 0.168627, 0.172549, 0.168627, 0.160784, 0.160784, 0.160784, 0.156863, 0.141176, 0.149020, 0.145098, 0.129412, 0.149020, 0.156863, 0.149020, 0.145098, 0.152941, 0.152941, 0.160784, 0.160784, 0.156863, 0.149020, 0.149020, 0.149020, 0.156863, 0.156863, 0.152941, 0.149020, 0.149020, 0.149020, 0.152941, 0.215686, 0.227451, 0.203922, 0.223529, 0.223529, 0.235294, 0.239216, 0.235294, 0.258824, 0.262745, 0.270588, 0.266667, 0.266667, 0.262745, 0.227451, 0.258824, 0.250980, 0.239216, 0.239216, 0.219608, 0.207843, 0.192157, 0.196078, 0.188235, 0.184314, 0.203922, 0.184314, 0.184314, 0.192157, 0.196078, 0.192157, 0.192157, 0.176471, 0.196078, 0.172549, 0.188235, 0.188235, 0.184314, 0.184314, 0.188235, 0.180392, 0.188235, 0.184314, 0.141176, 0.188235, 0.188235, 0.188235, 0.196078, 0.188235, 0.188235, 0.168627, 0.188235, 0.184314, 0.180392, 0.160784, 0.156863, 0.180392, 0.180392, 0.176471, 0.180392, 0.168627, 0.176471, 0.168627, 0.164706, 0.168627, 0.164706, 0.176471, 0.168627, 0.168627, 0.164706, 0.168627, 0.164706, 0.152941, 0.145098, 0.152941, 0.141176, 0.152941, 0.152941, 0.149020, 0.152941, 0.156863, 0.156863, 0.156863, 0.160784, 0.152941, 0.141176, 0.149020, 0.152941, 0.145098, 0.152941, 0.160784, 0.156863, 0.149020, 0.145098, 0.145098, 0.149020, 0.203922, 0.215686, 0.239216, 0.211765, 0.243137, 0.219608, 0.243137, 0.235294, 0.254902, 0.200000, 0.250980, 0.247059, 0.266667, 0.262745, 0.270588, 0.262745, 0.250980, 0.258824, 0.235294, 0.203922, 0.196078, 0.200000, 0.196078, 0.188235, 0.200000, 0.200000, 0.192157, 0.196078, 0.188235, 0.184314, 0.180392, 0.188235, 0.196078, 0.180392, 0.184314, 0.184314, 0.168627, 0.180392, 0.184314, 0.188235, 0.125490, 0.196078, 0.184314, 0.184314, 0.188235, 0.188235, 0.188235, 0.188235, 0.203922, 0.184314, 0.192157, 0.176471, 0.188235, 0.172549, 0.176471, 0.176471, 0.176471, 0.168627, 0.180392, 0.176471, 0.172549, 0.172549, 0.172549, 0.176471, 0.168627, 0.160784, 0.156863, 0.168627, 0.172549, 0.172549, 0.160784, 0.164706, 0.160784, 0.156863, 0.152941, 0.145098, 0.149020, 0.149020, 0.156863, 0.160784, 0.152941, 0.156863, 0.149020, 0.152941, 0.152941, 0.152941, 0.152941, 0.125490, 0.149020, 0.156863, 0.149020, 0.160784, 0.152941, 0.149020, 0.149020, 0.145098, 0.219608, 0.219608, 0.227451, 0.227451, 0.223529, 0.219608, 0.239216, 0.235294, 0.305882, 0.258824, 0.254902, 0.258824, 0.262745, 0.274510, 0.274510, 0.250980, 0.247059, 0.239216, 0.235294, 0.211765, 0.203922, 0.207843, 0.184314, 0.192157, 0.196078, 0.192157, 0.196078, 0.184314, 0.196078, 0.192157, 0.196078, 0.196078, 0.188235, 0.180392, 0.168627, 0.164706, 0.192157, 0.188235, 0.192157, 0.203922, 0.192157, 0.192157, 0.196078, 0.200000, 0.188235, 0.180392, 0.188235, 0.192157, 0.176471, 0.180392, 0.192157, 0.184314, 0.180392, 0.180392, 0.184314, 0.168627, 0.180392, 0.160784, 0.176471, 0.176471, 0.172549, 0.176471, 0.176471, 0.172549, 0.172549, 0.160784, 0.156863, 0.168627, 0.160784, 0.152941, 0.149020, 0.156863, 0.160784, 0.160784, 0.149020, 0.149020, 0.160784, 0.156863, 0.149020, 0.156863, 0.160784, 0.160784, 0.152941, 0.152941, 0.160784, 0.145098, 0.156863, 0.145098, 0.145098, 0.145098, 0.149020, 0.145098, 0.137255, 0.145098, 0.156863, 0.149020, 0.211765, 0.203922, 0.223529, 0.227451, 0.160784, 0.231373, 0.247059, 0.231373, 0.239216, 0.247059, 0.266667, 0.270588, 0.266667, 0.274510, 0.270588, 0.254902, 0.250980, 0.239216, 0.239216, 0.223529, 0.180392, 0.203922, 0.192157, 0.192157, 0.203922, 0.200000, 0.184314, 0.192157, 0.192157, 0.176471, 0.184314, 0.192157, 0.192157, 0.172549, 0.188235, 0.180392, 0.188235, 0.184314, 0.203922, 0.180392, 0.192157, 0.188235, 0.192157, 0.192157, 0.188235, 0.176471, 0.188235, 0.180392, 0.188235, 0.184314, 0.188235, 0.180392, 0.176471, 0.180392, 0.184314, 0.188235, 0.176471, 0.176471, 0.172549, 0.168627, 0.164706, 0.176471, 0.180392, 0.168627, 0.145098, 0.172549, 0.168627, 0.164706, 0.168627, 0.156863, 0.160784, 0.141176, 0.145098, 0.149020, 0.137255, 0.145098, 0.152941, 0.152941, 0.145098, 0.156863, 0.149020, 0.149020, 0.149020, 0.156863, 0.160784, 0.156863, 0.149020, 0.156863, 0.152941, 0.145098, 0.125490, 0.152941, 0.141176, 0.152941, 0.152941, 0.141176, 0.215686, 0.207843, 0.258824, 0.227451, 0.219608, 0.239216, 0.239216, 0.243137, 0.262745, 0.262745, 0.219608, 0.262745, 0.270588, 0.266667, 0.247059, 0.243137, 0.227451, 0.239216, 0.227451, 0.211765, 0.211765, 0.188235, 0.188235, 0.192157, 0.168627, 0.184314, 0.172549, 0.196078, 0.196078, 0.200000, 0.188235, 0.192157, 0.184314, 0.196078, 0.184314, 0.184314, 0.192157, 0.207843, 0.180392, 0.184314, 0.184314, 0.247059, 0.180392, 0.180392, 0.180392, 0.180392, 0.172549, 0.180392, 0.180392, 0.192157, 0.172549, 0.164706, 0.176471, 0.176471, 0.168627, 0.180392, 0.168627, 0.172549, 0.176471, 0.168627, 0.168627, 0.168627, 0.172549, 0.176471, 0.164706, 0.168627, 0.160784, 0.164706, 0.160784, 0.149020, 0.156863, 0.152941, 0.149020, 0.145098, 0.149020, 0.145098, 0.149020, 0.156863, 0.152941, 0.145098, 0.156863, 0.137255, 0.149020, 0.149020, 0.145098, 0.152941, 0.149020, 0.149020, 0.149020, 0.141176, 0.152941, 0.149020, 0.156863, 0.149020, 0.141176, 0.145098, 0.215686, 0.215686, 0.227451, 0.211765, 0.219608, 0.239216, 0.235294, 0.243137, 0.243137, 0.250980, 0.270588, 0.262745, 0.262745, 0.254902, 0.266667, 0.250980, 0.247059, 0.235294, 0.207843, 0.203922, 0.211765, 0.207843, 0.188235, 0.200000, 0.192157, 0.180392, 0.184314, 0.200000, 0.200000, 0.192157, 0.188235, 0.192157, 0.200000, 0.188235, 0.188235, 0.184314, 0.172549, 0.192157, 0.184314, 0.196078, 0.188235, 0.196078, 0.176471, 0.188235, 0.192157, 0.180392, 0.172549, 0.172549, 0.180392, 0.192157, 0.180392, 0.188235, 0.180392, 0.180392, 0.176471, 0.176471, 0.180392, 0.156863, 0.180392, 0.172549, 0.164706, 0.168627, 0.168627, 0.168627, 0.176471, 0.172549, 0.168627, 0.168627, 0.168627, 0.156863, 0.156863, 0.156863, 0.152941, 0.164706, 0.145098, 0.156863, 0.156863, 0.145098, 0.145098, 0.141176, 0.133333, 0.152941, 0.152941, 0.156863, 0.149020, 0.145098, 0.149020, 0.156863, 0.145098, 0.117647, 0.156863, 0.156863, 0.133333, 0.149020, 0.145098, 0.156863, 0.215686, 0.215686, 0.211765, 0.223529, 0.223529, 0.235294, 0.239216, 0.243137, 0.227451, 0.282353, 0.250980, 0.254902, 0.262745, 0.274510, 0.262745, 0.250980, 0.254902, 0.231373, 0.219608, 0.215686, 0.196078, 0.203922, 0.196078, 0.200000, 0.188235, 0.192157, 0.192157, 0.184314, 0.156863, 0.156863, 0.188235, 0.203922, 0.200000, 0.188235, 0.180392, 0.184314, 0.188235, 0.192157, 0.188235, 0.192157, 0.184314, 0.180392, 0.192157, 0.188235, 0.172549, 0.176471, 0.180392, 0.184314, 0.180392, 0.180392, 0.160784, 0.188235, 0.180392, 0.180392, 0.180392, 0.172549, 0.168627, 0.172549, 0.180392, 0.164706, 0.168627, 0.176471, 0.172549, 0.168627, 0.156863, 0.152941, 0.164706, 0.168627, 0.164706, 0.160784, 0.156863, 0.156863, 0.172549, 0.168627, 0.145098, 0.156863, 0.152941, 0.145098, 0.152941, 0.160784, 0.137255, 0.156863, 0.160784, 0.133333, 0.152941, 0.141176, 0.137255, 0.145098, 0.156863, 0.145098, 0.145098, 0.156863, 0.156863, 0.141176, 0.145098, 0.145098, 0.211765, 0.215686, 0.223529, 0.231373, 0.223529, 0.235294, 0.235294, 0.235294, 0.239216, 0.250980, 0.247059, 0.250980, 0.262745, 0.196078, 0.243137, 0.247059, 0.235294, 0.247059, 0.239216, 0.215686, 0.203922, 0.203922, 0.196078, 0.180392, 0.203922, 0.180392, 0.184314, 0.184314, 0.188235, 0.200000, 0.180392, 0.192157, 0.180392, 0.200000, 0.192157, 0.172549, 0.188235, 0.184314, 0.188235, 0.188235, 0.180392, 0.180392, 0.192157, 0.188235, 0.188235, 0.192157, 0.184314, 0.180392, 0.180392, 0.176471, 0.168627, 0.180392, 0.180392, 0.168627, 0.172549, 0.188235, 0.172549, 0.176471, 0.172549, 0.188235, 0.137255, 0.168627, 0.176471, 0.160784, 0.141176, 0.176471, 0.160784, 0.160784, 0.145098, 0.145098, 0.152941, 0.152941, 0.149020, 0.149020, 0.149020, 0.156863, 0.152941, 0.149020, 0.164706, 0.156863, 0.141176, 0.145098, 0.160784, 0.156863, 0.149020, 0.156863, 0.156863, 0.149020, 0.145098, 0.152941, 0.156863, 0.133333, 0.152941, 0.156863, 0.152941, 0.152941, 0.223529, 0.215686, 0.227451, 0.231373, 0.235294, 0.219608, 0.231373, 0.239216, 0.247059, 0.250980, 0.258824, 0.250980, 0.254902, 0.258824, 0.258824, 0.247059, 0.239216, 0.207843, 0.207843, 0.215686, 0.196078, 0.203922, 0.200000, 0.188235, 0.192157, 0.192157, 0.192157, 0.192157, 0.188235, 0.196078, 0.192157, 0.188235, 0.196078, 0.184314, 0.184314, 0.188235, 0.184314, 0.180392, 0.176471, 0.196078, 0.184314, 0.180392, 0.176471, 0.184314, 0.180392, 0.180392, 0.172549, 0.188235, 0.180392, 0.180392, 0.180392, 0.180392, 0.188235, 0.176471, 0.168627, 0.188235, 0.164706, 0.168627, 0.164706, 0.180392, 0.176471, 0.160784, 0.160784, 0.164706, 0.160784, 0.180392, 0.168627, 0.164706, 0.117647, 0.152941, 0.160784, 0.164706, 0.145098, 0.156863, 0.160784, 0.156863, 0.156863, 0.156863, 0.145098, 0.152941, 0.152941, 0.145098, 0.152941, 0.137255, 0.145098, 0.156863, 0.145098, 0.137255, 0.141176, 0.156863, 0.152941, 0.145098, 0.149020, 0.145098, 0.152941, 0.152941, 0.196078, 0.231373, 0.223529, 0.231373, 0.227451, 0.227451, 0.239216, 0.231373, 0.239216, 0.247059, 0.254902, 0.250980, 0.254902, 0.278431, 0.247059, 0.243137, 0.235294, 0.247059, 0.207843, 0.215686, 0.211765, 0.188235, 0.203922, 0.215686, 0.215686, 0.188235, 0.184314, 0.192157, 0.192157, 0.192157, 0.184314, 0.176471, 0.168627, 0.184314, 0.192157, 0.196078, 0.176471, 0.188235, 0.192157, 0.188235, 0.192157, 0.172549, 0.180392, 0.156863, 0.180392, 0.192157, 0.180392, 0.176471, 0.176471, 0.176471, 0.180392, 0.180392, 0.184314, 0.176471, 0.172549, 0.180392, 0.180392, 0.168627, 0.172549, 0.172549, 0.172549, 0.176471, 0.180392, 0.164706, 0.168627, 0.168627, 0.164706, 0.172549, 0.164706, 0.152941, 0.164706, 0.152941, 0.156863, 0.149020, 0.145098, 0.152941, 0.152941, 0.156863, 0.149020, 0.149020, 0.149020, 0.160784, 0.149020, 0.149020, 0.145098, 0.145098, 0.152941, 0.149020, 0.164706, 0.145098, 0.141176, 0.145098, 0.149020, 0.137255, 0.149020, 0.152941, 0.223529, 0.192157, 0.211765, 0.219608, 0.231373, 0.227451, 0.235294, 0.247059, 0.250980, 0.247059, 0.270588, 0.254902, 0.270588, 0.258824, 0.254902, 0.247059, 0.247059, 0.239216, 0.203922, 0.211765, 0.196078, 0.196078, 0.176471, 0.192157, 0.180392, 0.196078, 0.180392, 0.184314, 0.196078, 0.196078, 0.164706, 0.196078, 0.180392, 0.184314, 0.184314, 0.176471, 0.176471, 0.192157, 0.196078, 0.188235, 0.180392, 0.192157, 0.184314, 0.180392, 0.180392, 0.192157, 0.188235, 0.184314, 0.176471, 0.180392, 0.176471, 0.180392, 0.184314, 0.188235, 0.172549, 0.176471, 0.168627, 0.180392, 0.172549, 0.176471, 0.176471, 0.137255, 0.156863, 0.168627, 0.164706, 0.168627, 0.172549, 0.160784, 0.164706, 0.156863, 0.156863, 0.152941, 0.160784, 0.149020, 0.156863, 0.164706, 0.160784, 0.152941, 0.156863, 0.149020, 0.149020, 0.149020, 0.149020, 0.145098, 0.152941, 0.149020, 0.149020, 0.149020, 0.152941, 0.149020, 0.152941, 0.152941, 0.152941, 0.141176, 0.145098, 0.149020, 0.203922, 0.227451, 0.215686, 0.223529, 0.223529, 0.250980, 0.223529, 0.231373, 0.243137, 0.243137, 0.262745, 0.254902, 0.254902, 0.254902, 0.223529, 0.239216, 0.239216, 0.239216, 0.231373, 0.215686, 0.196078, 0.196078, 0.192157, 0.192157, 0.188235, 0.196078, 0.188235, 0.192157, 0.184314, 0.184314, 0.184314, 0.192157, 0.192157, 0.184314, 0.176471, 0.180392, 0.207843, 0.176471, 0.176471, 0.180392, 0.188235, 0.180392, 0.184314, 0.188235, 0.184314, 0.188235, 0.192157, 0.180392, 0.188235, 0.180392, 0.180392, 0.180392, 0.164706, 0.168627, 0.180392, 0.180392, 0.176471, 0.180392, 0.168627, 0.180392, 0.188235, 0.172549, 0.160784, 0.164706, 0.180392, 0.180392, 0.160784, 0.164706, 0.152941, 0.149020, 0.164706, 0.156863, 0.164706, 0.145098, 0.156863, 0.156863, 0.156863, 0.149020, 0.145098, 0.156863, 0.152941, 0.160784, 0.156863, 0.145098, 0.145098, 0.149020, 0.145098, 0.176471, 0.149020, 0.149020, 0.156863, 0.172549, 0.149020, 0.149020, 0.152941, 0.149020, 0.254902, 0.196078, 0.231373, 0.223529, 0.231373, 0.250980, 0.243137, 0.243137, 0.250980, 0.262745, 0.247059, 0.258824, 0.254902, 0.254902, 0.254902, 0.239216, 0.243137, 0.270588, 0.227451, 0.203922, 0.200000, 0.200000, 0.192157, 0.200000, 0.176471, 0.200000, 0.192157, 0.188235, 0.192157, 0.176471, 0.184314, 0.180392, 0.168627, 0.188235, 0.200000, 0.196078, 0.184314, 0.188235, 0.188235, 0.184314, 0.192157, 0.184314, 0.180392, 0.168627, 0.180392, 0.180392, 0.180392, 0.184314, 0.180392, 0.180392, 0.184314, 0.172549, 0.180392, 0.180392, 0.172549, 0.152941, 0.188235, 0.176471, 0.180392, 0.180392, 0.176471, 0.180392, 0.176471, 0.172549, 0.168627, 0.168627, 0.168627, 0.164706, 0.156863, 0.152941, 0.152941, 0.152941, 0.164706, 0.160784, 0.156863, 0.160784, 0.156863, 0.152941, 0.145098, 0.152941, 0.156863, 0.145098, 0.149020, 0.156863, 0.149020, 0.145098, 0.152941, 0.168627, 0.160784, 0.152941, 0.156863, 0.152941, 0.156863, 0.156863, 0.152941, 0.160784, 0.215686, 0.227451, 0.227451, 0.223529, 0.231373, 0.235294, 0.239216, 0.235294, 0.239216, 0.219608, 0.301961, 0.247059, 0.250980, 0.250980, 0.250980, 0.247059, 0.227451, 0.235294, 0.211765, 0.203922, 0.196078, 0.200000, 0.200000, 0.200000, 0.192157, 0.184314, 0.188235, 0.184314, 0.192157, 0.168627, 0.192157, 0.184314, 0.192157, 0.188235, 0.196078, 0.188235, 0.176471, 0.192157, 0.188235, 0.184314, 0.192157, 0.192157, 0.172549, 0.168627, 0.184314, 0.180392, 0.188235, 0.180392, 0.184314, 0.180392, 0.180392, 0.176471, 0.172549, 0.176471, 0.180392, 0.164706, 0.172549, 0.168627, 0.180392, 0.180392, 0.176471, 0.180392, 0.180392, 0.164706, 0.160784, 0.152941, 0.149020, 0.152941, 0.156863, 0.156863, 0.152941, 0.149020, 0.164706, 0.156863, 0.156863, 0.156863, 0.156863, 0.156863, 0.149020, 0.152941, 0.149020, 0.152941, 0.149020, 0.145098, 0.156863, 0.149020, 0.145098, 0.152941, 0.137255, 0.145098, 0.152941, 0.149020, 0.156863, 0.156863, 0.149020, 0.137255, 0.192157, 0.207843, 0.270588, 0.219608, 0.227451, 0.188235, 0.243137, 0.196078, 0.215686, 0.250980, 0.270588, 0.254902, 0.247059, 0.258824, 0.254902, 0.239216, 0.254902, 0.239216, 0.207843, 0.215686, 0.203922, 0.200000, 0.196078, 0.180392, 0.196078, 0.184314, 0.196078, 0.184314, 0.188235, 0.184314, 0.188235, 0.188235, 0.176471, 0.192157, 0.184314, 0.188235, 0.184314, 0.176471, 0.188235, 0.184314, 0.192157, 0.180392, 0.172549, 0.188235, 0.180392, 0.192157, 0.164706, 0.168627, 0.180392, 0.176471, 0.168627, 0.176471, 0.172549, 0.184314, 0.172549, 0.184314, 0.164706, 0.168627, 0.168627, 0.176471, 0.176471, 0.164706, 0.184314, 0.160784, 0.164706, 0.152941, 0.172549, 0.152941, 0.133333, 0.141176, 0.160784, 0.156863, 0.152941, 0.145098, 0.172549, 0.156863, 0.156863, 0.156863, 0.152941, 0.137255, 0.152941, 0.152941, 0.149020, 0.149020, 0.149020, 0.145098, 0.145098, 0.133333, 0.145098, 0.145098, 0.152941, 0.156863, 0.137255, 0.145098, 0.149020, 0.145098, 0.219608, 0.223529, 0.215686, 0.239216, 0.231373, 0.227451, 0.239216, 0.227451, 0.278431, 0.247059, 0.250980, 0.250980, 0.258824, 0.258824, 0.239216, 0.239216, 0.207843, 0.227451, 0.211765, 0.203922, 0.200000, 0.203922, 0.188235, 0.196078, 0.192157, 0.192157, 0.184314, 0.180392, 0.180392, 0.188235, 0.184314, 0.196078, 0.176471, 0.188235, 0.192157, 0.180392, 0.200000, 0.184314, 0.184314, 0.176471, 0.180392, 0.211765, 0.180392, 0.176471, 0.172549, 0.184314, 0.180392, 0.180392, 0.184314, 0.180392, 0.184314, 0.184314, 0.176471, 0.172549, 0.172549, 0.176471, 0.176471, 0.168627, 0.160784, 0.156863, 0.164706, 0.192157, 0.176471, 0.164706, 0.164706, 0.164706, 0.145098, 0.156863, 0.152941, 0.156863, 0.180392, 0.152941, 0.164706, 0.156863, 0.160784, 0.149020, 0.156863, 0.156863, 0.145098, 0.141176, 0.141176, 0.152941, 0.149020, 0.149020, 0.149020, 0.129412, 0.145098, 0.152941, 0.156863, 0.156863, 0.145098, 0.149020, 0.152941, 0.149020, 0.149020, 0.149020, 0.200000, 0.211765, 0.219608, 0.231373, 0.200000, 0.227451, 0.219608, 0.239216, 0.231373, 0.227451, 0.239216, 0.235294, 0.254902, 0.250980, 0.254902, 0.243137, 0.239216, 0.227451, 0.211765, 0.192157, 0.192157, 0.203922, 0.192157, 0.180392, 0.196078, 0.192157, 0.180392, 0.180392, 0.180392, 0.192157, 0.192157, 0.192157, 0.176471, 0.184314, 0.192157, 0.180392, 0.196078, 0.192157, 0.172549, 0.184314, 0.180392, 0.207843, 0.192157, 0.188235, 0.184314, 0.164706, 0.184314, 0.184314, 0.192157, 0.168627, 0.184314, 0.188235, 0.168627, 0.168627, 0.168627, 0.172549, 0.192157, 0.168627, 0.180392, 0.160784, 0.176471, 0.200000, 0.172549, 0.137255, 0.145098, 0.141176, 0.145098, 0.160784, 0.160784, 0.156863, 0.156863, 0.145098, 0.156863, 0.160784, 0.156863, 0.156863, 0.145098, 0.145098, 0.145098, 0.152941, 0.184314, 0.152941, 0.156863, 0.149020, 0.121569, 0.168627, 0.156863, 0.141176, 0.145098, 0.145098, 0.152941, 0.149020, 0.152941, 0.149020, 0.145098, 0.149020, 0.180392, 0.192157, 0.196078, 0.211765, 0.231373, 0.235294, 0.227451, 0.211765, 0.239216, 0.262745, 0.250980, 0.247059, 0.274510, 0.278431, 0.250980, 0.278431, 0.227451, 0.211765, 0.203922, 0.203922, 0.192157, 0.192157, 0.184314, 0.188235, 0.200000, 0.192157, 0.184314, 0.188235, 0.184314, 0.168627, 0.184314, 0.196078, 0.176471, 0.184314, 0.192157, 0.176471, 0.184314, 0.180392, 0.188235, 0.180392, 0.180392, 0.180392, 0.164706, 0.152941, 0.180392, 0.184314, 0.168627, 0.188235, 0.192157, 0.180392, 0.180392, 0.180392, 0.176471, 0.180392, 0.168627, 0.164706, 0.180392, 0.180392, 0.164706, 0.172549, 0.176471, 0.164706, 0.160784, 0.156863, 0.156863, 0.152941, 0.164706, 0.149020, 0.156863, 0.168627, 0.156863, 0.152941, 0.156863, 0.156863, 0.156863, 0.156863, 0.141176, 0.156863, 0.141176, 0.156863, 0.152941, 0.156863, 0.156863, 0.149020, 0.156863, 0.137255, 0.145098, 0.145098, 0.149020, 0.145098, 0.152941, 0.156863, 0.156863, 0.149020, 0.145098, 0.149020, 0.203922, 0.223529, 0.188235, 0.258824, 0.227451, 0.227451, 0.227451, 0.207843, 0.227451, 0.243137, 0.239216, 0.250980, 0.231373, 0.196078, 0.258824, 0.239216, 0.231373, 0.215686, 0.227451, 0.203922, 0.188235, 0.200000, 0.192157, 0.188235, 0.180392, 0.203922, 0.192157, 0.196078, 0.188235, 0.188235, 0.192157, 0.188235, 0.176471, 0.180392, 0.168627, 0.203922, 0.176471, 0.176471, 0.188235, 0.188235, 0.180392, 0.188235, 0.184314, 0.164706, 0.180392, 0.184314, 0.184314, 0.184314, 0.172549, 0.180392, 0.184314, 0.176471, 0.176471, 0.156863, 0.180392, 0.172549, 0.172549, 0.172549, 0.176471, 0.172549, 0.176471, 0.168627, 0.164706, 0.168627, 0.164706, 0.160784, 0.160784, 0.168627, 0.164706, 0.172549, 0.160784, 0.152941, 0.164706, 0.156863, 0.156863, 0.156863, 0.149020, 0.164706, 0.156863, 0.160784, 0.149020, 0.156863, 0.160784, 0.156863, 0.152941, 0.145098, 0.145098, 0.141176, 0.152941, 0.133333, 0.145098, 0.145098, 0.149020, 0.149020, 0.145098, 0.145098, 0.203922, 0.203922, 0.227451, 0.219608, 0.239216, 0.227451, 0.227451, 0.203922, 0.227451, 0.262745, 0.266667, 0.247059, 0.250980, 0.250980, 0.231373, 0.231373, 0.235294, 0.215686, 0.211765, 0.211765, 0.192157, 0.196078, 0.192157, 0.203922, 0.180392, 0.180392, 0.192157, 0.196078, 0.192157, 0.192157, 0.196078, 0.188235, 0.188235, 0.188235, 0.168627, 0.207843, 0.176471, 0.200000, 0.184314, 0.176471, 0.188235, 0.192157, 0.168627, 0.180392, 0.188235, 0.176471, 0.180392, 0.180392, 0.176471, 0.180392, 0.180392, 0.184314, 0.184314, 0.192157, 0.180392, 0.180392, 0.156863, 0.172549, 0.176471, 0.168627, 0.168627, 0.129412, 0.160784, 0.152941, 0.168627, 0.164706, 0.168627, 0.152941, 0.152941, 0.164706, 0.160784, 0.160784, 0.164706, 0.152941, 0.156863, 0.149020, 0.156863, 0.145098, 0.145098, 0.156863, 0.156863, 0.156863, 0.149020, 0.156863, 0.156863, 0.149020, 0.149020, 0.145098, 0.149020, 0.149020, 0.141176, 0.152941, 0.152941, 0.156863, 0.152941, 0.149020, 0.164706, 0.219608, 0.223529, 0.231373, 0.219608, 0.227451, 0.235294, 0.250980, 0.231373, 0.235294, 0.239216, 0.239216, 0.250980, 0.243137, 0.239216, 0.227451, 0.215686, 0.203922, 0.211765, 0.207843, 0.196078, 0.196078, 0.180392, 0.188235, 0.184314, 0.184314, 0.184314, 0.196078, 0.160784, 0.188235, 0.188235, 0.156863, 0.149020, 0.192157, 0.180392, 0.184314, 0.180392, 0.192157, 0.184314, 0.192157, 0.180392, 0.172549, 0.176471, 0.176471, 0.196078, 0.184314, 0.152941, 0.176471, 0.180392, 0.184314, 0.180392, 0.188235, 0.180392, 0.176471, 0.180392, 0.172549, 0.152941, 0.176471, 0.168627, 0.160784, 0.172549, 0.168627, 0.172549, 0.168627, 0.152941, 0.156863, 0.160784, 0.145098, 0.156863, 0.164706, 0.164706, 0.156863, 0.156863, 0.156863, 0.152941, 0.156863, 0.152941, 0.149020, 0.145098, 0.145098, 0.149020, 0.152941, 0.145098, 0.152941, 0.168627, 0.145098, 0.137255, 0.145098, 0.137255, 0.145098, 0.149020, 0.145098, 0.152941, 0.152941, 0.152941, 0.145098, 0.203922, 0.219608, 0.203922, 0.211765, 0.227451, 0.211765, 0.227451, 0.231373, 0.243137, 0.227451, 0.227451, 0.239216, 0.239216, 0.243137, 0.231373, 0.235294, 0.219608, 0.219608, 0.203922, 0.200000, 0.184314, 0.203922, 0.192157, 0.188235, 0.184314, 0.180392, 0.192157, 0.184314, 0.164706, 0.192157, 0.188235, 0.192157, 0.145098, 0.172549, 0.180392, 0.180392, 0.172549, 0.184314, 0.180392, 0.168627, 0.168627, 0.172549, 0.168627, 0.180392, 0.176471, 0.180392, 0.180392, 0.180392, 0.172549, 0.164706, 0.164706, 0.176471, 0.180392, 0.176471, 0.176471, 0.176471, 0.180392, 0.172549, 0.172549, 0.164706, 0.156863, 0.168627, 0.168627, 0.156863, 0.160784, 0.145098, 0.160784, 0.164706, 0.156863, 0.152941, 0.152941, 0.156863, 0.149020, 0.152941, 0.152941, 0.152941, 0.145098, 0.145098, 0.152941, 0.152941, 0.149020, 0.141176, 0.156863, 0.152941, 0.141176, 0.145098, 0.145098, 0.149020, 0.137255, 0.137255, 0.149020, 0.145098, 0.145098, 0.137255, 0.133333, 0.141176, 0.223529, 0.203922, 0.203922, 0.207843, 0.243137, 0.211765, 0.231373, 0.227451, 0.223529, 0.247059, 0.243137, 0.223529, 0.250980, 0.235294, 0.247059, 0.231373, 0.231373, 0.211765, 0.203922, 0.203922, 0.200000, 0.196078, 0.172549, 0.200000, 0.184314, 0.200000, 0.184314, 0.168627, 0.192157, 0.188235, 0.184314, 0.180392, 0.180392, 0.184314, 0.184314, 0.180392, 0.188235, 0.188235, 0.196078, 0.184314, 0.180392, 0.184314, 0.184314, 0.172549, 0.164706, 0.176471, 0.184314, 0.180392, 0.180392, 0.180392, 0.180392, 0.176471, 0.172549, 0.164706, 0.176471, 0.168627, 0.168627, 0.176471, 0.164706, 0.180392, 0.168627, 0.164706, 0.164706, 0.168627, 0.160784, 0.160784, 0.160784, 0.168627, 0.152941, 0.149020, 0.152941, 0.149020, 0.149020, 0.149020, 0.152941, 0.152941, 0.149020, 0.149020, 0.145098, 0.152941, 0.172549, 0.156863, 0.160784, 0.152941, 0.145098, 0.145098, 0.133333, 0.133333, 0.145098, 0.149020, 0.145098, 0.149020, 0.145098, 0.145098, 0.145098, 0.145098, 0.219608, 0.203922, 0.200000, 0.215686, 0.219608, 0.203922, 0.215686, 0.227451, 0.231373, 0.235294, 0.239216, 0.227451, 0.266667, 0.235294, 0.211765, 0.231373, 0.243137, 0.200000, 0.203922, 0.203922, 0.200000, 0.164706, 0.188235, 0.200000, 0.149020, 0.192157, 0.184314, 0.176471, 0.180392, 0.192157, 0.180392, 0.168627, 0.160784, 0.172549, 0.188235, 0.188235, 0.176471, 0.184314, 0.184314, 0.188235, 0.180392, 0.180392, 0.180392, 0.180392, 0.176471, 0.176471, 0.180392, 0.180392, 0.172549, 0.180392, 0.168627, 0.180392, 0.172549, 0.176471, 0.176471, 0.172549, 0.176471, 0.184314, 0.176471, 0.172549, 0.168627, 0.168627, 0.176471, 0.149020, 0.168627, 0.156863, 0.164706, 0.156863, 0.160784, 0.160784, 0.160784, 0.172549, 0.168627, 0.152941, 0.149020, 0.145098, 0.145098, 0.149020, 0.164706, 0.152941, 0.152941, 0.156863, 0.156863, 0.152941, 0.141176, 0.152941, 0.152941, 0.149020, 0.141176, 0.145098, 0.145098, 0.133333, 0.145098, 0.145098, 0.149020, 0.145098, 0.203922, 0.219608, 0.207843, 0.215686, 0.211765, 0.215686, 0.219608, 0.203922, 0.211765, 0.235294, 0.254902, 0.250980, 0.227451, 0.243137, 0.235294, 0.231373, 0.207843, 0.215686, 0.223529, 0.211765, 0.200000, 0.192157, 0.188235, 0.188235, 0.188235, 0.180392, 0.180392, 0.192157, 0.188235, 0.176471, 0.184314, 0.188235, 0.184314, 0.160784, 0.184314, 0.180392, 0.176471, 0.176471, 0.176471, 0.168627, 0.180392, 0.176471, 0.184314, 0.184314, 0.176471, 0.176471, 0.184314, 0.184314, 0.172549, 0.180392, 0.168627, 0.180392, 0.172549, 0.168627, 0.176471, 0.164706, 0.164706, 0.152941, 0.160784, 0.160784, 0.164706, 0.172549, 0.160784, 0.160784, 0.156863, 0.156863, 0.156863, 0.176471, 0.156863, 0.156863, 0.156863, 0.160784, 0.149020, 0.152941, 0.149020, 0.149020, 0.149020, 0.149020, 0.141176, 0.152941, 0.149020, 0.145098, 0.152941, 0.141176, 0.141176, 0.145098, 0.152941, 0.145098, 0.145098, 0.149020, 0.152941, 0.156863, 0.141176, 0.149020, 0.137255, 0.145098, 0.203922, 0.196078, 0.211765, 0.211765, 0.207843, 0.219608, 0.227451, 0.250980, 0.219608, 0.247059, 0.231373, 0.235294, 0.239216, 0.243137, 0.219608, 0.235294, 0.219608, 0.219608, 0.203922, 0.203922, 0.200000, 0.188235, 0.192157, 0.184314, 0.180392, 0.184314, 0.180392, 0.184314, 0.180392, 0.184314, 0.184314, 0.184314, 0.192157, 0.168627, 0.184314, 0.196078, 0.172549, 0.176471, 0.188235, 0.184314, 0.180392, 0.172549, 0.172549, 0.156863, 0.188235, 0.180392, 0.172549, 0.164706, 0.176471, 0.168627, 0.168627, 0.176471, 0.188235, 0.184314, 0.180392, 0.168627, 0.172549, 0.164706, 0.164706, 0.168627, 0.160784, 0.168627, 0.164706, 0.160784, 0.160784, 0.164706, 0.176471, 0.156863, 0.152941, 0.149020, 0.160784, 0.156863, 0.156863, 0.156863, 0.149020, 0.156863, 0.149020, 0.145098, 0.141176, 0.149020, 0.152941, 0.156863, 0.152941, 0.137255, 0.145098, 0.149020, 0.149020, 0.149020, 0.145098, 0.133333, 0.149020, 0.149020, 0.121569, 0.145098, 0.145098, 0.149020, 0.211765, 0.203922, 0.200000, 0.203922, 0.207843, 0.227451, 0.211765, 0.227451, 0.219608, 0.231373, 0.239216, 0.250980, 0.239216, 0.247059, 0.235294, 0.227451, 0.219608, 0.223529, 0.203922, 0.203922, 0.200000, 0.184314, 0.196078, 0.192157, 0.192157, 0.180392, 0.188235, 0.184314, 0.180392, 0.180392, 0.176471, 0.184314, 0.180392, 0.180392, 0.180392, 0.184314, 0.180392, 0.184314, 0.180392, 0.176471, 0.176471, 0.188235, 0.168627, 0.188235, 0.180392, 0.172549, 0.176471, 0.172549, 0.172549, 0.172549, 0.172549, 0.184314, 0.176471, 0.172549, 0.168627, 0.168627, 0.164706, 0.164706, 0.164706, 0.168627, 0.168627, 0.168627, 0.152941, 0.176471, 0.152941, 0.160784, 0.156863, 0.160784, 0.164706, 0.156863, 0.145098, 0.149020, 0.156863, 0.156863, 0.152941, 0.149020, 0.156863, 0.149020, 0.145098, 0.145098, 0.137255, 0.156863, 0.152941, 0.145098, 0.149020, 0.149020, 0.145098, 0.152941, 0.149020, 0.145098, 0.149020, 0.149020, 0.145098, 0.145098, 0.137255, 0.152941, 0.196078, 0.196078, 0.207843, 0.207843, 0.215686, 0.215686, 0.235294, 0.223529, 0.219608, 0.235294, 0.239216, 0.227451, 0.254902, 0.223529, 0.239216, 0.262745, 0.219608, 0.227451, 0.207843, 0.215686, 0.203922, 0.196078, 0.196078, 0.184314, 0.188235, 0.180392, 0.188235, 0.184314, 0.196078, 0.184314, 0.192157, 0.176471, 0.168627, 0.164706, 0.192157, 0.176471, 0.184314, 0.180392, 0.176471, 0.184314, 0.168627, 0.184314, 0.180392, 0.180392, 0.176471, 0.188235, 0.172549, 0.184314, 0.168627, 0.180392, 0.180392, 0.180392, 0.176471, 0.172549, 0.172549, 0.176471, 0.176471, 0.164706, 0.172549, 0.172549, 0.168627, 0.172549, 0.160784, 0.164706, 0.152941, 0.164706, 0.164706, 0.164706, 0.156863, 0.156863, 0.152941, 0.152941, 0.152941, 0.156863, 0.156863, 0.156863, 0.160784, 0.156863, 0.145098, 0.156863, 0.152941, 0.145098, 0.156863, 0.149020, 0.149020, 0.137255, 0.145098, 0.145098, 0.149020, 0.149020, 0.141176, 0.149020, 0.156863, 0.152941, 0.141176, 0.149020, 0.200000, 0.207843, 0.200000, 0.203922, 0.235294, 0.235294, 0.247059, 0.227451, 0.239216, 0.231373, 0.266667, 0.247059, 0.250980, 0.239216, 0.239216, 0.231373, 0.215686, 0.223529, 0.207843, 0.196078, 0.196078, 0.196078, 0.188235, 0.188235, 0.184314, 0.184314, 0.172549, 0.184314, 0.223529, 0.164706, 0.180392, 0.184314, 0.180392, 0.184314, 0.188235, 0.180392, 0.176471, 0.188235, 0.180392, 0.184314, 0.164706, 0.180392, 0.172549, 0.188235, 0.156863, 0.176471, 0.184314, 0.160784, 0.168627, 0.172549, 0.180392, 0.172549, 0.176471, 0.168627, 0.176471, 0.180392, 0.168627, 0.168627, 0.164706, 0.156863, 0.137255, 0.168627, 0.168627, 0.172549, 0.164706, 0.168627, 0.168627, 0.164706, 0.160784, 0.145098, 0.156863, 0.156863, 0.156863, 0.160784, 0.149020, 0.145098, 0.168627, 0.149020, 0.156863, 0.141176, 0.156863, 0.149020, 0.149020, 0.149020, 0.149020, 0.145098, 0.129412, 0.129412, 0.145098, 0.133333, 0.145098, 0.141176, 0.156863, 0.141176, 0.149020, 0.133333, 0.203922, 0.203922, 0.192157, 0.203922, 0.164706, 0.223529, 0.235294, 0.223529, 0.219608, 0.227451, 0.250980, 0.219608, 0.243137, 0.239216, 0.239216, 0.227451, 0.219608, 0.231373, 0.215686, 0.203922, 0.192157, 0.180392, 0.188235, 0.200000, 0.184314, 0.192157, 0.192157, 0.188235, 0.176471, 0.172549, 0.180392, 0.172549, 0.192157, 0.192157, 0.180392, 0.172549, 0.168627, 0.180392, 0.172549, 0.180392, 0.172549, 0.180392, 0.176471, 0.180392, 0.196078, 0.180392, 0.180392, 0.176471, 0.180392, 0.168627, 0.168627, 0.164706, 0.176471, 0.176471, 0.168627, 0.180392, 0.168627, 0.168627, 0.125490, 0.164706, 0.168627, 0.164706, 0.164706, 0.152941, 0.168627, 0.156863, 0.145098, 0.156863, 0.152941, 0.152941, 0.164706, 0.149020, 0.152941, 0.149020, 0.156863, 0.156863, 0.160784, 0.133333, 0.133333, 0.141176, 0.141176, 0.149020, 0.145098, 0.149020, 0.141176, 0.145098, 0.152941, 0.145098, 0.137255, 0.141176, 0.141176, 0.141176, 0.141176, 0.141176, 0.137255, 0.149020, 0.192157, 0.223529, 0.180392, 0.231373, 0.200000, 0.203922, 0.223529, 0.203922, 0.231373, 0.223529, 0.239216, 0.223529, 0.231373, 0.239216, 0.243137, 0.239216, 0.200000, 0.231373, 0.207843, 0.207843, 0.196078, 0.192157, 0.188235, 0.196078, 0.176471, 0.180392, 0.184314, 0.164706, 0.188235, 0.184314, 0.184314, 0.184314, 0.176471, 0.172549, 0.180392, 0.180392, 0.168627, 0.168627, 0.172549, 0.180392, 0.176471, 0.172549, 0.168627, 0.180392, 0.188235, 0.172549, 0.172549, 0.176471, 0.180392, 0.180392, 0.168627, 0.176471, 0.180392, 0.172549, 0.149020, 0.160784, 0.156863, 0.164706, 0.172549, 0.168627, 0.160784, 0.164706, 0.164706, 0.164706, 0.176471, 0.152941, 0.164706, 0.145098, 0.160784, 0.145098, 0.152941, 0.149020, 0.121569, 0.125490, 0.156863, 0.152941, 0.152941, 0.152941, 0.152941, 0.152941, 0.145098, 0.156863, 0.149020, 0.145098, 0.137255, 0.145098, 0.145098, 0.145098, 0.149020, 0.149020, 0.149020, 0.149020, 0.149020, 0.137255, 0.137255, 0.129412, 0.203922, 0.203922, 0.219608, 0.203922, 0.211765, 0.215686, 0.207843, 0.223529, 0.239216, 0.243137, 0.239216, 0.250980, 0.247059, 0.235294, 0.247059, 0.231373, 0.231373, 0.219608, 0.215686, 0.207843, 0.200000, 0.192157, 0.188235, 0.192157, 0.180392, 0.180392, 0.152941, 0.160784, 0.200000, 0.180392, 0.176471, 0.188235, 0.192157, 0.196078, 0.176471, 0.180392, 0.172549, 0.180392, 0.176471, 0.176471, 0.180392, 0.168627, 0.180392, 0.156863, 0.168627, 0.172549, 0.168627, 0.176471, 0.172549, 0.176471, 0.176471, 0.168627, 0.176471, 0.196078, 0.184314, 0.156863, 0.168627, 0.164706, 0.156863, 0.168627, 0.172549, 0.164706, 0.184314, 0.180392, 0.156863, 0.156863, 0.152941, 0.168627, 0.156863, 0.137255, 0.152941, 0.145098, 0.141176, 0.141176, 0.152941, 0.145098, 0.145098, 0.141176, 0.156863, 0.156863, 0.149020, 0.156863, 0.152941, 0.133333, 0.137255, 0.141176, 0.145098, 0.149020, 0.145098, 0.145098, 0.137255, 0.145098, 0.145098, 0.141176, 0.145098, 0.141176, 0.188235, 0.203922, 0.200000, 0.203922, 0.211765, 0.211765, 0.215686, 0.207843, 0.219608, 0.227451, 0.215686, 0.250980, 0.235294, 0.239216, 0.231373, 0.239216, 0.239216, 0.211765, 0.188235, 0.184314, 0.203922, 0.196078, 0.172549, 0.235294, 0.184314, 0.184314, 0.196078, 0.172549, 0.184314, 0.180392, 0.176471, 0.176471, 0.180392, 0.180392, 0.180392, 0.192157, 0.180392, 0.176471, 0.180392, 0.176471, 0.188235, 0.176471, 0.180392, 0.176471, 0.164706, 0.176471, 0.168627, 0.137255, 0.172549, 0.180392, 0.172549, 0.172549, 0.180392, 0.168627, 0.168627, 0.168627, 0.160784, 0.160784, 0.168627, 0.176471, 0.168627, 0.164706, 0.160784, 0.172549, 0.156863, 0.160784, 0.160784, 0.168627, 0.156863, 0.168627, 0.145098, 0.137255, 0.149020, 0.149020, 0.156863, 0.145098, 0.152941, 0.152941, 0.141176, 0.149020, 0.152941, 0.152941, 0.145098, 0.133333, 0.149020, 0.141176, 0.145098, 0.145098, 0.141176, 0.149020, 0.145098, 0.141176, 0.149020, 0.137255, 0.145098, 0.137255, 0.203922, 0.168627, 0.235294, 0.211765, 0.215686, 0.211765, 0.211765, 0.227451, 0.215686, 0.223529, 0.239216, 0.231373, 0.239216, 0.239216, 0.239216, 0.231373, 0.227451, 0.203922, 0.215686, 0.215686, 0.200000, 0.188235, 0.180392, 0.215686, 0.180392, 0.180392, 0.156863, 0.184314, 0.188235, 0.172549, 0.180392, 0.184314, 0.184314, 0.180392, 0.180392, 0.180392, 0.184314, 0.180392, 0.176471, 0.180392, 0.180392, 0.176471, 0.164706, 0.176471, 0.168627, 0.172549, 0.172549, 0.176471, 0.180392, 0.176471, 0.180392, 0.184314, 0.168627, 0.164706, 0.156863, 0.160784, 0.168627, 0.168627, 0.168627, 0.168627, 0.160784, 0.168627, 0.160784, 0.160784, 0.172549, 0.164706, 0.164706, 0.160784, 0.156863, 0.160784, 0.152941, 0.156863, 0.141176, 0.156863, 0.160784, 0.156863, 0.152941, 0.172549, 0.137255, 0.152941, 0.145098, 0.149020, 0.145098, 0.149020, 0.141176, 0.152941, 0.129412, 0.149020, 0.141176, 0.156863, 0.145098, 0.145098, 0.145098, 0.149020, 0.141176, 0.137255, 0.203922, 0.203922, 0.203922, 0.203922, 0.200000, 0.207843, 0.239216, 0.215686, 0.243137, 0.227451, 0.266667, 0.227451, 0.227451, 0.235294, 0.223529, 0.239216, 0.215686, 0.215686, 0.215686, 0.196078, 0.196078, 0.203922, 0.188235, 0.215686, 0.184314, 0.184314, 0.180392, 0.192157, 0.149020, 0.164706, 0.184314, 0.172549, 0.180392, 0.184314, 0.176471, 0.180392, 0.168627, 0.168627, 0.180392, 0.176471, 0.184314, 0.172549, 0.164706, 0.164706, 0.164706, 0.172549, 0.172549, 0.168627, 0.176471, 0.192157, 0.184314, 0.180392, 0.176471, 0.164706, 0.168627, 0.160784, 0.156863, 0.168627, 0.160784, 0.168627, 0.160784, 0.164706, 0.184314, 0.145098, 0.156863, 0.160784, 0.168627, 0.141176, 0.156863, 0.141176, 0.145098, 0.145098, 0.156863, 0.152941, 0.160784, 0.152941, 0.145098, 0.145098, 0.152941, 0.141176, 0.149020, 0.149020, 0.145098, 0.145098, 0.145098, 0.156863, 0.141176, 0.137255, 0.145098, 0.141176, 0.152941, 0.145098, 0.141176, 0.145098, 0.145098, 0.145098, 
[0;32mI (9911) cam_hal: Buffer cleared for frame position 0[0m
[0;32mI (9921) cam_hal: Frame 0 captured with new buffer.[0m
Input type: FLOAT32
Output type: FLOAT32
Detected sign: rock
abierta: 0.003906, apuntar: 0.031250, cero: 0.019531, chill: 0.019531, perro: 0.425781, rock: 0.507812

0.207843, 0.203922, 0.227451, 0.219608, 0.231373, 0.219608, 0.250980, 0.219608, 0.227451, 0.239216, 0.219608, 0.235294, 0.239216, 0.239216, 0.223529, 0.227451, 0.274510, 0.274510, 0.254902, 0.266667, 0.250980, 0.282353, 0.270588, 0.258824, 0.270588, 0.270588, 0.250980, 0.243137, 0.254902, 0.203922, 0.219608, 0.231373, 0.215686, 0.227451, 0.227451, 0.250980, 0.223529, 0.235294, 0.227451, 0.235294, 0.247059, 0.215686, 0.231373, 0.215686, 0.215686, 0.215686, 0.231373, 0.219608, 0.227451, 0.223529, 0.235294, 0.223529, 0.219608, 0.207843, 0.227451, 0.223529, 0.227451, 0.239216, 0.223529, 0.211765, 0.219608, 0.203922, 0.211765, 0.203922, 0.207843, 0.203922, 0.180392, 0.200000, 0.196078, 0.192157, 0.188235, 0.168627, 0.180392, 0.184314, 0.180392, 0.180392, 0.16470664706, 0.160784, 0.156863, 0.184314, 0.168627, 0.160784, 0.184314, 0.180392, 0.172549, 0.180392, 0.176471, 0.180392, 0.223529, 0.239216, 0.219608, 0.211765, 0.176471, 0.219608, 0.211765, 0.223529, 0.223529, 0.219608, 0.227451, 0.223529, 0.282353, 0.223529, 0.290196, 0.243137, 0.250980, 0.270588, 0.262745, 0.266667, 0.266667, 0.274510, 0.270588, 0.333333, 0.333333, 0.262745, 0.258824, 0.254902, 0.250980, 0.211765, 0.227451, 0.262745, 0.215686, 0.227451, 0.227451, 0.239216, 0.231373, 0.219608, 0.231373, 0.227451, 0.243137, 0.203922, 0.215686, 0.207843, 0.223529, 0.243137, 0.211765, 0.231373, 0.227451, 0.231373, 0.219608, 0.219608, 0.207843, 0.223529, 0.200000, 0.211765, 0.215686, 0.227451, 0.219608, 0.215686, 0.215686, 0.215686, 0.266667, 0.200000, 0.203922, 0.203922, 0.145098, 0.192157, 0.180392, 0.176471, 0.168627, 0.176471, 0.164706, 0.184314, 0.168627, 0.180392, 0.239216, 0.184314, 0.129412, 0.168627, 0.176471, 0.133333, 0.168627, 0.168627, 0.164706, 0.207843, 0.164706, 0.168627, 0.176471, 0.164706, 0.141176, 0.172549, 0.168627, 0.172549, 0.172549, 0.168627, 0.207843, 0.227451, 0.215686, 0.250980, 0.211765, 0.207843, 0.215686, 0.254902, 0.231373, 0.286275, 0.250980, 0.227451, 0.227451, 0.239216, 0.211765, 0.219608, 0.258824, 0.262745, 0.262745, 0.258824, 0.262745, 0.270588, 0.313726, 0.266667, 0.294118, 0.258824, 0.254902, 0.203922, 0.262745, 0.231373, 0.227451, 0.235294, 0.227451, 0.227451, 0.227451, 0.215686, 0.223529, 0.215686, 0.207843, 0.223529, 0.227451, 0.196078, 0.200000, 0.215686, 0.247059, 0.196078, 0.207843, 0.219608, 0.219608, 0.227451, 0.207843, 0.211765, 0.219608, 0.223529, 0.219608, 0.203922, 0.196078, 0.215686, 0.211765, 0.223529, 0.207843, 0.207843, 0.207843, 0.231373, 0.215686, 0.203922, 0.196078, 0.180392, 0.168627, 0.176471, 0.168627, 0.168627, 0.180392, 0.172549, 0.188235, 0.172549, 0.168627, 0.176471, 0.164706, 0.172549, 0.168627, 0.160784, 0.168627, 0.168627, 0.164706, 0.156863, 0.164706, 0.160784, 0.160784, 0.180392, 0.176471, 0.164706, 0.168627, 0.188235, 0.172549, 0.160784, 0.168627, 0.215686, 0.211765, 0.227451, 0.188235, 0.211765, 0.262745, 0.235294, 0.231373, 0.219608, 0.235294, 0.231373, 0.215686, 0.231373, 0.235294, 0.227451, 0.254902, 0.262745, 0.258824, 0.270588, 0.262745, 0.274510, 0.266667, 0.266667, 0.258824, 0.254902, 0.258824, 0.239216, 0.266667, 0.219608, 0.227451, 0.231373, 0.243137, 0.235294, 0.223529, 0.211765, 0.223529, 0.219608, 0.239216, 0.203922, 0.227451, 0.231373, 0.231373, 0.223529, 0.223529, 0.219608, 0.203922, 0.223529, 0.243137, 0.231373, 0.227451, 0.223529, 0.211765, 0.207843, 0.227451, 0.223529, 0.207843, 0.211765, 0.215686, 0.203922, 0.203922, 0.219608, 0.203922, 0.203922, 0.227451, 0.196078, 0.196078, 0.180392, 0.184314, 0.180392, 0.184314, 0.176471, 0.168627, 0.192157, 0.156863, 0.164706, 0.168627, 0.172549, 0.160784, 0.172549, 0.168627, 0.176471, 0.172549, 0.164706, 0.168627, 0.160784, 0.133333, 0.160784, 0.156863, 0.180392, 0.160784, 0.168627, 0.172549, 0.164706, 0.172549, 0.156863, 0.203922, 0.176471, 0.203922, 0.219608, 0.180392, 0.223529, 0.211765, 0.223529, 0.192157, 0.247059, 0.239216, 0.235294, 0.235294, 0.239216, 0.258824, 0.250980, 0.239216, 0.254902, 0.266667, 0.286275, 0.286275, 0.270588, 0.270588, 0.270588, 0.274510, 0.270588, 0.274510, 0.247059, 0.239216, 0.239216, 0.223529, 0.219608, 0.243137, 0.231373, 0.223529, 0.239216, 0.203922, 0.231373, 0.219608, 0.227451, 0.231373, 0.227451, 0.219608, 0.227451, 0.219608, 0.211765, 0.227451, 0.211765, 0.215686, 0.215686, 0.215686, 0.235294, 0.200000, 0.219608, 0.223529, 0.219608, 0.219608, 0.207843, 0.203922, 0.215686, 0.196078, 0.203922, 0.200000, 0.207843, 0.203922, 0.200000, 0.192157, 0.200000, 0.172549, 0.172549, 0.176471, 0.172549, 0.168627, 0.164706, 0.172549, 0.164706, 0.164706, 0.176471, 0.168627, 0.164706, 0.176471, 0.172549, 0.156863, 0.168627, 0.164706, 0.168627, 0.168627, 0.180392, 0.156863, 0.168627, 0.172549, 0.176471, 0.184314, 0.184314, 0.176471, 0.168627, 0.211765, 0.219608, 0.223529, 0.196078, 0.203922, 0.250980, 0.235294, 0.231373, 0.211765, 0.172549, 0.227451, 0.211765, 0.239216, 0.243137, 0.247059, 0.250980, 0.258824, 0.254902, 0.278431, 0.266667, 0.274510, 0.290196, 0.325490, 0.286275, 0.262745, 0.235294, 0.258824, 0.231373, 0.227451, 0.235294, 0.239216, 0.235294, 0.231373, 0.223529, 0.223529, 0.231373, 0.235294, 0.235294, 0.231373, 0.231373, 0.227451, 0.231373, 0.227451, 0.223529, 0.211765, 0.211765, 0.219608, 0.211765, 0.223529, 0.215686, 0.192157, 0.164706, 0.211765, 0.203922, 0.231373, 0.215686, 0.219608, 0.227451, 0.219608, 0.207843, 0.211765, 0.207843, 0.207843, 0.196078, 0.211765, 0.200000, 0.188235, 0.188235, 0.184314, 0.160784, 0.176471, 0.172549, 0.160784, 0.168627, 0.180392, 0.176471, 0.180392, 0.180392, 0.172549, 0.172549, 0.180392, 0.168627, 0.164706, 0.168627, 0.168627, 0.168627, 0.168627, 0.156863, 0.168627, 0.168627, 0.156863, 0.176471, 0.180392, 0.172549, 0.164706, 0.145098, 0.203922, 0.223529, 0.200000, 0.227451, 0.215686, 0.243137, 0.219608, 0.239216, 0.223529, 0.235294, 0.239216, 0.243137, 0.235294, 0.247059, 0.258824, 0.247059, 0.254902, 0.250980, 0.270588, 0.270588, 0.309804, 0.270588, 0.286275, 0.274510, 0.274510, 0.258824, 0.254902, 0.239216, 0.231373, 0.227451, 0.262745, 0.235294, 0.235294, 0.227451, 0.239216, 0.239216, 0.231373, 0.227451, 0.235294, 0.211765, 0.219608, 0.215686, 0.231373, 0.227451, 0.215686, 0.207843, 0.215686, 0.215686, 0.227451, 08, 0.239216, 0.211765, 0.211765, 0.184314, 0.196078, 0.192157, 0.196078, 0.192157, 0.180392, 0.156863, 0.192157, 0.176471, 0.176471, 0.172549, 0.180392, 0.160784, 0.172549, 0.156863, 0.188235, 0.172549, 0.192157, 0.172549, 0.160784, 0.172549, 0.168627, 0.164706, 0.168627, 0.160784, 0.176471, 0.172549, 0.168627, 0.172549, 0.176471, 0.172549, 0.215686, 0.207843, 0.215686, 0.215686, 0.219608, 0.184314, 0.223529, 0.239216, 0.231373, 0.243137, 0.239216, 0.231373, 0.223529, 0.254902, 0.250980, 0.250980, 0.262745, 0.266667, 0.258824, 0.266667, 0.262745, 0.274510, 0.266667, 0.266667, 0.274510, 0.247059, 0.250980, 0.239216, 0.215686, 0.223529, 0.227451, 0.219608, 0.219608, 0.247059, 0.235294, 0.227451, 029, 0.211765, 0.215686, 0.219608, 0.196078, 0.231373, 0.235294, 0.223529, 0.215686, 0.215686, 0.223529, 0.215686, 0.223529, 0.215686, 0.215686, 0.215686, 0.207843, 0.211765, 0.211765, 0.203922, 0.211765, 0.215686, 0.211765, 0.219608, 0.203922, 0.203922, 0.203922, 0.196078, 0.192157, 0.203922, 0.180392, 0.196078, 0.180392, 0.172549, 0.172549, 0.164706, 0.156863, 0.180392, 0.176471, 0.156863, 0.172549, 0.149020, 0.164706, 0.168627, 0.168627, 0.160784, 0.160784, 0.168627, 0.172549, 0.164706, 0.172549, 0.168627, 0.168627, 0.168627, 0.156863, 0.168627, 0.168627, 0.168627, 0.192157, 0.207843, 0.211765, 0.235294, 0.223529, 0.227451, 0.235294, 0.231373, 0.227451, 0.247059, 0.231373, 0.211765, 0.227451, 0.247059, 0.250980, 0.239216, 0.266667, 0.247059, 0.262745, 0.270588, 0.270588, 0.270588, 0.266667, 0.274510, 0.270588, 0.274510, 0.250980, 0.250980, 0.243137, 0.243137, 0.223529, 0.231373, 0.223529, 0.180392, 0.219608, 0.223529, 0.235294, 0.231373, 0.215686, 0.223529, 0.215686, 0.215686, 0.231373, 0.227451, 0.219608, 0.215686, 0.215686, 0.219608, 0.223529, 0.235294, 0.215686, 0.200000, 0.215686, 0.215686, 0.219608, 0.200000, 0.207843, 0.211765, 0.211765, 0.207843, 0.203922, 0.207843, 0.192157, 0.176471, 0.207843, 0.200000, 0.196078, 0.203922, 0.180392, 0.180392, 0.176471, 0.176471, 0.168627, 0.168627, 0.168627, 0.156863, 0.168627, 0.145098, 0.168627, 0.168627, 0.164706, 0.172549, 0.172549, 0.168627, 0.172549, 0.160784, 0.152941, 0.164706, 0.145098, 0.168627, 0.168627, 0.164706, 0.160784, 0.176471, 0.164706, 0.164706, 0.176471, 0.219608, 0.219608, 0.184314, 0.239216, 0.223529, 0.219608, 0.215686, 0.266667, 0.211765, 0.227451, 0.239216, 0.243137, 0.250980, 0.247059, 0.258824, 0.266667, 0.270588, 0.290196, 0.266667, 0.247059, 0.250980, 0.266667, 0.270588, 0.262745, 0.258824, 0.247059, 0.235294, 0.266667, 0.215686, 0.227451, 0.219608, 0.239216, 0.145098, 0.227451, 0.219608, 0.227451, 0.227451, 0.215686, 0.223529, 0.219608, 0.203922, 0.219608, 0.207843, 0.207843, 0.207843, 0.219608, 0.219608, 0.247059, 0.219608, 0.219608, 0.219608, 0.215686, 0.215686, 0.207843, 0.215686, 0.207843, 0.207843, 0.219608, 0.211765, 0.215686, 0.211765, 0.219608, 0.207843, 0.203922, 0.203922, 0.192157, 0.184314, 0.184314, 0.184314, 0.180392, 0.172549, 0.168627, 0.172549, 0.172549, 0.168627, 0.172549, 0.156863, 0.172549, 0.156863, 0.164706, 0.156863, 0.168627, 0.164706, 0.168627, 0.156863, 0.168627, 0.160784, 0.156863, 0.133333, 0.160784, 0.176471, 0.152941, 0.156863, 0.152941, 0.160784, 0.156863, 0.188235, 0.223529, 0.211765, 0.203922, 0.219608, 0.262745, 0.235294, 0.223529, 0.243137, 0.215686, 0.254902, 0.258824, 0.247059, 0.243137, 0.262745, 0.258824, 0.274510, 0.262745, 0.270588, 0.270588, 0.278431, 0.282353, 0.250980, 0.270588, 0.262745, 0.239216, 0.223529, 0.274510, 0.250980, 0.239216, 0.215686, 0.203922, 0.168627, 0.223529, 0.219608, 0.227451, 0.227451, 0.227451, 0.211765, 0.215686, 0.235294, 0.227451, 0.211765, 0.203922, 0.200000, 0.207843, 0.207843, 0.211765, 0.215686, 0.231373, 0.219608, 0.215686, 0.219608, 0.215686, 0.215686, 0.211765, 0.207843, 0.207843, 0.203922, 0.203922, 0.215686, 0.203922, 0.192157, 0.203922, 0.200000, 0.203922, 0.180392, 0.184314, 0.188235, 0.184314, 0.164706, 0.164706, 0.180392, 0.172549, 0.160784, 0.164706, 0.172549, 0.160784, 0.152941, 0.172549, 0.164706, 0.152941, 0.168627, 0.164706, 0.164706, 0.168627, 0.164706, 0.160784, 0.176471, 0.168627, 0.164706, 0.168627, 0.164706, 0.176471, 0.156863, 0.164706, 0.203922, 0.219608, 0.211765, 0.207843, 0.207843, 0.231373, 0.223529, 0.219608, 0.243137, 0.227451, 0.262745, 0.250980, 0.235294, 0.243137, 0.266667, 0.286275, 0.254902, 0.270588, 0.266667, 0.278431, 0.286275, 0.274510, 0.274510, 0.266667, 0.274510, 0.239216, 0.270588, 0.239216, 0.239216, 0.239216, 0.207843, 0.231373, 0.215686, 0.227451, 0.231373, 0.254902, 0.231373, 0.235294, 0.227451, 0.231373, 0.239216, 0.211765, 0.219608, 0.215686, 0.196078, 0.227451, 0.219608, 0.211765, 0.227451, 0.219608, 0.215686, 0.219608, 0.203922, 0.207843, 0.235294, 0.219608, 0.235294, 0.211765, 0.203922, 0.211765, 0.207843, 0.203922, 0.203922, 0.203922, 0.203922, 0.200000, 0.192157, 0.180392, 0.176471, 0.168627, 0.168627, 0.168627, 0.172549, 0.168627, 0.180392, 0.164706, 0.168627, 0.160784, 0.156863, 0.168627, 0.129412, 0.156863, 0.156863, 0.152941, 0.164706, 0.168627, 0.160784, 0.156863, 0.152941, 0.156863, 0.172549, 0.176471, 0.164706, 0.160784, 0.160784, 0.160784, 0.219608, 0.231373, 0.227451, 0.215686, 0.207843, 0.207843, 0.219608, 0.203922, 0.219608, 0.207843, 0.239216, 0.247059, 0.247059, 0.239216, 0.250980, 0.219608, 0.294118, 0.294118, 0.286275, 0.286275, 0.282353, 0.282353, 0.290196, 0.298039, 0.270588, 0.243137, 0.231373, 0.286275, 0.239216, 0.223529, 0.223529, 0.231373, 0.219608, 0.207843, 0.215686, 0.215686, 0.223529, 0.239216, 0.227451, 0.223529, 0.196078, 0.211765, 0.223529, 0.215686, 0.207843, 0.207843, 0.219608, 0.219608, 0.211765, 0.215686, 0.203922, 0.200000, 0.207843, 0.203922, 0.215686, 0.211765, 0.211765, 0.203922, 0.207843, 0.192157, 0.207843, 0.200000, 0.207843, 0.196078, 0.196078, 0.184314, 0.192157, 0.164706, 0.184314, 0.164706, 0.180392, 0.168627, 0.172549, 0.176471, 0.149020, 0.176471, 0.172549, 0.168627, 0.192157, 0.160784, 0.149020, 0.207843, 0.160784, 0.164706, 0.145098, 0.164706, 0.168627, 0.168627, 0.164706, 0.172549, 0.156863, 0.168627, 0.160784, 0.160784, 0.164706, 0.152941, 0.215686, 0.203922, 0.215686, 0.203922, 0.227451, 0.266667, 0.243137, 0.200000, 0.235294, 0.247059, 0.247059, 0.250980, 0.227451, 0.254902, 0.258824, 0.301961, 0.266667, 0.250980, 0.270588, 0.294118, 0.282353, 0.258824, 0.247059, 0.207843, 0.250980, 0.247059, 0.243137, 0.231373, 0.235294, 0.211765, 0.227451, 0.223529, 0.215686, 0.211765, 0.215686, 0.223529, 0.227451, 0.215686, 0.215686, 0.223529, 0.215686, 0.219608, 0.215686, 0.211765, 0.219608, 0.223529, 0.227451, 0.223529, 0.290196, 0.211765, 0.207843, 0.219608, 0.176471, 0.219608, 0.211765, 0.215686, 0.203922, 0.223529, 0.203922, 0.211765, 0.203922, 0.203922, 0.215686, 0.196078, 0.203922, 0.180392, 0.180392, 0.180392, 0.180392, 0.176471, 0.172549, 0.133333, 0.172549, 0.145098, 0.160784, 0.176471, 0.168627, 0.196078, 0.203922, 0.168627, 0.168627, 0.156863, 0.141176, 0.176471, 0.164706, 0.160784, 0.156863, 0.113725, 0.172549, 0.156863, 0.160784, 0.180392, 0.160784, 0.156863, 0.160784, 0.160784, 0.215686, 0.203922, 0.207843, 0.207843, 0.219608, 0.219608, 0.215686, 0.215686, 0.239216, 0.203922, 0.239216, 0.211765, 0.254902, 0.266667, 0.254902, 0.258824, 0.290196, 0.258824, 0.274510, 0.250980, 0.298039, 0.270588, 0.270588, 0.258824, 0.254902, 0.250980, 0.227451, 0.223529, 0.231373, 0.231373, 0.219608, 0.215686, 0.203922, 0.207843, 0.223529, 0.223529, 0.223529, 0.215686, 0.219608, 0.239216, 0.231373, 0.235294, 0.258824, 0.227451, 0.223529, 0.215686, 0.211765, 0.223529, 0.243137, 0.215686, 0.203922, 0.203922, 0.211765, 0.207843, 0.211765, 0.235294, 0.203922, 0.200000, 0.215686, 0.211765, 0.211765, 0.176471, 0.180392, 0.184314, 0.203922, 0.180392, 0.180392, 0.180392, 0.180392, 0.180392, 0.172549, 0.168627, 0.172549, 0.160784, 0.168627, 0.168627, 0.164706, 0.164706, 0.164706, 0.164706, 0.160784, 0.168627, 0.160784, 0.164706, 0.156863, 0.168627, 0.168627, 0.164706, 0.160784, 0.168627, 0.168627, 0.156863, 0.156863, 0.176471, 0.145098, 0.172549, 0.239216, 0.207843, 0.223529, 0.219608, 0.215686, 0.207843, 0.266667, 0.219608, 0.250980, 0.254902, 0.227451, 0.258824, 0.262745, 0.254902, 0.258824, 0.258824, 0.274510, 0.321569, 0.290196, 0.294118, 0.274510, 0.274510, 0.254902, 0.247059, 0.258824, 0.243137, 0.258824, 0.231373, 0.227451, 0.219608, 0.231373, 0.227451, 0.203922, 0.219608, 0.203922, 0.243137, 0.203922, 0.215686, 0.223529, 0.207843, 0.227451, 0.188235, 0.215686, 0.152941, 0.231373, 0.207843, 0.207843, 0.211765, 0.215686, 0.215686, 0.203922, 0.211765, 0.215686, 0.211765, 0.215686, 0.203922, 0.203922, 0.223529, 0.215686, 0.200000, 0.196078, 0.203922, 0.203922, 0.192157, 0.188235, 0.184314, 0.188235, 0.188235, 0.188235, 0.168627, 0.168627, 0.168627, 0.168627, 0.168627, 0.172549, 0.168627, 0.168627, 0.168627, 0.164706, 0.168627, 0.168627, 0.164706, 0.164706, 0.160784, 0.164706, 0.164706, 0.160784, 0.156863, 0.156863, 0.180392, 0.176471, 0.160784, 0.160784, 0.160784, 0.156863, 0.160784, 0.211765, 0.203922, 0.223529, 0.207843, 0.231373, 0.223529, 0.250980, 0.227451, 0.270588, 0.239216, 0.282353, 0.258824, 0.258824, 0.254902, 0.274510, 0.274510, 0.290196, 0.321569, 0.305882, 0.290196, 0.274510, 0.231373, 0.258824, 0.274510, 0.301961, 0.266667, 0.227451, 0.243137, 0.235294, 0.192157, 0.235294, 0.227451, 0.219608, 0.219608, 0.235294, 0.219608, 0.254902, 0.219608, 0.215686, 0.223529, 0.239216, 0.219608, 0.196078, 0.215686, 0.219608, 0.215686, 0.207843, 0.200000, 0.223529, 0.215686, 0.207843, 0.215686, 0.219608, 0.215686, 0.203922, 0.227451, 0.211765, 0.211765, 0.203922, 0.203922, 0.203922, 0.203922, 0.211765, 0.196078, 0.188235, 0.184314, 0.192157, 0.188235, 0.176471, 0.168627, 0.168627, 0.176471, 0.145098, 0.172549, 0.168627, 0.164706, 0.172549, 0.176471, 0.160784, 0.172549, 0.180392, 0.168627, 0.168627, 0.164706, 0.168627, 0.172549, 0.164706, 0.172549, 0.164706, 0.160784, 0.160784, 0.168627, 0.160784, 0.164706, 0.164706, 0.156863, 0.196078, 0.227451, 0.298039, 0.176471, 0.223529, 0.219608, 0.215686, 0.239216, 0.227451, 0.239216, 0.235294, 0.247059, 0.247059, 0.250980, 0.266667, 0.266667, 0.262745, 0.278431, 0.286275, 0.258824, 0.286275, 0.270588, 0.262745, 0.262745, 0.235294, 0.243137, 0.227451, 0.211765, 0.219608, 0.196078, 0.215686, 0.223529, 0.215686, 0.215686, 0.219608, 0.219608, 0.207843, 0.223529, 0.219608, 0.223529, 0.207843, 0.207843, 0.219608, 0.207843, 0.211765, 0.215686, 0.239216, 0.219608, 0.231373, 0.211765, 0.211765, 0.200000, 0.207843, 0.215686, 0.207843, 0.203922, 0.219608, 0.207843, 0.207843, 0.211765, 0.203922, 0.196078, 0.196078, 0.200000, 0.192157, 0.176471, 0.188235, 0.180392, 0.192157, 0.172549, 0.168627, 0.172549, 0.180392, 0.180392, 0.176471, 0.145098, 0.176471, 0.160784, 0.172549, 0.160784, 0.164706, 0.184314, 0.160784, 0.176471, 0.168627, 0.160784, 0.149020, 0.168627, 0.152941, 0.172549, 0.156863, 0.180392, 0.160784, 0.133333, 0.160784, 0.156863, 0.231373, 0.200000, 0.219608, 0.235294, 0.227451, 0.235294, 0.239216, 0.266667, 0.247059, 0.227451, 0.223529, 0.250980, 0.247059, 0.266667, 0.294118, 0.270588, 0.286275, 0.282353, 0.266667, 0.294118, 0.262745, 0.262745, 0.254902, 0.247059, 0.270588, 0.250980, 0.223529, 0.235294, 0.219608, 0.223529, 0.196078, 0.223529, 0.211765, 0.203922, 0.219608, 0.211765, 0.211765, 0.223529, 0.215686, 0.215686, 0.200000, 0.215686, 0.219608, 0.196078, 0.211765, 0.215686, 0.203922, 0.207843, 0.211765, 0.211765, 0.215686, 0.231373, 0.211765, 0.215686, 0.200000, 0.203922, 0.215686, 0.203922, 0.196078, 0.207843, 0.196078, 0.203922, 0.200000, 0.196078, 0.188235, 0.203922, 0.180392, 0.172549, 0.172549, 0.176471, 0.168627, 0.168627, 0.164706, 0.164706, 0.168627, 0.168627, 0.168627, 0.152941, 0.160784, 0.172549, 0.164706, 0.164706, 0.168627, 0.164706, 0.164706, 0.172549, 0.156863, 0.160784, 0.149020, 0.156863, 0.164706, 0.168627, 0.160784, 0.164706, 0.156863, 0.164706, 0.223529, 0.243137, 0.203922, 0.211765, 0.223529, 0.227451, 0.235294, 0.258824, 0.235294, 0.180392, 0.192157, 0.247059, 0.254902, 0.262745, 0.274510, 0.266667, 0.274510, 0.274510, 0.278431, 0.254902, 0.278431, 0.274510, 0.258824, 0.254902, 0.180392, 0.235294, 0.243137, 0.235294, 0.227451, 0.207843, 0.207843, 0.207843, 0.215686, 0.223529, 0.223529, 0.227451, 0.223529, 0.223529, 0.192157, 0.207843, 0.211765, 0.215686, 0.219608, 0.211765, 0.215686, 0.207843, 0.219608, 0.203922, 0.203922, 0.203922, 0.223529, 0.207843, 0.207843, 0.211765, 0.211765, 0.207843, 0.215686, 0.215686, 0.203922, 0.215686, 0.196078, 0.203922, 0.203922, 0.188235, 0.200000, 0.192157, 0.180392, 0.168627, 0.164706, 0.180392, 0.176471, 0.176471, 0.164706, 0.168627, 0.172549, 0.164706, 0.164706, 0.164706, 0.164706, 0.168627, 0.160784, 0.160784, 0.176471, 0.196078, 0.168627, 0.137255, 0.149020, 0.164706, 0.164706, 0.180392, 0.152941, 0.176471, 0.172549, 0.164706, 0.145098, 0.156863, 0.192157, 0.207843, 0.247059, 0.231373, 0.203922, 0.207843, 0.239216, 0.231373, 0.231373, 0.250980, 0.266667, 0.250980, 0.254902, 0.250980, 0.286275, 0.227451, 0.290196, 0.258824, 0.286275, 0.309804, 0.262745, 0.266667, 0.247059, 0.239216, 0.243137, 0.239216, 0.239216, 0.207843, 0.215686, 0.184314, 0.207843, 0.207843, 0.243137, 0.215686, 0.203922, 0.219608, 0.223529, 0.192157, 0.180392, 0.203922, 0.215686, 0.219608, 0.203922, 0.203922, 0.207843, 0.207843, 0.207843, 0.215686, 0.203922, 0.211765, 0.239216, 0.203922, 0.282353, 0.203922, 0.207843, 0.211765, 0.200000, 0.200000, 0.203922, 0.207843, 0.192157, 0.192157, 0.192157, 0.200000, 0.188235, 0.180392, 0.192157, 0.196078, 0.180392, 0.168627, 0.156863, 0.168627, 0.172549, 0.164706, 0.172549, 0.160784, 0.152941, 0.156863, 0.156863, 0.172549, 0.156863, 0.172549, 0.164706, 0.156863, 0.156863, 0.156863, 0.168627, 0.160784, 0.160784, 0.168627, 0.168627, 0.180392, 0.160784, 0.164706, 0.156863, 0.188235, 0.215686, 0.196078, 0.243137, 0.231373, 0.223529, 0.227451, 0.231373, 0.164706, 0.250980, 0.250980, 0.250980, 0.258824, 0.262745, 0.278431, 0.286275, 0.282353, 0.298039, 0.290196, 0.270588, 0.282353, 0.262745, 0.266667, 0.250980, 0.227451, 0.247059, 0.239216, 0.149020, 0.211765, 0.215686, 0.207843, 0.215686, 0.250980, 0.207843, 0.207843, 0.211765, 0.219608, 0.215686, 0.203922, 0.211765, 0.219608, 0.223529, 0.227451, 0.207843, 0.207843, 0.211765, 0.207843, 0.227451, 0.207843, 0.192157, 0.211765, 0.152941, 0.215686, 0.207843, 0.203922, 0.203922, 0.215686, 0.203922, 0.200000, 0.203922, 0.200000, 0.196078, 0.196078, 0.192157, 0.184314, 0.200000, 0.188235, 0.184314, 0.176471, 0.180392, 0.172549, 0.176471, 0.176471, 0.168627, 0.168627, 0.168627, 0.156863, 0.168627, 0.168627, 0.164706, 0.184314, 0.156863, 0.160784, 0.160784, 0.168627, 0.164706, 0.160784, 0.160784, 0.164706, 0.160784, 0.168627, 0.172549, 0.164706, 0.168627, 0.168627, 0.192157, 0.164706, 0.207843, 0.207843, 0.211765, 0.196078, 0.235294, 0.239216, 0.239216, 0.219608, 0.247059, 0.250980, 0.239216, 0.254902, 0.247059, 0.266667, 0.282353, 0.282353, 0.290196, 0.290196, 0.290196, 0.254902, 0.274510, 0.247059, 0.243137, 0.243137, 0.235294, 0.274510, 0.239216, 0.207843, 0.215686, 0.211765, 0.207843, 0.211765, 0.215686, 0.203922, 0.227451, 0.219608, 0.215686, 0.211765, 0.203922, 0.200000, 0.215686, 0.219608, 0.211765, 0.211765, 0.215686, 0.211765, 0.215686, 0.207843, 0.227451, 0.184314, 0.203922, 0.211765, 0.207843, 0.203922, 0.203922, 0.200000, 0.192157, 0.215686, 0.247059, 0.196078, 0.200000, 0.203922, 0.192157, 0.192157, 0.184314, 0.188235, 0.160784, 0.180392, 0.188235, 0.172549, 0.168627, 0.164706, 0.168627, 0.164706, 0.168627, 0.164706, 0.164706, 0.152941, 0.164706, 0.164706, 0.164706, 0.168627, 0.168627, 0.168627, 0.160784, 0.156863, 0.164706, 0.160784, 0.145098, 0.160784, 0.168627, 0.172549, 0.160784, 0.160784, 0.160784, 0.152941, 0.215686, 0.219608, 0.219608, 0.231373, 0.223529, 0.223529, 0.223529, 0.223529, 0.282353, 0.239216, 0.250980, 0.247059, 0.270588, 0.262745, 0.294118, 0.290196, 0.278431, 0.278431, 0.278431, 0.278431, 0.258824, 0.243137, 0.243137, 0.235294, 0.227451, 0.200000, 0.215686, 0.223529, 0.223529, 0.203922, 0.211765, 0.215686, 0.215686, 0.215686, 0.219608, 0.211765, 0.207843, 0.203922, 0.196078, 0.184314, 0.223529, 0.207843, 0.239216, 0.215686, 0.203922, 0.207843, 0.196078, 0.211765, 0.207843, 0.207843, 0.231373, 0.207843, 0.211765, 0.200000, 0.200000, 0.196078, 0.207843, 0.200000, 0.203922, 0.203922, 0.207843, 0.184314, 0.196078, 0.172549, 0.172549, 0.184314, 0.176471, 0.184314, 0.180392, 0.160784, 0.172549, 0.164706, 0.172549, 0.164706, 0.156863, 0.172549, 0.156863, 0.160784, 0.172549, 0.168627, 0.156863, 0.168627, 0.156863, 0.164706, 0.164706, 0.164706, 0.152941, 0.149020, 0.137255, 0.152941, 0.156863, 0.168627, 0.180392, 0.160784, 0.160784, 0.156863, 0.278431, 0.211765, 0.219608, 0.223529, 0.231373, 0.235294, 0.227451, 0.227451, 0.250980, 0.243137, 0.254902, 0.254902, 0.254902, 0.278431, 0.286275, 0.278431, 0.294118, 0.282353, 0.290196, 0.258824, 0.247059, 0.243137, 0.231373, 0.243137, 0.235294, 0.207843, 0.207843, 0.219608, 0.207843, 0.211765, 0.207843, 0.203922, 0.211765, 0.211765, 0.219608, 0.211765, 0.200000, 0.211765, 0.207843, 0.207843, 0.203922, 0.203922, 0.219608, 0.207843, 0.211765, 0.215686, 0.223529, 0.200000, 0.215686, 0.250980, 0.211765, 0.172549, 0.203922, 0.207843, 0.211765, 0.203922, 0.200000, 0.196078, 0.207843, 0.200000, 0.196078, 0.211765, 0.184314, 0.172549, 0.180392, 0.168627, 0.172549, 0.176471, 0.172549, 0.168627, 0.176471, 0.188235, 0.168627, 0.168627, 0.172549, 0.168627, 0.156863, 0.168627, 0.137255, 0.168627, 0.160784, 0.156863, 0.160784, 0.160784, 0.168627, 0.156863, 0.156863, 0.156863, 0.160784, 0.156863, 0.160784, 0.176471, 0.164706, 0.160784, 0.164706, 0.164706, 0.247059, 0.231373, 0.188235, 0.227451, 0.235294, 0.219608, 0.239216, 0.239216, 0.239216, 0.247059, 0.258824, 0.278431, 0.247059, 0.262745, 0.274510, 0.282353, 0.270588, 0.274510, 0.266667, 0.274510, 0.250980, 0.258824, 0.247059, 0.239216, 0.219608, 0.215686, 0.196078, 0.200000, 0.207843, 0.211765, 0.203922, 0.207843, 0.203922, 0.211765, 0.211765, 0.207843, 0.207843, 0.203922, 0.211765, 0.219608, 0.215686, 0.200000, 0.180392, 0.215686, 0.207843, 0.200000, 0.200000, 0.200000, 0.200000, 0.219608, 0.211765, 0.200000, 0.203922, 0.196078, 0.200000, 0.192157, 0.200000, 0.200000, 0.192157, 0.188235, 0.203922, 0.176471, 0.188235, 0.188235, 0.180392, 0.160784, 0.172549, 0.180392, 0.180392, 0.164706, 0.168627, 0.141176, 0.168627, 0.176471, 0.149020, 0.145098, 0.168627, 0.160784, 0.141176, 0.164706, 0.156863, 0.160784, 0.160784, 0.168627, 0.168627, 0.160784, 0.156863, 0.160784, 0.156863, 0.145098, 0.156863, 0.164706, 0.168627, 0.172549, 0.164706, 0.164706, 0.219608, 0.231373, 0.219608, 0.223529, 0.254902, 0.207843, 0.262745, 0.184314, 0.247059, 0.254902, 0.254902, 0.254902, 0.254902, 0.286275, 0.286275, 0.286275, 0.278431, 0.274510, 0.317647, 0.239216, 0.274510, 0.250980, 0.247059, 0.235294, 0.215686, 0.196078, 0.219608, 0.203922, 0.219608, 0.207843, 0.207843, 0.203922, 0.215686, 0.207843, 0.207843, 0.219608, 0.211765, 0.200000, 0.207843, 0.176471, 0.207843, 0.184314, 0.176471, 0.215686, 0.184314, 0.200000, 0.203922, 0.200000, 0.203922, 0.258824, 0.203922, 0.200000, 0.203922, 0.200000, 0.211765, 0.207843, 0.211765, 0.211765, 0.192157, 0.203922, 0.200000, 0.192157, 0.192157, 0.192157, 0.192157, 0.156863, 0.184314, 0.180392, 0.180392, 0.172549, 0.176471, 0.172549, 0.180392, 0.172549, 0.168627, 0.168627, 0.168627, 0.168627, 0.133333, 0.176471, 0.121569, 0.121569, 0.164706, 0.152941, 0.160784, 0.156863, 0.156863, 0.172549, 0.184314, 0.184314, 0.180392, 0.168627, 0.164706, 0.156863, 0.160784, 0.168627, 0.227451, 0.227451, 0.227451, 0.219608, 0.227451, 0.243137, 0.243137, 0.239216, 0.239216, 0.250980, 0.258824, 0.254902, 0.250980, 0.262745, 0.301961, 0.274510, 0.278431, 0.286275, 0.274510, 0.294118, 0.274510, 0.243137, 0.243137, 0.250980, 0.215686, 0.227451, 0.200000, 0.203922, 0.203922, 0.211765, 0.207843, 0.219608, 0.200000, 0.227451, 0.196078, 0.215686, 0.211765, 0.203922, 0.211765, 0.215686, 0.207843, 0.207843, 0.215686, 0.203922, 0.207843, 0.203922, 0.211765, 0.196078, 0.203922, 0.200000, 0.203922, 0.203922, 0.200000, 0.203922, 0.188235, 0.196078, 0.203922, 0.196078, 0.196078, 0.200000, 0.196078, 0.180392, 0.192157, 0.180392, 0.188235, 0.180392, 0.188235, 0.172549, 0.192157, 0.172549, 0.168627, 0.156863, 0.156863, 0.168627, 0.156863, 0.203922, 0.156863, 0.160784, 0.188235, 0.176471, 0.156863, 0.172549, 0.160784, 0.156863, 0.160784, 0.168627, 0.152941, 0.156863, 0.160784, 0.188235, 0.164706, 0.149020, 0.160784, 0.156863, 0.156863, 0.160784, 0.203922, 0.219608, 0.227451, 0.215686, 0.231373, 0.239216, 0.239216, 0.254902, 0.274510, 0.250980, 0.266667, 0.243137, 0.282353, 0.250980, 0.278431, 0.274510, 0.274510, 0.290196, 0.278431, 0.266667, 0.258824, 0.250980, 0.235294, 0.227451, 0.211765, 0.207843, 0.203922, 0.200000, 0.211765, 0.211765, 0.215686, 0.200000, 0.172549, 0.215686, 0.160784, 0.203922, 0.203922, 0.200000, 0.207843, 0.200000, 0.203922, 0.200000, 0.203922, 0.207843, 0.196078, 0.192157, 0.203922, 0.203922, 0.203922, 0.227451, 0.200000, 0.196078, 0.200000, 0.200000, 0.227451, 0.184314, 0.184314, 0.188235, 0.192157, 0.192157, 0.196078, 0.196078, 0.180392, 0.196078, 0.180392, 0.180392, 0.180392, 0.180392, 0.172549, 0.172549, 0.168627, 0.168627, 0.156863, 0.156863, 0.164706, 0.172549, 0.180392, 0.164706, 0.184314, 0.164706, 0.160784, 0.172549, 0.164706, 0.156863, 0.133333, 0.152941, 0.160784, 0.160784, 0.156863, 0.160784, 0.137255, 0.164706, 0.156863, 0.152941, 0.160784, 0.164706, 0.215686, 0.200000, 0.176471, 0.211765, 0.227451, 0.239216, 0.235294, 0.247059, 0.227451, 0.262745, 0.262745, 0.278431, 0.254902, 0.278431, 0.329412, 0.286275, 0.286275, 0.254902, 0.262745, 0.254902, 0.250980, 0.239216, 0.231373, 0.211765, 0.215686, 0.207843, 0.203922, 0.203922, 0.203922, 0.145098, 0.219608, 0.207843, 0.203922, 0.200000, 0.215686, 0.207843, 0.203922, 0.223529, 0.203922, 0.207843, 0.196078, 0.184314, 0.203922, 0.203922, 0.200000, 0.215686, 0.203922, 0.207843, 0.250980, 0.203922, 0.188235, 0.196078, 0.188235, 0.184314, 0.223529, 0.200000, 0.200000, 0.211765, 0.192157, 0.188235, 0.192157, 0.188235, 0.188235, 0.192157, 0.180392, 0.180392, 0.180392, 0.164706, 0.172549, 0.164706, 0.176471, 0.172549, 0.160784, 0.164706, 0.164706, 0.164706, 0.168627, 0.156863, 0.160784, 0.156863, 0.168627, 0.168627, 0.164706, 0.160784, 0.156863, 0.160784, 0.164706, 0.160784, 0.168627, 0.156863, 0.156863, 0.172549, 0.176471, 0.164706, 0.164706, 0.192157, 0.223529, 0.215686, 0.235294, 0.219608, 0.231373, 0.239216, 0.243137, 0.250980, 0.254902, 0.239216, 0.290196, 0.274510, 0.258824, 0.274510, 0.294118, 0.278431, 0.282353, 0.278431, 0.262745, 0.247059, 0.227451, 0.250980, 0.235294, 0.215686, 0.203922, 0.196078, 0.203922, 0.219608, 0.207843, 0.211765, 0.243137, 0.203922, 0.219608, 0.200000, 0.203922, 0.207843, 0.211765, 0.219608, 0.223529, 0.227451, 0.192157, 0.239216, 0.227451, 0.192157, 0.203922, 0.196078, 0.203922, 0.203922, 0.196078, 0.203922, 0.203922, 0.203922, 0.203922, 0.203922, 0.203922, 0.203922, 0.203922, 0.192157, 0.192157, 0.200000, 0.196078, 0.196078, 0.180392, 0.184314, 0.180392, 0.215686, 0.160784, 0.184314, 0.180392, 0.176471, 0.168627, 0.168627, 0.168627, 0.156863, 0.160784, 0.164706, 0.156863, 0.160784, 0.156863, 0.156863, 0.164706, 0.176471, 0.141176, 0.156863, 0.168627, 0.168627, 0.160784, 0.156863, 0.164706, 0.164706, 0.149020, 0.156863, 0.164706, 0.152941, 0.160784, 0.168627, 0.215686, 0.227451, 0.235294, 0.223529, 0.231373, 0.231373, 0.243137, 0.258824, 0.262745, 0.243137, 0.274510, 0.250980, 0.282353, 0.278431, 0.262745, 0.258824, 0.278431, 0.286275, 0.266667, 0.266667, 0.250980, 0.227451, 0.223529, 0.215686, 0.211765, 0.203922, 0.200000, 0.203922, 0.207843, 0.203922, 0.196078, 0.219608, 0.203922, 0.203922, 0.203922, 0.207843, 0.207843, 0.207843, 0.203922, 0.203922, 0.184314, 0.188235, 0.203922, 0.196078, 0.200000, 0.192157, 0.196078, 0.200000, 0.203922, 0.215686, 0.215686, 0.215686, 0.180392, 0.200000, 0.203922, 0.200000, 0.196078, 0.203922, 0.192157, 0.203922, 0.192157, 0.188235, 0.176471, 0.192157, 0.184314, 0.168627, 0.176471, 0.188235, 0.180392, 0.180392, 0.164706, 0.176471, 0.172549, 0.168627, 0.156863, 0.145098, 0.160784, 0.164706, 0.164706, 0.160784, 0.149020, 0.156863, 0.164706, 0.168627, 0.160784, 0.156863, 0.145098, 0.184314, 0.160784, 0.156863, 0.149020, 0.160784, 0.152941, 0.156863, 0.164706, 0.156863, 0.239216, 0.250980, 0.270588, 0.231373, 0.235294, 0.223529, 0.243137, 0.211765, 0.219608, 0.247059, 0.254902, 0.258824, 0.278431, 0.313726, 0.270588, 0.258824, 0.278431, 0.282353, 0.266667, 0.247059, 0.266667, 0.227451, 0.227451, 0.215686, 0.211765, 0.196078, 0.200000, 0.207843, 0.207843, 0.196078, 0.219608, 0.200000, 0.160784, 0.192157, 0.203922, 0.207843, 0.203922, 0.200000, 0.188235, 0.207843, 0.203922, 0.207843, 0.200000, 0.176471, 0.215686, 0.203922, 0.200000, 0.203922, 0.203922, 0.200000, 0.203922, 0.215686, 0.192157, 0.192157, 0.192157, 0.196078, 0.207843, 0.200000, 0.192157, 0.188235, 0.188235, 0.200000, 0.172549, 0.180392, 0.180392, 0.172549, 0.164706, 0.180392, 0.168627, 0.172549, 0.164706, 0.160784, 0.160784, 0.156863, 0.156863, 0.168627, 0.156863, 0.172549, 0.164706, 0.164706, 0.188235, 0.168627, 0.160784, 0.164706, 0.156863, 0.156863, 0.152941, 0.149020, 0.149020, 0.168627, 0.168627, 0.168627, 0.156863, 0.152941, 0.164706, 0.156863, 0.203922, 0.231373, 0.286275, 0.235294, 0.235294, 0.243137, 0.254902, 0.250980, 0.250980, 0.274510, 0.258824, 0.274510, 0.262745, 0.278431, 0.286275, 0.282353, 0.278431, 0.266667, 0.254902, 0.258824, 0.231373, 0.231373, 0.227451, 0.247059, 0.262745, 0.203922, 0.211765, 0.211765, 0.215686, 0.200000, 0.196078, 0.192157, 0.200000, 0.200000, 0.200000, 0.211765, 0.188235, 0.200000, 0.200000, 0.200000, 0.196078, 0.192157, 0.203922, 0.192157, 0.203922, 0.176471, 0.211765, 0.184314, 0.207843, 0.196078, 0.200000, 0.203922, 0.196078, 0.192157, 0.188235, 0.200000, 0.184314, 0.203922, 0.184314, 0.188235, 0.184314, 0.172549, 0.180392, 0.172549, 0.160784, 0.172549, 0.164706, 0.172549, 0.180392, 0.176471, 0.168627, 0.168627, 0.156863, 0.156863, 0.156863, 0.164706, 0.152941, 0.160784, 0.156863, 0.168627, 0.156863, 0.160784, 0.152941, 0.164706, 0.149020, 0.152941, 0.152941, 0.156863, 0.152941, 0.160784, 0.125490, 0.156863, 0.160784, 0.152941, 0.156863, 0.156863, 0.207843, 0.219608, 0.227451, 0.235294, 0.231373, 0.219608, 0.235294, 0.235294, 0.247059, 0.223529, 0.262745, 0.266667, 0.266667, 0.270588, 0.274510, 0.282353, 0.270588, 0.266667, 0.262745, 0.254902, 0.231373, 0.250980, 0.211765, 0.203922, 0.223529, 0.192157, 0.203922, 0.215686, 0.203922, 0.188235, 0.207843, 0.188235, 0.188235, 0.192157, 0.196078, 0.203922, 0.203922, 0.207843, 0.192157, 0.200000, 0.200000, 0.192157, 0.227451, 0.196078, 0.196078, 0.192157, 0.203922, 0.192157, 0.192157, 0.200000, 0.188235, 0.192157, 0.192157, 0.196078, 0.192157, 0.188235, 0.188235, 0.184314, 0.192157, 0.188235, 0.188235, 0.184314, 0.180392, 0.184314, 0.176471, 0.168627, 0.180392, 0.180392, 0.164706, 0.168627, 0.156863, 0.160784, 0.156863, 0.160784, 0.149020, 0.160784, 0.149020, 0.156863, 0.141176, 0.156863, 0.164706, 0.160784, 0.160784, 0.156863, 0.152941, 0.152941, 0.152941, 0.160784, 0.160784, 0.156863, 0.176471, 0.164706, 0.164706, 0.164706, 0.164706, 0.160784, 0.211765, 0.219608, 0.235294, 0.203922, 0.239216, 0.247059, 0.239216, 0.243137, 0.270588, 0.262745, 0.262745, 0.266667, 0.301961, 0.274510, 0.274510, 0.278431, 0.290196, 0.274510, 0.266667, 0.258824, 0.231373, 0.235294, 0.223529, 0.215686, 0.215686, 0.200000, 0.203922, 0.180392, 0.200000, 0.211765, 0.200000, 0.196078, 0.211765, 0.211765, 0.200000, 0.203922, 0.211765, 0.203922, 0.196078, 0.192157, 0.227451, 0.203922, 0.184314, 0.196078, 0.192157, 0.203922, 0.196078, 0.200000, 0.203922, 0.192157, 0.188235, 0.196078, 0.200000, 0.200000, 0.184314, 0.196078, 0.188235, 0.223529, 0.188235, 0.192157, 0.188235, 0.172549, 0.188235, 0.188235, 0.180392, 0.164706, 0.164706, 0.176471, 0.125490, 0.184314, 0.168627, 0.168627, 0.160784, 0.145098, 0.164706, 0.160784, 0.176471, 0.164706, 0.156863, 0.160784, 0.160784, 0.156863, 0.156863, 0.160784, 0.156863, 0.164706, 0.164706, 0.160784, 0.160784, 0.160784, 0.164706, 0.168627, 0.164706, 0.164706, 0.164706, 0.168627, 0.215686, 0.243137, 0.223529, 0.231373, 0.239216, 0.250980, 0.243137, 0.274510, 0.258824, 0.278431, 0.262745, 0.274510, 0.278431, 0.278431, 0.278431, 0.274510, 0.286275, 0.262745, 0.258824, 0.254902, 0.262745, 0.203922, 0.231373, 0.215686, 0.207843, 0.247059, 0.203922, 0.207843, 0.227451, 0.231373, 0.203922, 0.196078, 0.211765, 0.203922, 0.231373, 0.203922, 0.203922, 0.192157, 0.207843, 0.196078, 0.200000, 0.188235, 0.211765, 0.192157, 0.176471, 0.200000, 0.196078, 0.196078, 0.192157, 0.203922, 0.196078, 0.192157, 0.200000, 0.188235, 0.196078, 0.188235, 0.184314, 0.172549, 0.200000, 0.192157, 0.184314, 0.184314, 0.176471, 0.176471, 0.160784, 0.172549, 0.180392, 0.172549, 0.188235, 0.168627, 0.172549, 0.172549, 0.164706, 0.152941, 0.160784, 0.160784, 0.160784, 0.164706, 0.168627, 0.164706, 0.156863, 0.164706, 0.156863, 0.156863, 0.160784, 0.160784, 0.160784, 0.160784, 0.160784, 0.168627, 0.168627, 0.168627, 0.160784, 0.172549, 0.168627, 0.164706, 0.203922, 0.192157, 0.243137, 0.184314, 0.247059, 0.223529, 0.250980, 0.309804, 0.254902, 0.266667, 0.262745, 0.266667, 0.262745, 0.274510, 0.282353, 0.286275, 0.278431, 0.266667, 0.250980, 0.254902, 0.188235, 0.231373, 0.207843, 0.207843, 0.200000, 0.207843, 0.223529, 0.196078, 0.192157, 0.196078, 0.203922, 0.200000, 0.200000, 0.207843, 0.207843, 0.184314, 0.207843, 0.192157, 0.200000, 0.203922, 0.196078, 0.200000, 0.203922, 0.207843, 0.192157, 0.203922, 0.200000, 0.184314, 0.200000, 0.180392, 0.184314, 0.196078, 0.188235, 0.200000, 0.192157, 0.203922, 0.192157, 0.180392, 0.196078, 0.203922, 0.180392, 0.176471, 0.188235, 0.172549, 0.180392, 0.160784, 0.168627, 0.184314, 0.164706, 0.168627, 0.188235, 0.164706, 0.168627, 0.164706, 0.164706, 0.156863, 0.133333, 0.168627, 0.160784, 0.156863, 0.156863, 0.160784, 0.156863, 0.160784, 0.168627, 0.160784, 0.156863, 0.160784, 0.156863, 0.156863, 0.168627, 0.172549, 0.168627, 0.172549, 0.164706, 0.156863, 0.223529, 0.239216, 0.227451, 0.219608, 0.243137, 0.250980, 0.223529, 0.282353, 0.227451, 0.258824, 0.294118, 0.270588, 0.278431, 0.282353, 0.286275, 0.278431, 0.274510, 0.254902, 0.247059, 0.235294, 0.219608, 0.223529, 0.211765, 0.200000, 0.239216, 0.200000, 0.188235, 0.203922, 0.200000, 0.196078, 0.203922, 0.196078, 0.203922, 0.200000, 0.211765, 0.211765, 0.203922, 0.200000, 0.203922, 0.188235, 0.200000, 0.188235, 0.203922, 0.184314, 0.188235, 0.196078, 0.200000, 0.192157, 0.196078, 0.200000, 0.200000, 0.184314, 0.192157, 0.196078, 0.184314, 0.188235, 0.188235, 0.192157, 0.184314, 0.184314, 0.172549, 0.176471, 0.184314, 0.180392, 0.176471, 0.164706, 0.168627, 0.156863, 0.160784, 0.172549, 0.180392, 0.176471, 0.164706, 0.160784, 0.145098, 0.160784, 0.156863, 0.160784, 0.160784, 0.168627, 0.156863, 0.149020, 0.168627, 0.145098, 0.156863, 0.125490, 0.156863, 0.160784, 0.156863, 0.160784, 0.168627, 0.164706, 0.164706, 0.149020, 0.149020, 0.156863, 0.243137, 0.254902, 0.235294, 0.223529, 0.231373, 0.231373, 0.243137, 0.247059, 0.274510, 0.262745, 0.286275, 0.278431, 0.278431, 0.298039, 0.294118, 0.270588, 0.274510, 0.301961, 0.262745, 0.239216, 0.243137, 0.227451, 0.219608, 0.203922, 0.192157, 0.215686, 0.207843, 0.200000, 0.192157, 0.207843, 0.203922, 0.192157, 0.203922, 0.203922, 0.196078, 0.203922, 0.196078, 0.200000, 0.196078, 0.192157, 0.192157, 0.192157, 0.200000, 0.192157, 0.180392, 0.192157, 0.184314, 0.196078, 0.200000, 0.192157, 0.188235, 0.192157, 0.192157, 0.196078, 0.211765, 0.188235, 0.172549, 0.176471, 0.196078, 0.184314, 0.180392, 0.172549, 0.184314, 0.196078, 0.180392, 0.172549, 0.164706, 0.176471, 0.156863, 0.184314, 0.164706, 0.176471, 0.168627, 0.160784, 0.168627, 0.149020, 0.160784, 0.156863, 0.145098, 0.137255, 0.164706, 0.152941, 0.164706, 0.160784, 0.149020, 0.168627, 0.121569, 0.156863, 0.164706, 0.168627, 0.164706, 0.156863, 0.168627, 0.156863, 0.156863, 0.149020, 0.211765, 0.227451, 0.219608, 0.239216, 0.250980, 0.250980, 0.254902, 0.254902, 0.231373, 0.243137, 0.274510, 0.270588, 0.266667, 0.286275, 0.286275, 0.301961, 0.286275, 0.282353, 0.254902, 0.262745, 0.235294, 0.223529, 0.223529, 0.215686, 0.192157, 0.172549, 0.196078, 0.196078, 0.203922, 0.223529, 0.203922, 0.207843, 0.196078, 0.211765, 0.203922, 0.211765, 0.180392, 0.192157, 0.172549, 0.200000, 0.203922, 0.184314, 0.203922, 0.196078, 0.192157, 0.203922, 0.215686, 0.168627, 0.188235, 0.211765, 0.188235, 0.200000, 0.184314, 0.180392, 0.184314, 0.180392, 0.180392, 0.180392, 0.176471, 0.188235, 0.188235, 0.176471, 0.168627, 0.176471, 0.188235, 0.172549, 0.164706, 0.152941, 0.164706, 0.168627, 0.164706, 0.152941, 0.164706, 0.156863, 0.156863, 0.149020, 0.164706, 0.164706, 0.164706, 0.149020, 0.168627, 0.168627, 0.156863, 0.168627, 0.164706, 0.164706, 0.156863, 0.156863, 0.164706, 0.168627, 0.156863, 0.156863, 0.156863, 0.156863, 0.156863, 0.176471, 0.227451, 0.231373, 0.254902, 0.227451, 0.243137, 0.250980, 0.266667, 0.258824, 0.235294, 0.262745, 0.270588, 0.274510, 0.274510, 0.286275, 0.290196, 0.274510, 0.266667, 0.270588, 0.254902, 0.231373, 0.227451, 0.235294, 0.196078, 0.203922, 0.203922, 0.203922, 0.192157, 0.203922, 0.211765, 0.188235, 0.192157, 0.227451, 0.192157, 0.188235, 0.207843, 0.207843, 0.200000, 0.200000, 0.203922, 0.192157, 0.196078, 0.196078, 0.192157, 0.207843, 0.180392, 0.203922, 0.196078, 0.203922, 0.203922, 0.180392, 0.188235, 0.192157, 0.184314, 0.188235, 0.188235, 0.192157, 0.180392, 0.192157, 0.188235, 0.180392, 0.176471, 0.192157, 0.180392, 0.184314, 0.184314, 0.180392, 0.176471, 0.156863, 0.180392, 0.160784, 0.188235, 0.164706, 0.137255, 0.164706, 0.156863, 0.172549, 0.149020, 0.160784, 0.160784, 0.168627, 0.160784, 0.152941, 0.172549, 0.168627, 0.160784, 0.156863, 0.160784, 0.152941, 0.164706, 0.152941, 0.149020, 0.160784, 0.156863, 0.172549, 0.172549, 0.160784, 0.219608, 0.200000, 0.215686, 0.239216, 0.219608, 0.258824, 0.243137, 0.258824, 0.274510, 0.274510, 0.270588, 0.282353, 0.266667, 0.270588, 0.278431, 0.282353, 0.274510, 0.250980, 0.250980, 0.239216, 0.223529, 0.227451, 0.211765, 0.200000, 0.203922, 0.203922, 0.200000, 0.200000, 0.200000, 0.203922, 0.196078, 0.235294, 0.203922, 0.192157, 0.207843, 0.203922, 0.196078, 0.192157, 0.211765, 0.168627, 0.200000, 0.200000, 0.192157, 0.160784, 0.192157, 0.223529, 0.196078, 0.196078, 0.203922, 0.196078, 0.200000, 0.192157, 0.188235, 0.184314, 0.188235, 0.200000, 0.172549, 0.164706, 0.184314, 0.188235, 0.180392, 0.172549, 0.176471, 0.176471, 0.176471, 0.168627, 0.168627, 0.188235, 0.192157, 0.160784, 0.172549, 0.156863, 0.156863, 0.160784, 0.149020, 0.152941, 0.160784, 0.160784, 0.156863, 0.156863, 0.176471, 0.160784, 0.149020, 0.160784, 0.164706, 0.156863, 0.160784, 0.152941, 0.149020, 0.152941, 0.164706, 0.156863, 0.164706, 0.152941, 0.176471, 0.172549, 0.184314, 0.227451, 0.262745, 0.239216, 0.247059, 0.207843, 0.243137, 0.250980, 0.231373, 0.274510, 0.262745, 0.266667, 0.270588, 0.254902, 0.274510, 0.282353, 0.262745, 0.286275, 0.247059, 0.231373, 0.223529, 0.219608, 0.219608, 0.196078, 0.192157, 0.200000, 0.172549, 0.203922, 0.196078, 0.200000, 0.156863, 0.200000, 0.188235, 0.203922, 0.207843, 0.192157, 0.200000, 0.164706, 0.176471, 0.192157, 0.192157, 0.192157, 0.200000, 0.203922, 0.196078, 0.200000, 0.188235, 0.184314, 0.192157, 0.180392, 0.192157, 0.192157, 0.192157, 0.192157, 0.180392, 0.192157, 0.192157, 0.180392, 0.184314, 0.176471, 0.180392, 0.184314, 0.180392, 0.188235, 0.192157, 0.180392, 0.160784, 0.180392, 0.156863, 0.172549, 0.156863, 0.141176, 0.160784, 0.160784, 0.164706, 0.176471, 0.160784, 0.156863, 0.141176, 0.156863, 0.156863, 0.160784, 0.160784, 0.164706, 0.156863, 0.160784, 0.156863, 0.160784, 0.156863, 0.156863, 0.156863, 0.156863, 0.156863, 0.156863, 0.152941, 0.156863, 0.239216, 0.231373, 0.227451, 0.239216, 0.254902, 0.239216, 0.231373, 0.211765, 0.247059, 0.250980, 0.294118, 0.278431, 0.286275, 0.278431, 0.274510, 0.278431, 0.266667, 0.258824, 0.250980, 0.231373, 0.219608, 0.215686, 0.188235, 0.200000, 0.207843, 0.188235, 0.203922, 0.223529, 0.184314, 0.196078, 0.192157, 0.200000, 0.239216, 0.207843, 0.200000, 0.207843, 0.200000, 0.192157, 0.184314, 0.188235, 0.184314, 0.192157, 0.200000, 0.164706, 0.184314, 0.188235, 0.200000, 0.192157, 0.192157, 0.184314, 0.172549, 0.184314, 0.184314, 0.168627, 0.184314, 0.196078, 0.184314, 0.180392, 0.180392, 0.180392, 0.184314, 0.180392, 0.180392, 0.172549, 0.176471, 0.145098, 0.164706, 0.164706, 0.172549, 0.168627, 0.180392, 0.196078, 0.160784, 0.156863, 0.164706, 0.152941, 0.160784, 0.168627, 0.168627, 0.145098, 0.164706, 0.168627, 0.160784, 0.156863, 0.164706, 0.152941, 0.156863, 0.152941, 0.156863, 0.164706, 0.145098, 0.156863, 0.156863, 0.156863, 0.141176, 0.152941, 0.219608, 0.239216, 0.227451, 0.239216, 0.227451, 0.239216, 0.243137, 0.239216, 0.258824, 0.270588, 0.270588, 0.294118, 0.278431, 0.274510, 0.278431, 0.274510, 0.290196, 0.278431, 0.270588, 0.227451, 0.219608, 0.180392, 0.207843, 0.180392, 0.203922, 0.196078, 0.200000, 0.247059, 0.200000, 0.192157, 0.203922, 0.203922, 0.200000, 0.203922, 0.196078, 0.211765, 0.192157, 0.196078, 0.180392, 0.192157, 0.196078, 0.196078, 0.192157, 0.184314, 0.184314, 0.188235, 0.196078, 0.192157, 0.172549, 0.180392, 0.176471, 0.184314, 0.176471, 0.192157, 0.192157, 0.180392, 0.188235, 0.184314, 0.152941, 0.176471, 0.188235, 0.172549, 0.164706, 0.184314, 0.172549, 0.156863, 0.188235, 0.176471, 0.164706, 0.152941, 0.168627, 0.160784, 0.160784, 0.145098, 0.160784, 0.152941, 0.160784, 0.156863, 0.152941, 0.152941, 0.160784, 0.156863, 0.156863, 0.164706, 0.149020, 0.164706, 0.149020, 0.145098, 0.156863, 0.164706, 0.156863, 0.156863, 0.168627, 0.156863, 0.152941, 0.172549, 0.219608, 0.227451, 0.239216, 0.227451, 0.235294, 0.243137, 0.227451, 0.254902, 0.262745, 0.262745, 0.270588, 0.278431, 0.290196, 0.266667, 0.313726, 0.274510, 0.262745, 0.258824, 0.250980, 0.247059, 0.215686, 0.203922, 0.200000, 0.200000, 0.215686, 0.176471, 0.196078, 0.188235, 0.188235, 0.172549, 0.192157, 0.203922, 0.203922, 0.196078, 0.203922, 0.192157, 0.200000, 0.192157, 0.188235, 0.188235, 0.184314, 0.192157, 0.192157, 0.192157, 0.188235, 0.184314, 0.192157, 0.203922, 0.184314, 0.176471, 0.180392, 0.188235, 0.184314, 0.192157, 0.196078, 0.176471, 0.184314, 0.184314, 0.180392, 0.180392, 0.176471, 0.184314, 0.168627, 0.176471, 0.184314, 0.180392, 0.211765, 0.176471, 0.172549, 0.168627, 0.160784, 0.168627, 0.164706, 0.176471, 0.152941, 0.156863, 0.160784, 0.152941, 0.152941, 0.156863, 0.156863, 0.152941, 0.156863, 0.160784, 0.152941, 0.149020, 0.145098, 0.152941, 0.156863, 0.156863, 0.152941, 0.160784, 0.164706, 0.152941, 0.149020, 0.152941, 0.247059, 0.223529, 0.231373, 0.235294, 0.231373, 0.235294, 0.274510, 0.262745, 0.266667, 0.254902, 0.278431, 0.258824, 0.290196, 0.270588, 0.290196, 0.274510, 0.266667, 0.254902, 0.247059, 0.231373, 0.215686, 0.200000, 0.203922, 0.203922, 0.203922, 0.203922, 0.203922, 0.200000, 0.192157, 0.200000, 0.196078, 0.207843, 0.192157, 0.196078, 0.200000, 0.192157, 0.184314, 0.200000, 0.200000, 0.219608, 0.192157, 0.192157, 0.188235, 0.192157, 0.196078, 0.192157, 0.192157, 0.200000, 0.200000, 0.192157, 0.156863, 0.184314, 0.172549, 0.184314, 0.192157, 0.192157, 0.184314, 0.180392, 0.184314, 0.180392, 0.172549, 0.176471, 0.168627, 0.168627, 0.164706, 0.176471, 0.164706, 0.172549, 0.168627, 0.164706, 0.164706, 0.160784, 0.164706, 0.168627, 0.176471, 0.160784, 0.160784, 0.172549, 0.160784, 0.156863, 0.164706, 0.168627, 0.168627, 0.164706, 0.160784, 0.152941, 0.149020, 0.152941, 0.149020, 0.149020, 0.156863, 0.137255, 0.156863, 0.152941, 0.156863, 0.156863, 0.219608, 0.219608, 0.243137, 0.231373, 0.239216, 0.231373, 0.243137, 0.254902, 0.258824, 0.270588, 0.270588, 0.270588, 0.278431, 0.282353, 0.274510, 0.266667, 0.266667, 0.258824, 0.215686, 0.231373, 0.223529, 0.247059, 0.219608, 0.207843, 0.200000, 0.203922, 0.200000, 0.203922, 0.196078, 0.168627, 0.207843, 0.203922, 0.207843, 0.192157, 0.160784, 0.196078, 0.196078, 0.196078, 0.192157, 0.188235, 0.192157, 0.176471, 0.149020, 0.196078, 0.192157, 0.192157, 0.196078, 0.184314, 0.192157, 0.172549, 0.184314, 0.192157, 0.192157, 0.172549, 0.192157, 0.192157, 0.196078, 0.184314, 0.176471, 0.172549, 0.180392, 0.176471, 0.172549, 0.168627, 0.164706, 0.164706, 0.172549, 0.176471, 0.168627, 0.164706, 0.160784, 0.160784, 0.164706, 0.156863, 0.164706, 0.164706, 0.168627, 0.164706, 0.152941, 0.156863, 0.156863, 0.129412, 0.160784, 0.145098, 0.152941, 0.156863, 0.137255, 0.145098, 0.149020, 0.141176, 0.156863, 0.137255, 0.156863, 0.152941, 0.160784, 0.152941, 0.215686, 0.203922, 0.219608, 0.239216, 0.239216, 0.254902, 0.250980, 0.258824, 0.262745, 0.274510, 0.266667, 0.262745, 0.266667, 0.349020, 0.301961, 0.262745, 0.270588, 0.254902, 0.235294, 0.235294, 0.211765, 0.196078, 0.200000, 0.203922, 0.203922, 0.196078, 0.203922, 0.196078, 0.200000, 0.192157, 0.196078, 0.203922, 0.200000, 0.200000, 0.192157, 0.192157, 0.188235, 0.196078, 0.196078, 0.188235, 0.192157, 0.188235, 0.180392, 0.184314, 0.188235, 0.192157, 0.192157, 0.188235, 0.227451, 0.192157, 0.192157, 0.200000, 0.192157, 0.192157, 0.188235, 0.176471, 0.188235, 0.196078, 0.200000, 0.184314, 0.172549, 0.172549, 0.168627, 0.168627, 0.180392, 0.172549, 0.168627, 0.168627, 0.168627, 0.172549, 0.168627, 0.164706, 0.160784, 0.149020, 0.160784, 0.164706, 0.160784, 0.160784, 0.160784, 0.141176, 0.156863, 0.160784, 0.156863, 0.145098, 0.160784, 0.156863, 0.141176, 0.152941, 0.156863, 0.152941, 0.156863, 0.149020, 0.156863, 0.152941, 0.156863, 0.141176, 0.223529, 0.223529, 0.215686, 0.239216, 0.231373, 0.254902, 0.250980, 0.266667, 0.250980, 0.262745, 0.317647, 0.290196, 0.278431, 0.282353, 0.298039, 0.278431, 0.274510, 0.192157, 0.239216, 0.227451, 0.215686, 0.203922, 0.200000, 0.207843, 0.184314, 0.207843, 0.215686, 0.192157, 0.203922, 0.196078, 0.200000, 0.250980, 0.180392, 0.180392, 0.192157, 0.196078, 0.196078, 0.203922, 0.176471, 0.180392, 0.176471, 0.192157, 0.192157, 0.192157, 0.192157, 0.184314, 0.184314, 0.203922, 0.192157, 0.180392, 0.188235, 0.192157, 0.184314, 0.180392, 0.192157, 0.184314, 0.180392, 0.176471, 0.176471, 0.172549, 0.168627, 0.164706, 0.164706, 0.168627, 0.180392, 0.180392, 0.145098, 0.168627, 0.156863, 0.168627, 0.176471, 0.156863, 0.168627, 0.156863, 0.160784, 0.156863, 0.152941, 0.156863, 0.152941, 0.152941, 0.156863, 0.141176, 0.152941, 0.152941, 0.156863, 0.156863, 0.152941, 0.152941, 0.156863, 0.156863, 0.145098, 0.149020, 0.160784, 0.152941, 0.145098, 0.152941, 0.207843, 0.203922, 0.192157, 0.239216, 0.239216, 0.239216, 0.243137, 0.247059, 0.254902, 0.247059, 0.211765, 0.278431, 0.278431, 0.278431, 0.282353, 0.258824, 0.262745, 0.180392, 0.231373, 0.235294, 0.203922, 0.207843, 0.203922, 0.207843, 0.192157, 0.200000, 0.200000, 0.203922, 0.207843, 0.196078, 0.184314, 0.219608, 0.192157, 0.192157, 0.188235, 0.188235, 0.192157, 0.192157, 0.200000, 0.203922, 0.184314, 0.192157, 0.192157, 0.196078, 0.188235, 0.180392, 0.192157, 0.172549, 0.196078, 0.188235, 0.215686, 0.192157, 0.192157, 0.200000, 0.192157, 0.188235, 0.180392, 0.188235, 0.180392, 0.180392, 0.172549, 0.172549, 0.168627, 0.184314, 0.176471, 0.168627, 0.164706, 0.172549, 0.168627, 0.164706, 0.168627, 0.168627, 0.164706, 0.156863, 0.160784, 0.160784, 0.149020, 0.160784, 0.160784, 0.152941, 0.160784, 0.149020, 0.152941, 0.160784, 0.160784, 0.145098, 0.149020, 0.152941, 0.149020, 0.156863, 0.152941, 0.152941, 0.149020, 0.149020, 0.152941, 0.152941, 0.203922, 0.247059, 0.219608, 0.235294, 0.247059, 0.235294, 0.250980, 0.247059, 0.274510, 0.258824, 0.250980, 0.270588, 0.274510, 0.270588, 0.286275, 0.247059, 0.250980, 0.250980, 0.235294, 0.223529, 0.215686, 0.203922, 0.231373, 0.200000, 0.196078, 0.200000, 0.180392, 0.203922, 0.196078, 0.188235, 0.203922, 0.203922, 0.192157, 0.188235, 0.192157, 0.184314, 0.200000, 0.188235, 0.184314, 0.188235, 0.184314, 0.188235, 0.188235, 0.196078, 0.188235, 0.180392, 0.184314, 0.172549, 0.203922, 0.192157, 0.192157, 0.192157, 0.184314, 0.188235, 0.184314, 0.176471, 0.160784, 0.176471, 0.172549, 0.180392, 0.188235, 0.180392, 0.172549, 0.168627, 0.168627, 0.172549, 0.164706, 0.168627, 0.164706, 0.168627, 0.168627, 0.160784, 0.164706, 0.156863, 0.152941, 0.160784, 0.152941, 0.160784, 0.160784, 0.160784, 0.152941, 0.160784, 0.168627, 0.152941, 0.156863, 0.152941, 0.152941, 0.152941, 0.149020, 0.149020, 0.145098, 0.152941, 0.145098, 0.149020, 0.160784, 0.156863, 0.207843, 0.243137, 0.239216, 0.235294, 0.247059, 0.243137, 0.250980, 0.258824, 0.254902, 0.254902, 0.262745, 0.270588, 0.274510, 0.274510, 0.262745, 0.266667, 0.262745, 0.215686, 0.239216, 0.243137, 0.200000, 0.203922, 0.203922, 0.203922, 0.184314, 0.215686, 0.196078, 0.192157, 0.200000, 0.196078, 0.196078, 0.176471, 0.192157, 0.203922, 0.184314, 0.196078, 0.180392, 0.196078, 0.192157, 0.188235, 0.180392, 0.192157, 0.188235, 0.196078, 0.180392, 0.200000, 0.160784, 0.176471, 0.180392, 0.180392, 0.192157, 0.192157, 0.176471, 0.180392, 0.176471, 0.192157, 0.168627, 0.172549, 0.172549, 0.176471, 0.176471, 0.180392, 0.172549, 0.172549, 0.176471, 0.168627, 0.164706, 0.160784, 0.160784, 0.164706, 0.168627, 0.160784, 0.160784, 0.156863, 0.149020, 0.149020, 0.152941, 0.188235, 0.145098, 0.145098, 0.145098, 0.168627, 0.172549, 0.156863, 0.156863, 0.160784, 0.156863, 0.156863, 0.149020, 0.152941, 0.156863, 0.152941, 0.149020, 0.152941, 0.156863, 0.156863, 0.203922, 0.254902, 0.254902, 0.223529, 0.239216, 0.239216, 0.247059, 0.258824, 0.250980, 0.274510, 0.305882, 0.262745, 0.254902, 0.274510, 0.266667, 0.266667, 0.262745, 0.243137, 0.215686, 0.219608, 0.192157, 0.227451, 0.200000, 0.184314, 0.188235, 0.200000, 0.192157, 0.188235, 0.211765, 0.188235, 0.196078, 0.196078, 0.203922, 0.203922, 0.203922, 0.184314, 0.196078, 0.192157, 0.200000, 0.184314, 0.184314, 0.188235, 0.196078, 0.180392, 0.188235, 0.188235, 0.188235, 0.176471, 0.192157, 0.176471, 0.180392, 0.168627, 0.172549, 0.172549, 0.184314, 0.172549, 0.172549, 0.180392, 0.172549, 0.180392, 0.180392, 0.176471, 0.192157, 0.176471, 0.168627, 0.164706, 0.168627, 0.164706, 0.160784, 0.160784, 0.164706, 0.164706, 0.164706, 0.156863, 0.156863, 0.145098, 0.152941, 0.156863, 0.160784, 0.141176, 0.152941, 0.164706, 0.219608, 0.156863, 0.152941, 0.145098, 0.149020, 0.149020, 0.145098, 0.156863, 0.149020, 0.145098, 0.156863, 0.152941, 0.156863, 0.152941, 0.207843, 0.215686, 0.231373, 0.239216, 0.223529, 0.227451, 0.250980, 0.266667, 0.258824, 0.258824, 0.262745, 0.266667, 0.282353, 0.278431, 0.278431, 0.262745, 0.262745, 0.235294, 0.223529, 0.219608, 0.227451, 0.207843, 0.200000, 0.203922, 0.192157, 0.192157, 0.200000, 0.180392, 0.168627, 0.192157, 0.207843, 0.180392, 0.192157, 0.176471, 0.200000, 0.192157, 0.184314, 0.200000, 0.164706, 0.184314, 0.192157, 0.180392, 0.200000, 0.192157, 0.192157, 0.192157, 0.184314, 0.168627, 0.192157, 0.184314, 0.188235, 0.180392, 0.180392, 0.176471, 0.180392, 0.180392, 0.184314, 0.160784, 0.180392, 0.180392, 0.164706, 0.164706, 0.180392, 0.172549, 0.164706, 0.168627, 0.160784, 0.164706, 0.168627, 0.160784, 0.156863, 0.156863, 0.156863, 0.152941, 0.156863, 0.180392, 0.160784, 0.156863, 0.152941, 0.156863, 0.152941, 0.156863, 0.160784, 0.160784, 0.152941, 0.152941, 0.149020, 0.145098, 0.152941, 0.152941, 0.156863, 0.152941, 0.133333, 0.156863, 0.152941, 0.160784, 0.211765, 0.223529, 0.227451, 0.223529, 0.223529, 0.243137, 0.239216, 0.247059, 0.250980, 0.247059, 0.266667, 0.254902, 0.270588, 0.274510, 0.270588, 0.262745, 0.250980, 0.250980, 0.227451, 0.207843, 0.211765, 0.203922, 0.196078, 0.200000, 0.200000, 0.196078, 0.196078, 0.192157, 0.192157, 0.196078, 0.203922, 0.196078, 0.184314, 0.188235, 0.184314, 0.192157, 0.196078, 0.192157, 0.188235, 0.196078, 0.180392, 0.172549, 0.196078, 0.180392, 0.180392, 0.184314, 0.184314, 0.192157, 0.184314, 0.184314, 0.180392, 0.184314, 0.172549, 0.172549, 0.180392, 0.180392, 0.180392, 0.168627, 0.180392, 0.180392, 0.164706, 0.180392, 0.176471, 0.152941, 0.168627, 0.164706, 0.160784, 0.156863, 0.156863, 0.164706, 0.168627, 0.164706, 0.152941, 0.180392, 0.164706, 0.156863, 0.160784, 0.156863, 0.156863, 0.145098, 0.156863, 0.156863, 0.160784, 0.160784, 0.152941, 0.145098, 0.145098, 0.149020, 0.152941, 0.164706, 0.152941, 0.145098, 0.145098, 0.160784, 0.149020, 0.152941, 0.223529, 0.250980, 0.254902, 0.227451, 0.207843, 0.239216, 0.239216, 0.243137, 0.254902, 0.258824, 0.262745, 0.262745, 0.270588, 0.274510, 0.270588, 0.258824, 0.250980, 0.239216, 0.235294, 0.223529, 0.203922, 0.203922, 0.207843, 0.196078, 0.184314, 0.180392, 0.200000, 0.192157, 0.200000, 0.200000, 0.207843, 0.192157, 0.200000, 0.188235, 0.200000, 0.188235, 0.200000, 0.184314, 0.188235, 0.203922, 0.180392, 0.180392, 0.192157, 0.184314, 0.184314, 0.192157, 0.192157, 0.172549, 0.176471, 0.184314, 0.184314, 0.188235, 0.168627, 0.176471, 0.180392, 0.180392, 0.180392, 0.188235, 0.192157, 0.176471, 0.168627, 0.160784, 0.184314, 0.172549, 0.160784, 0.152941, 0.176471, 0.168627, 0.156863, 0.156863, 0.164706, 0.164706, 0.156863, 0.160784, 0.152941, 0.160784, 0.141176, 0.160784, 0.156863, 0.160784, 0.145098, 0.152941, 0.145098, 0.176471, 0.152941, 0.149020, 0.149020, 0.145098, 0.156863, 0.152941, 0.160784, 0.152941, 0.152941, 0.137255, 0.164706, 0.152941, 0.211765, 0.231373, 0.250980, 0.231373, 0.227451, 0.243137, 0.258824, 0.243137, 0.250980, 0.250980, 0.254902, 0.262745, 0.270588, 0.266667, 0.278431, 0.254902, 0.250980, 0.247059, 0.235294, 0.215686, 0.207843, 0.203922, 0.203922, 0.207843, 0.156863, 0.192157, 0.196078, 0.200000, 0.184314, 0.188235, 0.188235, 0.196078, 0.196078, 0.196078, 0.196078, 0.192157, 0.188235, 0.188235, 0.192157, 0.188235, 0.203922, 0.184314, 0.180392, 0.180392, 0.188235, 0.192157, 0.152941, 0.192157, 0.180392, 0.188235, 0.184314, 0.188235, 0.184314, 0.176471, 0.188235, 0.192157, 0.180392, 0.180392, 0.164706, 0.168627, 0.172549, 0.172549, 0.160784, 0.172549, 0.176471, 0.156863, 0.176471, 0.172549, 0.145098, 0.152941, 0.156863, 0.156863, 0.156863, 0.168627, 0.164706, 0.156863, 0.156863, 0.145098, 0.156863, 0.156863, 0.152941, 0.160784, 0.156863, 0.152941, 0.137255, 0.152941, 0.149020, 0.152941, 0.152941, 0.156863, 0.152941, 0.152941, 0.152941, 0.152941, 0.156863, 0.149020, 0.219608, 0.227451, 0.219608, 0.223529, 0.219608, 0.223529, 0.247059, 0.247059, 0.243137, 0.250980, 0.270588, 0.278431, 0.282353, 0.270588, 0.258824, 0.282353, 0.294118, 0.254902, 0.231373, 0.211765, 0.203922, 0.200000, 0.235294, 0.211765, 0.168627, 0.196078, 0.192157, 0.192157, 0.200000, 0.192157, 0.192157, 0.188235, 0.180392, 0.192157, 0.192157, 0.176471, 0.188235, 0.192157, 0.192157, 0.188235, 0.200000, 0.192157, 0.184314, 0.188235, 0.196078, 0.207843, 0.180392, 0.172549, 0.168627, 0.184314, 0.180392, 0.176471, 0.176471, 0.180392, 0.176471, 0.180392, 0.184314, 0.172549, 0.180392, 0.176471, 0.176471, 0.176471, 0.168627, 0.164706, 0.164706, 0.176471, 0.168627, 0.168627, 0.164706, 0.168627, 0.164706, 0.160784, 0.156863, 0.156863, 0.156863, 0.164706, 0.149020, 0.149020, 0.149020, 0.152941, 0.149020, 0.152941, 0.156863, 0.152941, 0.145098, 0.149020, 0.145098, 0.145098, 0.152941, 0.152941, 0.152941, 0.149020, 0.156863, 0.152941, 0.14[0;31mE (23521) task_wdt: Task watchdog got triggered. The following tasks/users did not reset the watchdog in time:[0m
[0;31mE (23521) task_wdt:  - IDLE0 (CPU 0)[0m
[0;31mE (23521) task_wdt: Tasks currently running:[0m
[0;31mE (23521) task_wdt: CPU 0: tf_main[0m
[0;31mE (23521) task_wdt: CPU 1: IDLE1[0m
[0;31mE (23521) task_wdt: Print CPU 0 (current core) backtrace[0m


Backtrace: 0x400EFFE8:0x3FFB11B0 0x40084595:0x3FFB11E0 0x400D547E:0x3FFB6B60 0x400D606E:0x3FFB6B90 0x400D6DE1:0x3FFB6BC0 0x4000BD83:0x3FFB6BE0 0x4000182A:0x3FFB6C00 0x400D6A05:0x3FFB6C20 0x400D6DE1:0x3FFB6C40 0x40086E95:0x3FFB6C60 0x40086315:0x3FFB6C80 0x4008636A:0x3FFB6CA0 0x40086837:0x3FFB6CC0 0x400F6E0F:0x3FFB6CF0 0x400F67D9:0x3FFB6D10 0x400F8CDB:0x3FFB7030 0x400D8723:0x3FFB7080 0x400D8596:0x3FFB70A0 0x400D7FFA:0x3FFB70E0

1176, 0.152941, 0.196078, 0.223529, 0.227451, 0.227451, 0.223529, 0.231373, 0.235294, 0.243137, 0.247059, 0.254902, 0.235294, 0.250980, 0.266667, 0.270588, 0.262745, 0.250980, 0.250980, 0.227451, 0.231373, 0.200000, 0.192157, 0.203922, 0.196078, 0.192157, 0.188235, 0.176471, 0.164706, 0.207843, 0.207843, 0.180392, 0.192157, 0.188235, 0.203922, 0.196078, 0.192157, 0.180392, 0.188235, 0.196078, 0.188235, 0.192157, 0.172549, 0.184314, 0.145098, 0.180392, 0.180392, 0.184314, 0.192157, 0.188235, 0.188235, 0.200000, 0.168627, 0.192157, 0.180392, 0.172549, 0.172549, 0.176471, 0.180392, 0.168627, 0.172549, 0.176471, 0.176471, 0.176471, 0.160784, 0.168627, 0.168627, 0.168627, 0.164706, 0.172549, 0.164706, 0.152941, 0.164706, 0.160784, 0.156863, 0.149020, 0.145098, 0.152941, 0.149020, 0.145098, 0.149020, 0.145098, 0.145098, 0.141176, 0.160784, 0.149020, 0.160784, 0.152941, 0.152941, 0.152941, 0.152941, 0.145098, 0.145098, 0.149020, 0.149020, 0.160784, 0.152941, 0.149020, 0.196078, 0.188235, 0.219608, 0.223529, 0.239216, 0.235294, 0.239216, 0.231373, 0.247059, 0.262745, 0.254902, 0.258824, 0.266667, 0.247059, 0.270588, 0.247059, 0.270588, 0.223529, 0.223529, 0.211765, 0.215686, 0.188235, 0.184314, 0.196078, 0.188235, 0.184314, 0.192157, 0.200000, 0.188235, 0.196078, 0.184314, 0.184314, 0.188235, 0.180392, 0.184314, 0.184314, 0.184314, 0.200000, 0.176471, 0.188235, 0.188235, 0.188235, 0.188235, 0.188235, 0.188235, 0.176471, 0.184314, 0.184314, 0.188235, 0.176471, 0.184314, 0.184314, 0.184314, 0.176471, 0.188235, 0.168627, 0.172549, 0.203922, 0.176471, 0.192157, 0.172549, 0.168627, 0.160784, 0.168627, 0.164706, 0.152941, 0.164706, 0.180392, 0.164706, 0.168627, 0.172549, 0.164706, 0.160784, 0.160784, 0.145098, 0.156863, 0.172549, 0.145098, 0.152941, 0.160784, 0.152941, 0.152941, 0.156863, 0.156863, 0.156863, 0.152941, 0.152941, 0.156863, 0.152941, 0.152941, 0.156863, 0.152941, 0.149020, 0.152941, 0.152941, 0.145098, 0.215686, 0.239216, 0.239216, 0.215686, 0.227451, 0.235294, 0.231373, 0.243137, 0.243137, 0.250980, 0.262745, 0.258824, 0.266667, 0.270588, 0.254902, 0.270588, 0.262745, 0.223529, 0.227451, 0.223529, 0.203922, 0.200000, 0.192157, 0.196078, 0.188235, 0.184314, 0.192157, 0.188235, 0.180392, 0.188235, 0.192157, 0.207843, 0.180392, 0.200000, 0.180392, 0.180392, 0.192157, 0.176471, 0.180392, 0.184314, 0.192157, 0.196078, 0.168627, 0.196078, 0.176471, 0.180392, 0.184314, 0.164706, 0.188235, 0.168627, 0.149020, 0.192157, 0.176471, 0.188235, 0.176471, 0.168627, 0.168627, 0.180392, 0.168627, 0.172549, 0.172549, 0.180392, 0.168627, 0.168627, 0.168627, 0.156863, 0.160784, 0.164706, 0.164706, 0.152941, 0.184314, 0.156863, 0.145098, 0.152941, 0.145098, 0.156863, 0.152941, 0.145098, 0.156863, 0.156863, 0.152941, 0.172549, 0.156863, 0.149020, 0.156863, 0.164706, 0.145098, 0.152941, 0.152941, 0.133333, 0.160784, 0.149020, 0.145098, 0.149020, 0.152941, 0.152941, 0.219608, 0.227451, 0.227451, 0.239216, 0.235294, 0.219608, 0.231373, 0.227451, 0.247059, 0.243137, 0.254902, 0.254902, 0.266667, 0.278431, 0.250980, 0.250980, 0.231373, 0.247059, 0.223529, 0.215686, 0.207843, 0.196078, 0.192157, 0.192157, 0.192157, 0.184314, 0.192157, 0.188235, 0.184314, 0.192157, 0.192157, 0.203922, 0.180392, 0.184314, 0.188235, 0.184314, 0.180392, 0.180392, 0.192157, 0.192157, 0.192157, 0.196078, 0.180392, 0.180392, 0.180392, 0.176471, 0.164706, 0.176471, 0.180392, 0.188235, 0.180392, 0.180392, 0.176471, 0.172549, 0.180392, 0.172549, 0.188235, 0.172549, 0.180392, 0.152941, 0.176471, 0.172549, 0.168627, 0.156863, 0.188235, 0.168627, 0.168627, 0.156863, 0.164706, 0.156863, 0.156863, 0.152941, 0.164706, 0.156863, 0.149020, 0.160784, 0.152941, 0.145098, 0.156863, 0.160784, 0.168627, 0.156863, 0.149020, 0.149020, 0.149020, 0.156863, 0.145098, 0.149020, 0.156863, 0.149020, 0.152941, 0.149020, 0.152941, 0.160784, 0.149020, 0.156863, 0.215686, 0.215686, 0.219608, 0.235294, 0.211765, 0.211765, 0.254902, 0.250980, 0.235294, 0.254902, 0.250980, 0.258824, 0.266667, 0.270588, 0.262745, 0.262745, 0.250980, 0.235294, 0.227451, 0.211765, 0.180392, 0.192157, 0.200000, 0.160784, 0.192157, 0.196078, 0.180392, 0.188235, 0.203922, 0.188235, 0.184314, 0.176471, 0.172549, 0.188235, 0.184314, 0.184314, 0.184314, 0.196078, 0.188235, 0.184314, 0.184314, 0.192157, 0.180392, 0.180392, 0.180392, 0.184314, 0.192157, 0.180392, 0.180392, 0.176471, 0.176471, 0.180392, 0.176471, 0.180392, 0.219608, 0.176471, 0.188235, 0.168627, 0.180392, 0.156863, 0.172549, 0.172549, 0.176471, 0.168627, 0.164706, 0.168627, 0.160784, 0.168627, 0.164706, 0.156863, 0.152941, 0.152941, 0.145098, 0.152941, 0.145098, 0.152941, 0.156863, 0.152941, 0.152941, 0.137255, 0.149020, 0.149020, 0.149020, 0.156863, 0.152941, 0.156863, 0.152941, 0.145098, 0.160784, 0.145098, 0.141176, 0.141176, 0.152941, 0.133333, 0.149020, 0.145098, 0.207843, 0.215686, 0.219608, 0.219608, 0.227451, 0.223529, 0.239216, 0.239216, 0.254902, 0.278431, 0.282353, 0.266667, 0.266667, 0.262745, 0.258824, 0.262745, 0.250980, 0.250980, 0.215686, 0.223529, 0.203922, 0.211765, 0.188235, 0.172549, 0.203922, 0.184314, 0.196078, 0.184314, 0.172549, 0.196078, 0.180392, 0.200000, 0.168627, 0.211765, 0.192157, 0.180392, 0.192157, 0.219608, 0.184314, 0.188235, 0.203922, 0.184314, 0.215686, 0.200000, 0.184314, 0.184314, 0.184314, 0.192157, 0.176471, 0.200000, 0.184314, 0.168627, 0.172549, 0.180392, 0.176471, 0.168627, 0.168627, 0.180392, 0.172549, 0.188235, 0.164706, 0.145098, 0.164706, 0.168627, 0.160784, 0.164706, 0.168627, 0.152941, 0.156863, 0.145098, 0.156863, 0.160784, 0.149020, 0.145098, 0.160784, 0.152941, 0.152941, 0.152941, 0.141176, 0.145098, 0.149020, 0.160784, 0.145098, 0.152941, 0.137255, 0.152941, 0.149020, 0.145098, 0.156863, 0.141176, 0.152941, 0.141176, 0.149020, 0.149020, 0.133333, 0.145098, 0.203922, 0.215686, 0.227451, 0.231373, 0.188235, 0.235294, 0.227451, 0.203922, 0.250980, 0.243137, 0.282353, 0.254902, 0.278431, 0.266667, 0.266667, 0.258824, 0.250980, 0.243137, 0.219608, 0.215686, 0.180392, 0.203922, 0.192157, 0.192157, 0.250980, 0.192157, 0.196078, 0.180392, 0.180392, 0.192157, 0.184314, 0.184314, 0.196078, 0.188235, 0.184314, 0.180392, 0.180392, 0.180392, 0.180392, 0.200000, 0.188235, 0.192157, 0.180392, 0.172549, 0.176471, 0.180392, 0.180392, 0.180392, 0.188235, 0.176471, 0.168627, 0.176471, 0.172549, 0.168627, 0.172549, 0.168627, 0.168627, 0.180392, 0.168627, 0.172549, 0.172549, 0.160784, 0.168627, 0.172549, 0.164706, 0.164706, 0.164706, 0.164706, 0.156863, 0.156863, 0.160784, 0.156863, 0.141176, 0.152941, 0.160784, 0.156863, 0.149020, 0.145098, 0.145098, 0.152941, 0.200000, 0.152941, 0.152941, 0.152941, 0.145098, 0.141176, 0.145098, 0.152941, 0.152941, 0.145098, 0.145098, 0.149020, 0.156863, 0.156863, 0.133333, 0.145098, 0.200000, 0.215686, 0.207843, 0.211765, 0.227451, 0.223529, 0.250980, 0.235294, 0.243137, 0.231373, 0.254902, 0.258824, 0.254902, 0.254902, 0.250980, 0.250980, 0.243137, 0.239216, 0.227451, 0.211765, 0.203922, 0.196078, 0.180392, 0.192157, 0.188235, 0.192157, 0.196078, 0.196078, 0.203922, 0.188235, 0.192157, 0.196078, 0.192157, 0.180392, 0.192157, 0.203922, 0.176471, 0.176471, 0.152941, 0.196078, 0.196078, 0.184314, 0.168627, 0.200000, 0.176471, 0.184314, 0.172549, 0.180392, 0.180392, 0.184314, 0.168627, 0.180392, 0.168627, 0.180392, 0.168627, 0.184314, 0.156863, 0.160784, 0.152941, 0.168627, 0.129412, 0.172549, 0.172549, 0.168627, 0.160784, 0.164706, 0.160784, 0.160784, 0.160784, 0.156863, 0.152941, 0.152941, 0.156863, 0.160784, 0.152941, 0.152941, 0.152941, 0.156863, 0.164706, 0.156863, 0.152941, 0.156863, 0.149020, 0.152941, 0.149020, 0.152941, 0.149020, 0.152941, 0.160784, 0.156863, 0.145098, 0.152941, 0.149020, 0.145098, 0.137255, 0.149020, 0.262745, 0.200000, 0.215686, 0.207843, 0.247059, 0.247059, 0.211765, 0.270588, 0.243137, 0.231373, 0.247059, 0.262745, 0.254902, 0.211765, 0.250980, 0.247059, 0.250980, 0.247059, 0.235294, 0.215686, 0.180392, 0.203922, 0.184314, 0.196078, 0.192157, 0.188235, 0.196078, 0.200000, 0.172549, 0.192157, 0.188235, 0.188235, 0.192157, 0.196078, 0.188235, 0.188235, 0.180392, 0.188235, 0.188235, 0.164706, 0.192157, 0.184314, 0.180392, 0.192157, 0.184314, 0.184314, 0.180392, 0.180392, 0.160784, 0.180392, 0.168627, 0.180392, 0.184314, 0.160784, 0.192157, 0.172549, 0.176471, 0.168627, 0.133333, 0.168627, 0.168627, 0.172549, 0.168627, 0.168627, 0.164706, 0.152941, 0.156863, 0.168627, 0.156863, 0.152941, 0.164706, 0.156863, 0.149020, 0.145098, 0.145098, 0.156863, 0.149020, 0.129412, 0.149020, 0.152941, 0.156863, 0.156863, 0.152941, 0.145098, 0.156863, 0.149020, 0.149020, 0.152941, 0.149020, 0.16